epoch,train_loss
1,0.46172025488243496
2,0.14579765113614562
3,0.042103428176040805
4,0.04686806202501401
5,0.0726423774227136
6,0.0509026740194373
7,0.06187815492210807
8,0.020325161021013068
9,0.02532680630162609
10,0.007484030132302752
11,0.010247101392384467
12,0.01853822224305444
13,0.08721111173487563
14,0.015747510359356287
15,0.027198604247346967
16,0.05188747365033227
17,0.027709579678660334
18,0.012954712076609013
19,0.03703787399938467
20,0.032397589490875574
21,0.0007691592995450928
22,0.014380634719133175
23,0.051750520119082516
24,0.0017989568623574842
25,0.0005390330068140178
26,0.00027246673465057666
27,0.030643103764690236
28,0.00024106813254655085
29,0.030379620455652772
