task,condition,seed,events,positive_events,event_average_precision,event_roc_auc,event_brier,exploratory_cv_not_independent_final_test,note
next_biopsy_acr_high,original,1,484,8,0.034290049358898594,0.6980042016806722,0.01938981447806543,True,Pooled OOF ranking can differ from fold-wise ranking; use paired fold comparisons too.
next_biopsy_acr_high,original,11,484,8,0.02452649239961207,0.5301995798319328,0.02091755221085706,True,Pooled OOF ranking can differ from fold-wise ranking; use paired fold comparisons too.
next_biopsy_acr_high,original,21,484,8,0.02434537843934473,0.5141806722689075,0.028734256950669165,True,Pooled OOF ranking can differ from fold-wise ranking; use paired fold comparisons too.
next_biopsy_acr_high,original,31,484,8,0.016339791587995763,0.45798319327731096,0.022508004558162348,True,Pooled OOF ranking can differ from fold-wise ranking; use paired fold comparisons too.
next_biopsy_acr_high,original,41,484,8,0.019059772220834856,0.5404411764705883,0.030114250587262064,True,Pooled OOF ranking can differ from fold-wise ranking; use paired fold comparisons too.
next_biopsy_acr_high,he_geometry,1,484,8,0.02093900853909652,0.57484243697479,0.026903299625162868,True,Pooled OOF ranking can differ from fold-wise ranking; use paired fold comparisons too.
next_biopsy_acr_high,he_geometry,11,484,8,0.021922127524498524,0.6037289915966386,0.0253516850119325,True,Pooled OOF ranking can differ from fold-wise ranking; use paired fold comparisons too.
next_biopsy_acr_high,he_geometry,21,484,8,0.02526451891132267,0.5577731092436975,0.027607337183877343,True,Pooled OOF ranking can differ from fold-wise ranking; use paired fold comparisons too.
next_biopsy_acr_high,he_geometry,31,484,8,0.016565528336944153,0.4553571428571429,0.020441238470720796,True,Pooled OOF ranking can differ from fold-wise ranking; use paired fold comparisons too.
next_biopsy_acr_high,he_geometry,41,484,8,0.020469922297219396,0.5585609243697479,0.026224618621867073,True,Pooled OOF ranking can differ from fold-wise ranking; use paired fold comparisons too.
next_biopsy_amr,original,1,484,11,0.09223149471627365,0.7278493177013261,0.029565304657871702,True,Pooled OOF ranking can differ from fold-wise ranking; use paired fold comparisons too.
next_biopsy_amr,original,11,484,11,0.28570555189260993,0.743609456083029,0.020521049085278138,True,Pooled OOF ranking can differ from fold-wise ranking; use paired fold comparisons too.
next_biopsy_amr,original,21,484,11,0.2199693239231463,0.8106861426100327,0.022121524779146508,True,Pooled OOF ranking can differ from fold-wise ranking; use paired fold comparisons too.
next_biopsy_amr,original,31,484,11,0.16877807619437687,0.6974822217951182,0.02497990585527843,True,Pooled OOF ranking can differ from fold-wise ranking; use paired fold comparisons too.
next_biopsy_amr,original,41,484,11,0.17622596660263026,0.7197770517009418,0.022432043310352777,True,Pooled OOF ranking can differ from fold-wise ranking; use paired fold comparisons too.
next_biopsy_amr,he_geometry,1,484,11,0.10950324880224042,0.7341918124159138,0.023994544601278037,True,Pooled OOF ranking can differ from fold-wise ranking; use paired fold comparisons too.
next_biopsy_amr,he_geometry,11,484,11,0.16624177205704338,0.6467422640784163,0.022214887890905387,True,Pooled OOF ranking can differ from fold-wise ranking; use paired fold comparisons too.
next_biopsy_amr,he_geometry,21,484,11,0.19538674001469886,0.7311166634633864,0.022148644828858755,True,Pooled OOF ranking can differ from fold-wise ranking; use paired fold comparisons too.
next_biopsy_amr,he_geometry,31,484,11,0.19029566308714385,0.6953680568902556,0.022347632461832075,True,Pooled OOF ranking can differ from fold-wise ranking; use paired fold comparisons too.
next_biopsy_amr,he_geometry,41,484,11,0.2275488710095275,0.7568710359408034,0.020302239179265658,True,Pooled OOF ranking can differ from fold-wise ranking; use paired fold comparisons too.
next_biopsy_significant,original,1,484,19,0.03808011797669346,0.48160724391624227,0.06112547248357707,True,Pooled OOF ranking can differ from fold-wise ranking; use paired fold comparisons too.
next_biopsy_significant,original,11,484,19,0.07197387406622674,0.6246745897000565,0.064337648687327,True,Pooled OOF ranking can differ from fold-wise ranking; use paired fold comparisons too.
next_biopsy_significant,original,21,484,19,0.040826729392530715,0.48047538200339557,0.08429986207713205,True,Pooled OOF ranking can differ from fold-wise ranking; use paired fold comparisons too.
next_biopsy_significant,original,31,484,19,0.0749699554668734,0.5730616864742502,0.050685345507456576,True,Pooled OOF ranking can differ from fold-wise ranking; use paired fold comparisons too.
next_biopsy_significant,original,41,484,19,0.05583708147869365,0.5358234295415959,0.06271213661070194,True,Pooled OOF ranking can differ from fold-wise ranking; use paired fold comparisons too.
next_biopsy_significant,he_geometry,1,484,19,0.0395106193032181,0.4982456140350877,0.06547900729957791,True,Pooled OOF ranking can differ from fold-wise ranking; use paired fold comparisons too.
next_biopsy_significant,he_geometry,11,484,19,0.07203148187755459,0.6289756649688738,0.07325771303284107,True,Pooled OOF ranking can differ from fold-wise ranking; use paired fold comparisons too.
next_biopsy_significant,he_geometry,21,484,19,0.06744270879331779,0.4811544991511036,0.0806979460206512,True,Pooled OOF ranking can differ from fold-wise ranking; use paired fold comparisons too.
next_biopsy_significant,he_geometry,31,484,19,0.07482611565149123,0.6001131861912847,0.04842701408726767,True,Pooled OOF ranking can differ from fold-wise ranking; use paired fold comparisons too.
next_biopsy_significant,he_geometry,41,484,19,0.05606787218262827,0.5540464063384266,0.06507045156631094,True,Pooled OOF ranking can differ from fold-wise ranking; use paired fold comparisons too.
