event_id,case_id,label,probability,fold,threshold_fixed_0p5,prediction_fixed_0p5,threshold_inner_f1,prediction_inner_f1,threshold_inner_f2,prediction_inner_f2
S2026723,patient_19d05fccc0aac48d,0,2.119373675668612e-05,4,0.5,0,0.08321070671081543,0,0.010708755813539028,0
S2028920,patient_19d05fccc0aac48d,0,4.3788722337012587e-07,4,0.5,0,0.08321070671081543,0,0.010708755813539028,0
S2028924,patient_f7021d86b1e9f623,0,0.9907564520835876,4,0.5,1,0.08321070671081543,1,0.010708755813539028,1
S2107860,patient_895c9f3c4b1870d6,0,2.443237292482081e-07,4,0.5,0,0.08321070671081543,0,0.010708755813539028,0
S2128633,patient_895c9f3c4b1870d6,1,0.006743609439581633,4,0.5,0,0.08321070671081543,0,0.010708755813539028,0
S2129803,patient_331a649dfec3ede4,0,0.0009512705146335065,4,0.5,0,0.08321070671081543,0,0.010708755813539028,0
S2133162,patient_2b3a49d49419f139,0,0.0006798506365157664,4,0.5,0,0.08321070671081543,0,0.010708755813539028,0
S2134279,patient_895c9f3c4b1870d6,1,0.02860974334180355,4,0.5,0,0.08321070671081543,0,0.010708755813539028,1
S2140144,patient_331a649dfec3ede4,0,0.009062712080776691,4,0.5,0,0.08321070671081543,0,0.010708755813539028,0
S2140148,patient_ee9cd313a306b367,0,0.004425421357154846,4,0.5,0,0.08321070671081543,0,0.010708755813539028,0
S2141806,patient_7d29fcd258114554,0,4.5799069425811467e-07,4,0.5,0,0.08321070671081543,0,0.010708755813539028,0
S2141807,patient_895c9f3c4b1870d6,0,0.0005010981112718582,4,0.5,0,0.08321070671081543,0,0.010708755813539028,0
S2142820,patient_2b3a49d49419f139,0,0.00036898674443364143,4,0.5,0,0.08321070671081543,0,0.010708755813539028,0
S2143769,patient_7d29fcd258114554,0,0.0002422762627247721,4,0.5,0,0.08321070671081543,0,0.010708755813539028,0
S2148221,patient_895c9f3c4b1870d6,1,3.4005759061983554e-06,4,0.5,0,0.08321070671081543,0,0.010708755813539028,0
S2149393,patient_b824bfb064fb2de4,0,2.177355327148689e-06,4,0.5,0,0.08321070671081543,0,0.010708755813539028,0
S2149396,patient_7d29fcd258114554,0,0.0003736459475476295,4,0.5,0,0.08321070671081543,0,0.010708755813539028,0
S2152682,patient_b708165a33e7dbc1,0,0.00022711956989951432,4,0.5,0,0.08321070671081543,0,0.010708755813539028,0
S2154957,patient_7d29fcd258114554,0,0.0003940136812161654,4,0.5,0,0.08321070671081543,0,0.010708755813539028,0
S2154959,patient_2b3a49d49419f139,0,0.0004832906706724316,4,0.5,0,0.08321070671081543,0,0.010708755813539028,0
S2200310,patient_b824bfb064fb2de4,0,1.6926465832511894e-05,4,0.5,0,0.08321070671081543,0,0.010708755813539028,0
S2202565,patient_c85fe67257ac09be,0,0.008381451480090618,4,0.5,0,0.08321070671081543,0,0.010708755813539028,0
S2203734,patient_7d29fcd258114554,0,0.004477807320654392,4,0.5,0,0.08321070671081543,0,0.010708755813539028,0
S2205208,patient_895c9f3c4b1870d6,0,0.002598393242806196,4,0.5,0,0.08321070671081543,0,0.010708755813539028,0
S2206287,patient_b824bfb064fb2de4,0,0.0031519215553998947,4,0.5,0,0.08321070671081543,0,0.010708755813539028,0
S2206289,patient_69d6941869afda05,0,3.95604985214959e-07,4,0.5,0,0.08321070671081543,0,0.010708755813539028,0
S2207349,patient_c85fe67257ac09be,0,8.564163726987317e-05,4,0.5,0,0.08321070671081543,0,0.010708755813539028,0
S2209237,patient_2b3a49d49419f139,0,0.00042048198520205915,4,0.5,0,0.08321070671081543,0,0.010708755813539028,0
S2210202,patient_b824bfb064fb2de4,0,0.02625841274857521,4,0.5,0,0.08321070671081543,0,0.010708755813539028,1
S2210203,patient_7d29fcd258114554,0,0.0016527199186384678,4,0.5,0,0.08321070671081543,0,0.010708755813539028,0
S2210204,patient_c85fe67257ac09be,0,6.384539301507175e-05,4,0.5,0,0.08321070671081543,0,0.010708755813539028,0
S2210207,patient_331a649dfec3ede4,0,0.00017301211482845247,4,0.5,0,0.08321070671081543,0,0.010708755813539028,0
S2210209,patient_69d6941869afda05,1,0.00011205295595573261,4,0.5,0,0.08321070671081543,0,0.010708755813539028,0
S2214323,patient_69d6941869afda05,0,0.00216881325468421,4,0.5,0,0.08321070671081543,0,0.010708755813539028,0
S2214326,patient_4a9f4346155f3b62,0,1.1571371487661963e-06,4,0.5,0,0.08321070671081543,0,0.010708755813539028,0
S2216629,patient_4a9f4346155f3b62,0,0.00012194145529065281,4,0.5,0,0.08321070671081543,0,0.010708755813539028,0
S2216630,patient_c85fe67257ac09be,0,0.0002287185488967225,4,0.5,0,0.08321070671081543,0,0.010708755813539028,0
S2216631,patient_b824bfb064fb2de4,0,0.001568290521390736,4,0.5,0,0.08321070671081543,0,0.010708755813539028,0
S2219751,patient_69d6941869afda05,0,0.0015175784938037395,4,0.5,0,0.08321070671081543,0,0.010708755813539028,0
S2220918,patient_c85fe67257ac09be,0,5.552942457143217e-05,4,0.5,0,0.08321070671081543,0,0.010708755813539028,0
S2222063,patient_4a9f4346155f3b62,0,0.0017834760947152972,4,0.5,0,0.08321070671081543,0,0.010708755813539028,0
S2224010,patient_69d6941869afda05,0,0.0012855797540396452,4,0.5,0,0.08321070671081543,0,0.010708755813539028,0
S2227608,patient_c85fe67257ac09be,0,0.003536858828738332,4,0.5,0,0.08321070671081543,0,0.010708755813539028,0
S2228789,patient_1bb6673f07107d9c,0,0.0003557611780706793,4,0.5,0,0.08321070671081543,0,0.010708755813539028,0
S2231091,patient_1bb6673f07107d9c,0,0.00024562672479078174,4,0.5,0,0.08321070671081543,0,0.010708755813539028,0
S2232194,patient_69d6941869afda05,0,0.00881442055106163,4,0.5,0,0.08321070671081543,0,0.010708755813539028,0
S2234199,patient_1bb6673f07107d9c,0,0.04043137654662132,4,0.5,0,0.08321070671081543,0,0.010708755813539028,1
S2235319,patient_4a9f4346155f3b62,1,0.503616452217102,4,0.5,1,0.08321070671081543,1,0.010708755813539028,1
S2239522,patient_7d29fcd258114554,0,1.3832850243034045e-07,4,0.5,0,0.08321070671081543,0,0.010708755813539028,0
S2240726,patient_1bb6673f07107d9c,0,0.0004600787069648504,4,0.5,0,0.08321070671081543,0,0.010708755813539028,0
S2241560,patient_c85fe67257ac09be,0,0.0010877718450501561,4,0.5,0,0.08321070671081543,0,0.010708755813539028,0
S2241565,patient_69d6941869afda05,0,0.0011433095205575228,4,0.5,0,0.08321070671081543,0,0.010708755813539028,0
S2242499,patient_4a9f4346155f3b62,0,0.00019193594926036894,4,0.5,0,0.08321070671081543,0,0.010708755813539028,0
S2243621,patient_2f50930b460ea9d0,0,5.574626811721828e-06,4,0.5,0,0.08321070671081543,0,0.010708755813539028,0
S2244728,patient_2f50930b460ea9d0,0,4.8155976401176304e-05,4,0.5,0,0.08321070671081543,0,0.010708755813539028,0
S2253524,patient_69d6941869afda05,0,0.0003046350902877748,4,0.5,0,0.08321070671081543,0,0.010708755813539028,0
S2300363,patient_937267369badf303,0,2.5760043627087725e-06,4,0.5,0,0.08321070671081543,0,0.010708755813539028,0
S2308041,patient_2f50930b460ea9d0,0,0.24109496176242828,4,0.5,0,0.08321070671081543,1,0.010708755813539028,1
S2308043,patient_937267369badf303,0,0.0007856169249862432,4,0.5,0,0.08321070671081543,0,0.010708755813539028,0
S2311236,patient_1bb6673f07107d9c,0,0.0009127954836003482,4,0.5,0,0.08321070671081543,0,0.010708755813539028,0
S2312318,patient_4a9f4346155f3b62,0,0.060862280428409576,4,0.5,0,0.08321070671081543,0,0.010708755813539028,1
S2312323,patient_937267369badf303,0,0.000107318970549386,4,0.5,0,0.08321070671081543,0,0.010708755813539028,0
S2315839,patient_5ee21afd8d2dea4c,0,3.9908537585731096e-10,4,0.5,0,0.08321070671081543,0,0.010708755813539028,0
S2316899,patient_2f50930b460ea9d0,0,0.001144238980486989,4,0.5,0,0.08321070671081543,0,0.010708755813539028,0
S2318954,patient_5ee21afd8d2dea4c,0,0.00036141564487479627,4,0.5,0,0.08321070671081543,0,0.010708755813539028,0
S2319878,patient_937267369badf303,0,8.058811363298446e-05,4,0.5,0,0.08321070671081543,0,0.010708755813539028,0
S2325144,patient_5ee21afd8d2dea4c,0,9.689247235655785e-05,4,0.5,0,0.08321070671081543,0,0.010708755813539028,0
S2327689,patient_e918692d7c80e65c,0,6.073092663427815e-05,4,0.5,0,0.08321070671081543,0,0.010708755813539028,0
S2330980,patient_e918692d7c80e65c,0,1.4008412108523771e-05,4,0.5,0,0.08321070671081543,0,0.010708755813539028,0
S2330987,patient_2f50930b460ea9d0,0,0.007592786569148302,4,0.5,0,0.08321070671081543,0,0.010708755813539028,0
S2330988,patient_5ee21afd8d2dea4c,0,0.00027214447618462145,4,0.5,0,0.08321070671081543,0,0.010708755813539028,0
S2337812,patient_e918692d7c80e65c,0,0.0038775356952100992,4,0.5,0,0.08321070671081543,0,0.010708755813539028,0
S2338782,patient_5ee21afd8d2dea4c,0,2.4242423023679294e-05,4,0.5,0,0.08321070671081543,0,0.010708755813539028,0
S2342016,patient_e918692d7c80e65c,0,0.001900471281260252,4,0.5,0,0.08321070671081543,0,0.010708755813539028,0
S2345468,patient_4af3110fd801b611,0,9.912881068885326e-06,4,0.5,0,0.08321070671081543,0,0.010708755813539028,0
S2352429,patient_79f0ef3e7f376fdb,0,2.065351736746379e-06,4,0.5,0,0.08321070671081543,0,0.010708755813539028,0
S2353995,patient_4af3110fd801b611,0,4.417482341523282e-05,4,0.5,0,0.08321070671081543,0,0.010708755813539028,0
S2401283,patient_f96b1f74a7f01e5a,0,0.0001254524104297161,4,0.5,0,0.08321070671081543,0,0.010708755813539028,0
S2402481,patient_4af3110fd801b611,0,0.00027777263312600553,4,0.5,0,0.08321070671081543,0,0.010708755813539028,0
S2403700,patient_f96b1f74a7f01e5a,0,3.8892380871402565e-07,4,0.5,0,0.08321070671081543,0,0.010708755813539028,0
S2406038,patient_79f0ef3e7f376fdb,0,3.219780353447277e-08,4,0.5,0,0.08321070671081543,0,0.010708755813539028,0
S2408484,patient_f96b1f74a7f01e5a,0,1.4558871725967037e-06,4,0.5,0,0.08321070671081543,0,0.010708755813539028,0
S2408486,patient_4af3110fd801b611,0,3.31948212988209e-05,4,0.5,0,0.08321070671081543,0,0.010708755813539028,0
S2408854,patient_5ee21afd8d2dea4c,0,0.0010764049366116524,4,0.5,0,0.08321070671081543,0,0.010708755813539028,0
S2409390,patient_79f0ef3e7f376fdb,0,0.010663622990250587,4,0.5,0,0.08321070671081543,0,0.010708755813539028,0
S2409391,patient_718a20df543bc4dd,0,8.242768672062084e-07,4,0.5,0,0.08321070671081543,0,0.010708755813539028,0
S2410460,patient_718a20df543bc4dd,0,4.6974109864095226e-05,4,0.5,0,0.08321070671081543,0,0.010708755813539028,0
S2410463,patient_f96b1f74a7f01e5a,0,0.00052740698447451,4,0.5,0,0.08321070671081543,0,0.010708755813539028,0
S2412060,patient_4af3110fd801b611,0,3.4523555125787198e-09,4,0.5,0,0.08321070671081543,0,0.010708755813539028,0
S2412725,patient_718a20df543bc4dd,0,1.3096847396809608e-05,4,0.5,0,0.08321070671081543,0,0.010708755813539028,0
S2413340,patient_ecb730efd06bee78,0,2.7398934676625686e-08,4,0.5,0,0.08321070671081543,0,0.010708755813539028,0
S2413768,patient_79f0ef3e7f376fdb,0,1.138288189395098e-05,4,0.5,0,0.08321070671081543,0,0.010708755813539028,0
S2414950,patient_f96b1f74a7f01e5a,0,2.7848034989119697e-08,4,0.5,0,0.08321070671081543,0,0.010708755813539028,0
S2415070,patient_718a20df543bc4dd,0,3.0163441806507763e-06,4,0.5,0,0.08321070671081543,0,0.010708755813539028,0
S2420602,patient_4af3110fd801b611,0,7.746087067062035e-05,4,0.5,0,0.08321070671081543,0,0.010708755813539028,0
S2424259,patient_718a20df543bc4dd,0,4.0882275698095327e-07,4,0.5,0,0.08321070671081543,0,0.010708755813539028,0
S2429676,patient_4af3110fd801b611,0,5.682515507032804e-07,4,0.5,0,0.08321070671081543,0,0.010708755813539028,0
S2429677,patient_f96b1f74a7f01e5a,0,7.752214870038188e-09,4,0.5,0,0.08321070671081543,0,0.010708755813539028,0
S2431862,patient_79f0ef3e7f376fdb,0,6.785699042666238e-07,4,0.5,0,0.08321070671081543,0,0.010708755813539028,0
S2436454,patient_bdc3f4ebb82da82e,0,1.9856862820688548e-07,4,0.5,0,0.08321070671081543,0,0.010708755813539028,0
S2436457,patient_f96b1f74a7f01e5a,0,3.5838643270835746e-06,4,0.5,0,0.08321070671081543,0,0.010708755813539028,0
S2437882,patient_bdc3f4ebb82da82e,0,9.220691936207004e-06,4,0.5,0,0.08321070671081543,0,0.010708755813539028,0
S2503127,patient_bdc3f4ebb82da82e,0,5.426436837296933e-05,4,0.5,0,0.08321070671081543,0,0.010708755813539028,0
S2504721,patient_718a20df543bc4dd,0,0.0005712101119570434,4,0.5,0,0.08321070671081543,0,0.010708755813539028,0
S2506960,patient_bdc3f4ebb82da82e,0,5.065434379503131e-06,4,0.5,0,0.08321070671081543,0,0.010708755813539028,0
S2506966,patient_4610d334819bbd61,0,3.506138455122709e-05,4,0.5,0,0.08321070671081543,0,0.010708755813539028,0
S2508630,patient_70289ea84b1dd193,0,7.422162298098556e-07,4,0.5,0,0.08321070671081543,0,0.010708755813539028,0
S2509420,patient_4610d334819bbd61,0,3.1392125947604654e-06,4,0.5,0,0.08321070671081543,0,0.010708755813539028,0
S2511006,patient_70289ea84b1dd193,0,4.071900434610143e-07,4,0.5,0,0.08321070671081543,0,0.010708755813539028,0
S2511009,patient_d7b8077abb2db045,0,1.5810331888133078e-06,4,0.5,0,0.08321070671081543,0,0.010708755813539028,0
S2512685,patient_d7b8077abb2db045,0,1.5112952496565413e-05,4,0.5,0,0.08321070671081543,0,0.010708755813539028,0
S2513846,patient_4610d334819bbd61,0,4.515451479392141e-08,4,0.5,0,0.08321070671081543,0,0.010708755813539028,0
S2513848,patient_70289ea84b1dd193,0,1.6483897979924222e-07,4,0.5,0,0.08321070671081543,0,0.010708755813539028,0
S2516970,patient_bdc3f4ebb82da82e,0,1.782342877731935e-07,4,0.5,0,0.08321070671081543,0,0.010708755813539028,0
S2520402,patient_d7b8077abb2db045,0,0.005354778841137886,4,0.5,0,0.08321070671081543,0,0.010708755813539028,0
S2524760,patient_70289ea84b1dd193,0,0.00045547934132628143,4,0.5,0,0.08321070671081543,0,0.010708755813539028,0
S2524777,patient_a73e0921802886c1,0,4.619668743544025e-06,4,0.5,0,0.08321070671081543,0,0.010708755813539028,0
S2525436,patient_d7b8077abb2db045,0,0.0022159437648952007,4,0.5,0,0.08321070671081543,0,0.010708755813539028,0
S2530981,patient_d7b8077abb2db045,0,0.00023639846767764539,4,0.5,0,0.08321070671081543,0,0.010708755813539028,0
S2531989,patient_70289ea84b1dd193,0,3.776152152568102e-05,4,0.5,0,0.08321070671081543,0,0.010708755813539028,0
