event_id,case_id,label,role
S1952033,patient_bcb7482156d628d4,1,fit
S2015087,patient_12246dc5c38ef515,0,fit
S2023420,patient_c36c6085637e7294,0,fit
S2025604,patient_d0ac17aca0bf514d,0,fit
S2026719,patient_c3e63af2007e7042,1,fit
S2028921,patient_d0ac17aca0bf514d,0,fit
S2028924,patient_f7021d86b1e9f623,0,fit
S2102543,patient_886cef649f01f586,0,fit
S2107860,patient_895c9f3c4b1870d6,0,fit
S2108730,patient_2999b7afa4f16b6d,0,fit
S2108731,patient_d8e20f6cc2cd90d6,0,fit
S2128633,patient_895c9f3c4b1870d6,1,fit
S2129801,patient_dfafa5c41a0ad944,0,fit
S2129802,patient_0cf9d90c530cbd0b,0,fit
S2129803,patient_331a649dfec3ede4,0,fit
S2130897,patient_2999b7afa4f16b6d,0,fit
S2133154,patient_29c1ec61f11c3c6d,0,fit
S2133157,patient_d772dd268706e1cf,0,fit
S2133158,patient_98877b8b3d3e8763,0,fit
S2134279,patient_895c9f3c4b1870d6,1,fit
S2135431,patient_0cf9d90c530cbd0b,0,fit
S2135432,patient_d8e20f6cc2cd90d6,0,fit
S2140144,patient_331a649dfec3ede4,0,fit
S2140147,patient_98877b8b3d3e8763,0,fit
S2140148,patient_ee9cd313a306b367,0,fit
S2141805,patient_0cf9d90c530cbd0b,0,fit
S2141806,patient_7d29fcd258114554,0,fit
S2141807,patient_895c9f3c4b1870d6,0,fit
S2142816,patient_aca1fffca0191542,0,fit
S2142818,patient_d8e20f6cc2cd90d6,0,fit
S2142821,patient_29c1ec61f11c3c6d,0,fit
S2143765,patient_0e7d27760a108f4e,0,fit
S2143766,patient_dd7e0e39c92e25b4,0,fit
S2143767,patient_2999b7afa4f16b6d,0,fit
S2143769,patient_7d29fcd258114554,0,fit
S2144967,patient_dfafa5c41a0ad944,0,fit
S2144972,patient_c6c209e2aecc9280,0,fit
S2147205,patient_98877b8b3d3e8763,0,fit
S2148221,patient_895c9f3c4b1870d6,1,fit
S2149393,patient_b824bfb064fb2de4,0,fit
S2149394,patient_0cf9d90c530cbd0b,0,fit
S2149396,patient_7d29fcd258114554,0,fit
S2150490,patient_d772dd268706e1cf,0,fit
S2150492,patient_78e356d1740b4e11,0,fit
S2150494,patient_dd7e0e39c92e25b4,0,fit
S2151614,patient_8a989ce38f711fa1,0,fit
S2152682,patient_b708165a33e7dbc1,0,fit
S2154954,patient_23ee3df4f656b033,0,fit
S2154957,patient_7d29fcd258114554,0,fit
S2154958,patient_8a989ce38f711fa1,0,fit
S2154963,patient_dd7e0e39c92e25b4,0,fit
S2156020,patient_29c1ec61f11c3c6d,0,fit
S2156022,patient_0cf9d90c530cbd0b,0,fit
S2200309,patient_886cef649f01f586,0,fit
S2200310,patient_b824bfb064fb2de4,0,fit
S2201380,patient_98877b8b3d3e8763,0,fit
S2202563,patient_23ee3df4f656b033,0,fit
S2202565,patient_c85fe67257ac09be,0,fit
S2202568,patient_8a989ce38f711fa1,0,fit
S2202569,patient_3fc4b14a03335d7f,0,fit
S2203734,patient_7d29fcd258114554,0,fit
S2203735,patient_dd7e0e39c92e25b4,0,fit
S2203737,patient_d772dd268706e1cf,0,fit
S2203739,patient_3fc4b14a03335d7f,0,fit
S2205208,patient_895c9f3c4b1870d6,0,fit
S2206286,patient_3fc4b14a03335d7f,0,fit
S2206287,patient_b824bfb064fb2de4,0,fit
S2206289,patient_69d6941869afda05,0,fit
S2207349,patient_c85fe67257ac09be,0,fit
S2207350,patient_8a989ce38f711fa1,0,fit
S2207352,patient_23ee3df4f656b033,0,fit
S2208365,patient_fe8ccc87e7ab7c65,0,fit
S2209229,patient_dfafa5c41a0ad944,0,fit
S2209230,patient_5485a267cc6293c7,0,fit
S2210199,patient_0cf9d90c530cbd0b,0,fit
S2210200,patient_dd7e0e39c92e25b4,0,fit
S2210201,patient_fe8ccc87e7ab7c65,0,fit
S2210202,patient_b824bfb064fb2de4,0,fit
S2210203,patient_7d29fcd258114554,0,fit
S2210204,patient_c85fe67257ac09be,0,fit
S2210205,patient_29c1ec61f11c3c6d,0,fit
S2210207,patient_331a649dfec3ede4,0,fit
S2210209,patient_69d6941869afda05,1,fit
S2211179,patient_aca1fffca0191542,0,fit
S2211180,patient_98877b8b3d3e8763,0,fit
S2212213,patient_cafa503bd84738e6,0,fit
S2212215,patient_3fc4b14a03335d7f,0,fit
S2213274,patient_8a989ce38f711fa1,0,fit
S2213276,patient_23ee3df4f656b033,0,fit
S2214323,patient_69d6941869afda05,0,fit
S2214326,patient_4a9f4346155f3b62,0,fit
S2215449,patient_cafa503bd84738e6,0,fit
S2215451,patient_fe8ccc87e7ab7c65,0,fit
S2215453,patient_d772dd268706e1cf,0,fit
S2216629,patient_4a9f4346155f3b62,0,fit
S2216630,patient_c85fe67257ac09be,0,fit
S2216631,patient_b824bfb064fb2de4,0,fit
S2217673,patient_3fc4b14a03335d7f,0,fit
S2219751,patient_69d6941869afda05,0,fit
S2219754,patient_cafa503bd84738e6,0,fit
S2220918,patient_c85fe67257ac09be,0,fit
S2222062,patient_8a989ce38f711fa1,0,fit
S2222063,patient_4a9f4346155f3b62,0,fit
S2222064,patient_23ee3df4f656b033,0,fit
S2222833,patient_3840f67f21017b79,0,fit
S2224007,patient_0cf9d90c530cbd0b,0,fit
S2224008,patient_cafa503bd84738e6,0,fit
S2224010,patient_69d6941869afda05,0,fit
S2225223,patient_3840f67f21017b79,0,fit
S2225224,patient_3fc4b14a03335d7f,0,fit
S2225226,patient_98877b8b3d3e8763,0,fit
S2226375,patient_fe8ccc87e7ab7c65,0,fit
S2227604,patient_26f6ecd90ed41f9d,0,fit
S2227608,patient_c85fe67257ac09be,0,fit
S2228787,patient_c37c171d859fe24a,0,fit
S2229536,patient_78e356d1740b4e11,0,fit
S2229537,patient_503148ddee5b72e0,0,fit
S2229969,patient_dd7e0e39c92e25b4,0,fit
S2229971,patient_3840f67f21017b79,0,fit
S2232190,patient_c9e9f5e0f0aab167,0,fit
S2232193,patient_cafa503bd84738e6,0,fit
S2232194,patient_69d6941869afda05,0,fit
S2233278,patient_fe8ccc87e7ab7c65,0,fit
S2233279,patient_2c0945e38263a664,0,fit
S2234197,patient_c9e9f5e0f0aab167,0,fit
S2234198,patient_23ee3df4f656b033,0,fit
S2234200,patient_8a989ce38f711fa1,0,fit
S2235317,patient_3840f67f21017b79,0,fit
S2235318,patient_2c0945e38263a664,0,fit
S2235319,patient_4a9f4346155f3b62,1,fit
S2235518,patient_5a68de4c65c56662,0,fit
S2236494,patient_c37c171d859fe24a,0,fit
S2237601,patient_503148ddee5b72e0,0,fit
S2237603,patient_572b285c8223738a,0,fit
S2238299,patient_5a68de4c65c56662,0,fit
S2239522,patient_7d29fcd258114554,0,fit
S2239524,patient_c9e9f5e0f0aab167,0,fit
S2239525,patient_cafa503bd84738e6,0,fit
S2240720,patient_3fc4b14a03335d7f,0,fit
S2240724,patient_dd7e0e39c92e25b4,0,fit
S2241560,patient_c85fe67257ac09be,0,fit
S2241563,patient_3840f67f21017b79,0,fit
S2241565,patient_69d6941869afda05,0,fit
S2242499,patient_4a9f4346155f3b62,0,fit
S2242500,patient_5a68de4c65c56662,0,fit
S2243621,patient_2f50930b460ea9d0,0,fit
S2243622,patient_c9e9f5e0f0aab167,0,fit
S2243826,patient_26f6ecd90ed41f9d,0,fit
S2244728,patient_2f50930b460ea9d0,0,fit
S2244729,patient_c37c171d859fe24a,0,fit
S2246785,patient_2c0945e38263a664,0,fit
S2246786,patient_5a68de4c65c56662,0,fit
S2247858,patient_fe8ccc87e7ab7c65,0,fit
S2248983,patient_8a989ce38f711fa1,0,fit
S2248986,patient_23ee3df4f656b033,0,fit
S2250152,patient_3840f67f21017b79,0,fit
S2251247,patient_c37c171d859fe24a,0,fit
S2251250,patient_c9e9f5e0f0aab167,0,fit
S2251251,patient_f4a709d12cad57f1,0,fit
S2253524,patient_69d6941869afda05,0,fit
S2253525,patient_f4a709d12cad57f1,0,fit
S2253527,patient_cafa503bd84738e6,0,fit
S2253529,patient_ab45843e8e5c5823,0,fit
S2254659,patient_2c0945e38263a664,0,fit
S2254886,patient_5a68de4c65c56662,0,fit
S2300361,patient_ab45843e8e5c5823,0,fit
S2300363,patient_937267369badf303,0,fit
S2302643,patient_26f6ecd90ed41f9d,0,fit
S2302644,patient_c37c171d859fe24a,0,fit
S2304561,patient_e6981a9104ac664d,0,fit
S2306015,patient_ab45843e8e5c5823,0,fit
S2306848,patient_4a2bd6cb3f9d710c,0,fit
S2307080,patient_e6981a9104ac664d,0,fit
S2308039,patient_fe8ccc87e7ab7c65,0,fit
S2308041,patient_2f50930b460ea9d0,0,fit
S2308042,patient_3840f67f21017b79,0,fit
S2308043,patient_937267369badf303,0,fit
S2308044,patient_f4a709d12cad57f1,0,fit
S2308045,patient_2c0945e38263a664,0,fit
S2310074,patient_4a2bd6cb3f9d710c,0,fit
S2310079,patient_ab45843e8e5c5823,0,fit
S2310080,patient_26f6ecd90ed41f9d,0,fit
S2311238,patient_e6981a9104ac664d,0,fit
S2312317,patient_cafa503bd84738e6,0,fit
S2312318,patient_4a9f4346155f3b62,0,fit
S2312320,patient_503148ddee5b72e0,0,fit
S2312323,patient_937267369badf303,0,fit
S2313436,patient_c37c171d859fe24a,0,fit
S2314590,patient_110e1e825f43e305,0,fit
S2314591,patient_ad7be783b5ff7f03,0,fit
S2315838,patient_4a2bd6cb3f9d710c,0,fit
S2315839,patient_5ee21afd8d2dea4c,0,fit
S2315841,patient_ab45843e8e5c5823,0,fit
S2316899,patient_2f50930b460ea9d0,0,fit
S2316900,patient_ad7be783b5ff7f03,0,fit
S2318025,patient_f4a709d12cad57f1,0,fit
S2318026,patient_110e1e825f43e305,0,fit
S2318954,patient_5ee21afd8d2dea4c,0,fit
S2318956,patient_2c0945e38263a664,1,fit
S2319878,patient_937267369badf303,0,fit
S2320992,patient_71a52624c9074da6,0,fit
S2323102,patient_3840f67f21017b79,0,fit
S2323104,patient_4a2bd6cb3f9d710c,0,fit
S2323107,patient_26f6ecd90ed41f9d,0,fit
S2323108,patient_6d8c27caf7586f64,0,fit
S2323112,patient_e6981a9104ac664d,0,fit
S2325142,patient_71a52624c9074da6,0,fit
S2325143,patient_ab45843e8e5c5823,0,fit
S2325144,patient_5ee21afd8d2dea4c,0,fit
S2326329,patient_c37c171d859fe24a,0,fit
S2326332,patient_6d8c27caf7586f64,0,fit
S2327485,patient_503148ddee5b72e0,0,fit
S2327486,patient_110e1e825f43e305,0,fit
S2329754,patient_0349492572c92ab0,0,fit
S2329756,patient_ad7be783b5ff7f03,0,fit
S2330982,patient_6d8c27caf7586f64,0,fit
S2330985,patient_71a52624c9074da6,0,fit
S2330986,patient_e6981a9104ac664d,0,fit
S2330987,patient_2f50930b460ea9d0,0,fit
S2330988,patient_5ee21afd8d2dea4c,0,fit
S2332142,patient_2c0945e38263a664,0,fit
S2332143,patient_0349492572c92ab0,0,fit
S2332144,patient_a533d77edf530d7d,0,fit
S2333273,patient_aca1fffca0191542,0,fit
S2333274,patient_f4a709d12cad57f1,0,fit
S2334384,patient_5ad31502c2708b1a,0,fit
S2334385,patient_110e1e825f43e305,0,fit
S2334386,patient_a533d77edf530d7d,0,fit
S2336494,patient_71a52624c9074da6,0,fit
S2338781,patient_5ad31502c2708b1a,0,fit
S2338782,patient_5ee21afd8d2dea4c,0,fit
S2338784,patient_c9e9f5e0f0aab167,0,fit
S2338786,patient_a533d77edf530d7d,0,fit
S2339819,patient_780d5b318208b01a,0,fit
S2339820,patient_ab45843e8e5c5823,0,fit
S2340935,patient_110e1e825f43e305,0,fit
S2342677,patient_5ad31502c2708b1a,0,fit
S2342914,patient_0349492572c92ab0,0,fit
S2343314,patient_a533d77edf530d7d,0,fit
S2344458,patient_71a52624c9074da6,0,fit
S2344461,patient_e6981a9104ac664d,0,fit
S2345468,patient_4af3110fd801b611,0,fit
S2346179,patient_a533d77edf530d7d,0,fit
S2348398,patient_a533d77edf530d7d,0,fit
S2349547,patient_f4a709d12cad57f1,0,fit
S2350728,patient_46cfa1714c823433,0,fit
S2351751,patient_ab45843e8e5c5823,0,fit
S2352429,patient_79f0ef3e7f376fdb,0,fit
S2352825,patient_a533d77edf530d7d,0,fit
S2352827,patient_71a52624c9074da6,0,fit
S2353995,patient_4af3110fd801b611,0,fit
S2353996,patient_110e1e825f43e305,0,fit
S2353999,patient_46cfa1714c823433,0,fit
S2400070,patient_c18ca7616a5ad1b6,0,fit
S2401283,patient_f96b1f74a7f01e5a,0,fit
S2402481,patient_4af3110fd801b611,0,fit
S2402482,patient_e6981a9104ac664d,0,fit
S2402484,patient_a533d77edf530d7d,0,fit
S2403700,patient_f96b1f74a7f01e5a,0,fit
S2404885,patient_d82abebcfaf082f8,0,fit
S2405217,patient_c18ca7616a5ad1b6,0,fit
S2406038,patient_79f0ef3e7f376fdb,0,fit
S2406264,patient_ead6420f83248981,0,fit
S2406753,patient_780d5b318208b01a,0,fit
S2406755,patient_4a2bd6cb3f9d710c,0,fit
S2407939,patient_ead6420f83248981,0,fit
S2407941,patient_d82abebcfaf082f8,0,fit
S2408482,patient_c18ca7616a5ad1b6,0,fit
S2408484,patient_f96b1f74a7f01e5a,0,fit
S2408486,patient_4af3110fd801b611,0,fit
S2408854,patient_5ee21afd8d2dea4c,0,fit
S2409390,patient_79f0ef3e7f376fdb,0,fit
S2409391,patient_718a20df543bc4dd,0,fit
S2409392,patient_ead6420f83248981,0,fit
S2410453,patient_110e1e825f43e305,0,fit
S2410458,patient_ad7be783b5ff7f03,0,fit
S2410460,patient_718a20df543bc4dd,0,fit
S2410463,patient_f96b1f74a7f01e5a,0,fit
S2411029,patient_f73f7e4dab64291c,0,fit
S2412060,patient_4af3110fd801b611,0,fit
S2412061,patient_c18ca7616a5ad1b6,0,fit
S2412713,patient_ead6420f83248981,0,fit
S2412725,patient_718a20df543bc4dd,0,fit
S2413768,patient_79f0ef3e7f376fdb,0,fit
S2414950,patient_f96b1f74a7f01e5a,0,fit
S2414954,patient_c18ca7616a5ad1b6,0,fit
S2414957,patient_46cfa1714c823433,0,fit
S2415070,patient_718a20df543bc4dd,0,fit
S2415689,patient_4ab30837cfd3692a,0,fit
S2415690,patient_f73f7e4dab64291c,0,fit
S2417717,patient_4ab30837cfd3692a,0,fit
S2419850,patient_f73f7e4dab64291c,0,fit
S2420602,patient_4af3110fd801b611,0,fit
S2420603,patient_a533d77edf530d7d,0,fit
S2420604,patient_c2ec040a2ccee825,0,fit
S2421437,patient_7b8c5e3e158230df,0,fit
S2422844,patient_d82abebcfaf082f8,0,fit
S2422845,patient_c2ec040a2ccee825,0,fit
S2423616,patient_780d5b318208b01a,0,fit
S2423619,patient_46cfa1714c823433,0,fit
S2424255,patient_7b8c5e3e158230df,0,fit
S2424258,patient_9801877d2987cc96,0,fit
S2424259,patient_718a20df543bc4dd,0,fit
S2425034,patient_f73f7e4dab64291c,0,fit
S2425843,patient_f78d4288245eabd8,0,fit
S2426615,patient_7b8c5e3e158230df,0,fit
S2427695,patient_f78d4288245eabd8,0,fit
S2429062,patient_1d9bc9798ff5fad2,0,fit
S2429676,patient_4af3110fd801b611,0,fit
S2429677,patient_f96b1f74a7f01e5a,0,fit
S2431862,patient_79f0ef3e7f376fdb,0,fit
S2433344,patient_1f1d5d53d578938e,0,fit
S2433346,patient_4ab30837cfd3692a,0,fit
S2434134,patient_c18ca7616a5ad1b6,0,fit
S2434571,patient_33180b505ac426fd,0,fit
S2434915,patient_1d9bc9798ff5fad2,0,fit
S2434918,patient_26aacc71cff347a1,0,fit
S2434919,patient_1f1d5d53d578938e,0,fit
S2435689,patient_e21a88b284b1508e,0,fit
S2436453,patient_f78d4288245eabd8,0,fit
S2436454,patient_bdc3f4ebb82da82e,0,fit
S2436457,patient_f96b1f74a7f01e5a,0,fit
S2437280,patient_e21a88b284b1508e,0,fit
S2437882,patient_bdc3f4ebb82da82e,0,fit
S2500522,patient_1f1d5d53d578938e,0,fit
S2501300,patient_1d9bc9798ff5fad2,0,fit
S2501301,patient_33180b505ac426fd,0,fit
S2501777,patient_e21a88b284b1508e,0,fit
S2502090,patient_c2ec040a2ccee825,0,fit
S2503127,patient_bdc3f4ebb82da82e,0,fit
S2503128,patient_33180b505ac426fd,0,fit
S2503983,patient_1f1d5d53d578938e,0,fit
S2504720,patient_f78d4288245eabd8,0,fit
S2504721,patient_718a20df543bc4dd,0,fit
S2505506,patient_4ab30837cfd3692a,0,fit
S2505507,patient_1d9bc9798ff5fad2,0,fit
S2506960,patient_bdc3f4ebb82da82e,0,fit
S2506966,patient_4610d334819bbd61,0,fit
S2507799,patient_1f1d5d53d578938e,0,fit
S2508630,patient_70289ea84b1dd193,0,fit
S2509420,patient_4610d334819bbd61,0,fit
S2511006,patient_70289ea84b1dd193,0,fit
S2511008,patient_33180b505ac426fd,0,fit
S2511009,patient_d7b8077abb2db045,0,fit
S2511010,patient_c2ec040a2ccee825,0,fit
S2511859,patient_1f1d5d53d578938e,0,fit
S2512685,patient_d7b8077abb2db045,0,fit
S2513846,patient_4610d334819bbd61,0,fit
S2513848,patient_70289ea84b1dd193,0,fit
S2515598,patient_33180b505ac426fd,0,fit
S2516970,patient_bdc3f4ebb82da82e,0,fit
S2516971,patient_1d9bc9798ff5fad2,0,fit
S2520402,patient_d7b8077abb2db045,0,fit
S2520404,patient_c2ec040a2ccee825,0,fit
S2521240,patient_33180b505ac426fd,0,fit
S2522980,patient_1f1d5d53d578938e,0,fit
S2524760,patient_70289ea84b1dd193,0,fit
S2524777,patient_a73e0921802886c1,0,fit
S2525436,patient_d7b8077abb2db045,0,fit
S2527323,patient_88518ae12a01280d,0,fit
S2528218,patient_1d9bc9798ff5fad2,0,fit
S2529112,patient_f78d4288245eabd8,0,fit
S2530063,patient_7fb8c2b1e117173f,0,fit
S2530981,patient_d7b8077abb2db045,0,fit
S2530985,patient_9665aa8b62656cf9,0,fit
S2530991,patient_88518ae12a01280d,0,fit
S2531985,patient_9665aa8b62656cf9,0,fit
S2531989,patient_70289ea84b1dd193,0,fit
S2533022,patient_7fb8c2b1e117173f,0,fit
S2535840,patient_88518ae12a01280d,0,fit
S1940316,patient_7ff6d1678a27a551,1,stop
S2026723,patient_19d05fccc0aac48d,0,stop
S2028920,patient_19d05fccc0aac48d,0,stop
S2039743,patient_2e5d461d7873e6f4,0,stop
S2130898,patient_2e5d461d7873e6f4,0,stop
S2132028,patient_61128f527d32178f,0,stop
S2135430,patient_005b214a5e658965,0,stop
S2136522,patient_7ea5ec2f6c847fc5,0,stop
S2138905,patient_5d35983cfd191fff,0,stop
S2142815,patient_2e5d461d7873e6f4,0,stop
S2144966,patient_61128f527d32178f,0,stop
S2144969,patient_5d35983cfd191fff,0,stop
S2147204,patient_c78561b4938dbb4c,0,stop
S2148219,patient_7ea5ec2f6c847fc5,0,stop
S2149398,patient_005b214a5e658965,0,stop
S2150493,patient_c78561b4938dbb4c,0,stop
S2202564,patient_30b34f698447ae86,0,stop
S2205211,patient_5d35983cfd191fff,0,stop
S2206288,patient_30b34f698447ae86,0,stop
S2207353,patient_7ea5ec2f6c847fc5,0,stop
S2208362,patient_441646021a546773,0,stop
S2208404,patient_42421b21c776ccc1,0,stop
S2209232,patient_30b34f698447ae86,0,stop
S2209236,patient_c78561b4938dbb4c,0,stop
S2210206,patient_441646021a546773,0,stop
S2214324,patient_30b34f698447ae86,0,stop
S2215450,patient_c78561b4938dbb4c,0,stop
S2215454,patient_441646021a546773,0,stop
S2216605,patient_5d35983cfd191fff,0,stop
S2219753,patient_441646021a546773,0,stop
S2220927,patient_30b34f698447ae86,0,stop
S2222945,patient_71270218daad69ca,0,stop
S2226370,patient_441646021a546773,0,stop
S2227621,patient_30b34f698447ae86,0,stop
S2235315,patient_441646021a546773,0,stop
S2241564,patient_30b34f698447ae86,0,stop
S2241828,patient_07f9942bff0e9697,0,stop
S2244727,patient_2e5d461d7873e6f4,0,stop
S2244730,patient_c78561b4938dbb4c,0,stop
S2245753,patient_37a67c1ae4e8ad43,0,stop
S2248988,patient_441646021a546773,0,stop
S2251252,patient_37a67c1ae4e8ad43,0,stop
S2253528,patient_2e5d461d7873e6f4,0,stop
S2300331,patient_30b34f698447ae86,0,stop
S2300360,patient_37a67c1ae4e8ad43,0,stop
S2304560,patient_37a67c1ae4e8ad43,0,stop
S2306850,patient_441646021a546773,0,stop
S2311235,patient_2e5d461d7873e6f4,0,stop
S2314588,patient_37a67c1ae4e8ad43,0,stop
S2322861,patient_441646021a546773,0,stop
S2326330,patient_30b34f698447ae86,0,stop
S2327689,patient_e918692d7c80e65c,0,stop
S2327690,patient_d48fc489086a470f,0,stop
S2328623,patient_37a67c1ae4e8ad43,0,stop
S2330980,patient_e918692d7c80e65c,0,stop
S2330983,patient_d48fc489086a470f,0,stop
S2330984,patient_dd2e6df63e5c36b4,0,stop
S2334388,patient_dd2e6df63e5c36b4,0,stop
S2334411,patient_71270218daad69ca,0,stop
S2336496,patient_d48fc489086a470f,0,stop
S2337812,patient_e918692d7c80e65c,0,stop
S2338783,patient_dd2e6df63e5c36b4,0,stop
S2342016,patient_e918692d7c80e65c,0,stop
S2343311,patient_dd2e6df63e5c36b4,0,stop
S2343312,patient_d48fc489086a470f,0,stop
S2344462,patient_f1bc2d6d2b5c3421,0,stop
S2346543,patient_37a67c1ae4e8ad43,0,stop
S2347457,patient_f1bc2d6d2b5c3421,0,stop
S2350730,patient_d48fc489086a470f,1,stop
S2352826,patient_f1bc2d6d2b5c3421,0,stop
S2403702,patient_f1bc2d6d2b5c3421,0,stop
S2406754,patient_d4019523cc8c8335,0,stop
S2407940,patient_dd2e6df63e5c36b4,0,stop
S2408480,patient_d4019523cc8c8335,0,stop
S2408481,patient_37a67c1ae4e8ad43,0,stop
S2409928,patient_f1bc2d6d2b5c3421,0,stop
S2411030,patient_d4019523cc8c8335,0,stop
S2412714,patient_d48fc489086a470f,0,stop
S2415692,patient_f1bc2d6d2b5c3421,0,stop
S2418586,patient_e430ff1077ac4267,0,stop
S2419119,patient_d4019523cc8c8335,0,stop
S2421430,patient_dd2e6df63e5c36b4,0,stop
S2421434,patient_e430ff1077ac4267,0,stop
S2429064,patient_e430ff1077ac4267,0,stop
S2430053,patient_d4019523cc8c8335,0,stop
S2431864,patient_e430ff1077ac4267,0,stop
S2435852,patient_3a8355eba1c06de9,0,stop
S2436456,patient_e430ff1077ac4267,0,stop
S2502092,patient_e430ff1077ac4267,0,stop
S2521239,patient_6e852ae1e67cc6a5,0,stop
S2522994,patient_6e852ae1e67cc6a5,0,stop
S2526362,patient_6e852ae1e67cc6a5,0,stop
S2530049,patient_6e852ae1e67cc6a5,0,stop
S1818746,patient_0e0a62c163c44d2b,1,test
S1940063,patient_deef732d6ff00a78,0,test
S2015922,patient_f5bca2eea3be8059,0,test
S2028919,patient_f5bca2eea3be8059,0,test
S2032124,patient_3b33f0c3a0f54d90,0,test
S2043434,patient_fc51a062525b3f86,0,test
S2047227,patient_3b33f0c3a0f54d90,0,test
S2111062,patient_9b81a2766f087b27,0,test
S2114402,patient_9b81a2766f087b27,0,test
S2119964,patient_9b81a2766f087b27,0,test
S2130900,patient_fc51a062525b3f86,0,test
S2133159,patient_d66d976aaae8f399,0,test
S2133162,patient_2b3a49d49419f139,0,test
S2134277,patient_31c1f5ecc6982b2b,1,test
S2135429,patient_d66d976aaae8f399,0,test
S2135433,patient_31c1f5ecc6982b2b,0,test
S2140143,patient_b2bad17607c44f10,0,test
S2140145,patient_d66d976aaae8f399,0,test
S2141808,patient_fee157011de45399,0,test
S2142820,patient_2b3a49d49419f139,0,test
S2142838,patient_31c1f5ecc6982b2b,0,test
S2143764,patient_d66d976aaae8f399,0,test
S2144970,patient_fc51a062525b3f86,0,test
S2148220,patient_fee157011de45399,0,test
S2149397,patient_4cb9dbad2d74486f,0,test
S2150495,patient_9b81a2766f087b27,0,test
S2151616,patient_4cb9dbad2d74486f,0,test
S2153833,patient_ae0f85572ff16638,0,test
S2154955,patient_fee157011de45399,0,test
S2154959,patient_2b3a49d49419f139,0,test
S2202567,patient_d66d976aaae8f399,0,test
S2205207,patient_fee157011de45399,0,test
S2207462,patient_437c15068dd69e36,0,test
S2209234,patient_9b81a2766f087b27,0,test
S2209237,patient_2b3a49d49419f139,0,test
S2211181,patient_4cb9dbad2d74486f,0,test
S2213275,patient_d66d976aaae8f399,0,test
S2214325,patient_fee157011de45399,0,test
S2222061,patient_228507d0242d624c,0,test
S2225225,patient_228507d0242d624c,0,test
S2226371,patient_4cb9dbad2d74486f,0,test
S2226376,patient_fee157011de45399,0,test
S2227605,patient_d074d89175786c47,0,test
S2228788,patient_d66d976aaae8f399,0,test
S2228789,patient_1bb6673f07107d9c,0,test
S2228790,patient_e9984333ac68159c,0,test
S2231089,patient_d074d89175786c47,0,test
S2231090,patient_31c1f5ecc6982b2b,0,test
S2231091,patient_1bb6673f07107d9c,0,test
S2232191,patient_e9984333ac68159c,0,test
S2232192,patient_228507d0242d624c,0,test
S2234199,patient_1bb6673f07107d9c,0,test
S2236493,patient_e9984333ac68159c,0,test
S2236496,patient_d074d89175786c47,0,test
S2239521,patient_4cb9dbad2d74486f,0,test
S2239523,patient_fee157011de45399,0,test
S2240726,patient_1bb6673f07107d9c,0,test
S2241562,patient_228507d0242d624c,0,test
S2242501,patient_d074d89175786c47,0,test
S2247859,patient_e9984333ac68159c,0,test
S2247860,patient_228507d0242d624c,1,test
S2250149,patient_93ac78fffd137473,0,test
S2250151,patient_d074d89175786c47,0,test
S2252333,patient_228507d0242d624c,0,test
S2304564,patient_d074d89175786c47,0,test
S2306847,patient_228507d0242d624c,0,test
S2306849,patient_0941abb556cbec79,0,test
S2309075,patient_0941abb556cbec79,0,test
S2310075,patient_7e13e7a4752983ed,0,test
S2311234,patient_ae0f85572ff16638,0,test
S2311236,patient_1bb6673f07107d9c,0,test
S2312322,patient_7e13e7a4752983ed,0,test
S2313440,patient_e9984333ac68159c,0,test
S2313664,patient_0941abb556cbec79,0,test
S2315840,patient_d074d89175786c47,0,test
S2315844,patient_7e13e7a4752983ed,0,test
S2319879,patient_0941abb556cbec79,0,test
S2320991,patient_7e13e7a4752983ed,0,test
S2320993,patient_228507d0242d624c,1,test
S2327489,patient_d074d89175786c47,0,test
S2329753,patient_93ac78fffd137473,0,test
S2334389,patient_0941abb556cbec79,0,test
S2347458,patient_0941abb556cbec79,0,test
S2406040,patient_0941abb556cbec79,0,test
S2409389,patient_897fc368fe7593b2,0,test
S2410451,patient_897fc368fe7593b2,0,test
S2413340,patient_ecb730efd06bee78,0,test
S2413342,patient_897fc368fe7593b2,0,test
S2413769,patient_d4c07874dec8cc11,0,test
S2414955,patient_897fc368fe7593b2,0,test
S2416977,patient_1db7fb03763dab37,0,test
S2419848,patient_897fc368fe7593b2,0,test
S2419849,patient_6e23f91caa098b84,0,test
S2420601,patient_1db7fb03763dab37,0,test
S2422139,patient_6e23f91caa098b84,0,test
S2423618,patient_1db7fb03763dab37,0,test
S2424250,patient_897fc368fe7593b2,0,test
S2426614,patient_d4c07874dec8cc11,0,test
S2427693,patient_6e23f91caa098b84,0,test
S2429063,patient_1db7fb03763dab37,0,test
S2431866,patient_897fc368fe7593b2,0,test
S2433341,patient_1db7fb03763dab37,0,test
S2433342,patient_6e23f91caa098b84,0,test
S2434133,patient_d4c07874dec8cc11,0,test
S2437880,patient_6e23f91caa098b84,0,test
S2504719,patient_897fc368fe7593b2,0,test
S2505508,patient_d4c07874dec8cc11,0,test
S2506961,patient_6e23f91caa098b84,0,test
S2506967,patient_f02086679c6d7438,0,test
S2508631,patient_f02086679c6d7438,0,test
S2511007,patient_f02086679c6d7438,0,test
S2513847,patient_1db7fb03763dab37,0,test
