task,seed,events,positive_events,auroc,pr_auc,sensitivity,specificity,balanced_accuracy
acr_high,1,578,17,0.9109782950613401,0.49727747268956324,0.5882352941176471,0.9803921568627451,0.7843137254901961
acr_high,11,578,17,0.912970535807906,0.3829210435326275,0.47058823529411764,0.9857397504456328,0.7281639928698752
acr_high,21,578,17,0.8827723602810108,0.553714781015136,0.5294117647058824,0.9928698752228164,0.7611408199643495
acr_high,31,578,17,0.9199958058089546,0.466719425504331,0.4117647058823529,0.982174688057041,0.696969696969697
acr_high,41,578,17,0.8959840620740274,0.39815529776082326,0.47058823529411764,0.9893048128342246,0.7299465240641712
amr_positive,1,578,19,0.9064118256284719,0.2790427303741764,0.5789473684210527,0.9266547406082289,0.7528010545146409
amr_positive,11,578,19,0.872705018359853,0.3529206762950901,0.5263157894736842,0.9302325581395349,0.7282741738066095
amr_positive,21,578,19,0.7798700687317579,0.3633082391837166,0.47368421052631576,0.9803220035778175,0.7270031070520666
amr_positive,31,578,19,0.798418228038791,0.25606130312534453,0.42105263157894735,0.9677996422182469,0.6944261368985971
amr_positive,41,578,19,0.8069861594953394,0.3023845453511462,0.42105263157894735,0.9588550983899821,0.6899538649844648
significant_rejection,1,578,36,0.7948954489544895,0.2946095785314084,0.5,0.9354243542435424,0.7177121771217712
significant_rejection,11,578,36,0.8503485034850349,0.3809410991611686,0.4722222222222222,0.9538745387453874,0.7130483804838048
significant_rejection,21,578,36,0.8622898728987289,0.39778712807575506,0.4444444444444444,0.9612546125461254,0.7028495284952849
significant_rejection,31,578,36,0.787310373103731,0.355397319185469,0.4444444444444444,0.9298892988929889,0.6871668716687167
significant_rejection,41,578,36,0.7792640426404264,0.28072055823383685,0.4444444444444444,0.9280442804428044,0.6862443624436244
