event_id,probability,slide_count,case_id,label,seed
S1617719,0.9936540126800537,1,patient_b23d492122e26e1e,1,21
S1742935,0.9965910911560059,1,patient_d6cfcefaa656e6ae,1,21
S1818746,0.26200650942822296,3,patient_0e0a62c163c44d2b,1,21
S1919367,0.9925628304481506,1,patient_716d0609504bd61c,1,21
S1940063,0.999842643737793,1,patient_deef732d6ff00a78,0,21
S1940316,0.9789196252822876,1,patient_7ff6d1678a27a551,1,21
S1952033,0.022374944761395454,1,patient_bcb7482156d628d4,1,21
S2015087,0.0024945845313292616,3,patient_12246dc5c38ef515,0,21
S2015922,0.1694044852629304,3,patient_f5bca2eea3be8059,0,21
S2023420,0.00043177921907044947,1,patient_c36c6085637e7294,0,21
S2025604,0.03224314283579588,3,patient_d0ac17aca0bf514d,0,21
S2026719,0.02865884080529213,1,patient_c3e63af2007e7042,1,21
S2026723,0.011957131452315176,3,patient_19d05fccc0aac48d,0,21
S2028919,0.3240509933481614,3,patient_f5bca2eea3be8059,0,21
S2028920,0.03435552570347985,3,patient_19d05fccc0aac48d,0,21
S2028921,0.08517517521977425,3,patient_d0ac17aca0bf514d,0,21
S2028924,0.29092732071876526,1,patient_f7021d86b1e9f623,0,21
S2032124,0.3239997327327728,1,patient_3b33f0c3a0f54d90,0,21
S2039743,0.0016247273864185747,6,patient_2e5d461d7873e6f4,0,21
S2043434,0.0003439075032171483,3,patient_fc51a062525b3f86,0,21
S2047227,0.2109231660142541,3,patient_3b33f0c3a0f54d90,0,21
S2102543,0.02367237047292292,2,patient_886cef649f01f586,0,21
S2107860,0.0034655132330954075,3,patient_895c9f3c4b1870d6,0,21
S2108730,0.0027099084109067917,1,patient_2999b7afa4f16b6d,0,21
S2108731,0.004343308042734861,1,patient_d8e20f6cc2cd90d6,0,21
S2111062,0.853141983350118,3,patient_9b81a2766f087b27,0,21
S2114402,0.1253431886434555,1,patient_9b81a2766f087b27,0,21
S2119964,0.572374681631724,3,patient_9b81a2766f087b27,0,21
S2128633,0.18482212722301483,2,patient_895c9f3c4b1870d6,1,21
S2129801,0.0010443026549182832,3,patient_dfafa5c41a0ad944,0,21
S2129802,0.004607060186875363,3,patient_0cf9d90c530cbd0b,0,21
S2129803,0.010088615119457245,1,patient_331a649dfec3ede4,0,21
S2130897,0.19783496856689453,1,patient_2999b7afa4f16b6d,0,21
S2130898,0.027238331735134125,1,patient_2e5d461d7873e6f4,0,21
S2130900,0.0007406792719848454,1,patient_fc51a062525b3f86,0,21
S2132028,0.0035121676046401262,1,patient_61128f527d32178f,0,21
S2133154,0.1113961860537529,1,patient_29c1ec61f11c3c6d,0,21
S2133157,0.011637781746685505,1,patient_d772dd268706e1cf,0,21
S2133158,0.002187742618843913,1,patient_98877b8b3d3e8763,0,21
S2133159,0.1507376537968715,3,patient_d66d976aaae8f399,0,21
S2133162,0.00493687205016613,1,patient_2b3a49d49419f139,0,21
S2134277,0.9070444107055664,1,patient_31c1f5ecc6982b2b,1,21
S2134279,0.19184398651123047,1,patient_895c9f3c4b1870d6,1,21
S2135429,0.004986044019460678,1,patient_d66d976aaae8f399,0,21
S2135430,0.0019926270470023155,1,patient_005b214a5e658965,0,21
S2135431,0.01564767397940159,1,patient_0cf9d90c530cbd0b,0,21
S2135432,0.0017471511382609606,1,patient_d8e20f6cc2cd90d6,0,21
S2135433,0.3374354839324951,1,patient_31c1f5ecc6982b2b,0,21
S2136522,0.03249437265549204,2,patient_7ea5ec2f6c847fc5,0,21
S2138905,0.02263638563454151,2,patient_5d35983cfd191fff,0,21
S2140143,0.0075131189078092575,1,patient_b2bad17607c44f10,0,21
S2140144,0.0046332357451319695,1,patient_331a649dfec3ede4,0,21
S2140145,0.005039048846811056,1,patient_d66d976aaae8f399,0,21
S2140147,0.06806820631027222,1,patient_98877b8b3d3e8763,0,21
S2140148,0.011247647926211357,1,patient_ee9cd313a306b367,0,21
S2141805,0.02524266205728054,1,patient_0cf9d90c530cbd0b,0,21
S2141806,0.0008585777589663243,3,patient_7d29fcd258114554,0,21
S2141807,0.010846493765711784,1,patient_895c9f3c4b1870d6,0,21
S2141808,0.695092111825943,3,patient_fee157011de45399,0,21
S2142815,0.0010071169817820191,1,patient_2e5d461d7873e6f4,0,21
S2142816,0.006389277055859566,1,patient_aca1fffca0191542,0,21
S2142818,0.0034898824524134398,1,patient_d8e20f6cc2cd90d6,0,21
S2142820,0.017624136060476303,1,patient_2b3a49d49419f139,0,21
S2142821,0.2952078878879547,1,patient_29c1ec61f11c3c6d,0,21
S2142838,0.0009005101746879518,1,patient_31c1f5ecc6982b2b,0,21
S2143764,0.0027843944262713194,1,patient_d66d976aaae8f399,0,21
S2143765,0.008615816943347454,1,patient_0e7d27760a108f4e,0,21
S2143766,0.000617309434649845,3,patient_dd7e0e39c92e25b4,0,21
S2143767,6.851663783891127e-05,1,patient_2999b7afa4f16b6d,0,21
S2143769,0.013198541477322578,1,patient_7d29fcd258114554,0,21
S2144966,0.002980154240503907,1,patient_61128f527d32178f,0,21
S2144967,0.0015865634195506573,1,patient_dfafa5c41a0ad944,0,21
S2144969,0.021080153062939644,1,patient_5d35983cfd191fff,0,21
S2144970,0.00010919951455434784,1,patient_fc51a062525b3f86,0,21
S2144972,0.0016497911213567325,3,patient_c6c209e2aecc9280,0,21
S2147204,0.0028441114009183366,4,patient_c78561b4938dbb4c,0,21
S2147205,0.01801921660080552,2,patient_98877b8b3d3e8763,0,21
S2148219,0.0007571930473204702,2,patient_7ea5ec2f6c847fc5,0,21
S2148220,0.011694722790707601,4,patient_fee157011de45399,0,21
S2148221,0.003529604960931465,2,patient_895c9f3c4b1870d6,1,21
S2149393,0.00014734010134513179,3,patient_b824bfb064fb2de4,0,21
S2149394,0.050316501408815384,1,patient_0cf9d90c530cbd0b,0,21
S2149396,0.009475316852331161,1,patient_7d29fcd258114554,0,21
S2149397,0.002135138725861907,1,patient_4cb9dbad2d74486f,0,21
S2149398,0.000927078421227634,1,patient_005b214a5e658965,0,21
S2150490,0.008501964621245861,1,patient_d772dd268706e1cf,0,21
S2150492,0.006788990770777066,3,patient_78e356d1740b4e11,0,21
S2150493,0.0048637003637850285,1,patient_c78561b4938dbb4c,0,21
S2150494,0.005306005943566561,1,patient_dd7e0e39c92e25b4,0,21
S2150495,0.009356408845633268,3,patient_9b81a2766f087b27,0,21
S2151614,0.00018622938417441523,3,patient_8a989ce38f711fa1,0,21
S2151616,0.06058083474636078,1,patient_4cb9dbad2d74486f,0,21
S2152682,0.02201638729214513,3,patient_b708165a33e7dbc1,0,21
S2153833,0.0042368266731500626,1,patient_ae0f85572ff16638,0,21
S2154954,0.0003570213448256254,1,patient_23ee3df4f656b033,0,21
S2154955,0.20321648816267648,3,patient_fee157011de45399,0,21
S2154957,0.0012412960641086102,1,patient_7d29fcd258114554,0,21
S2154958,0.011561010731384158,3,patient_8a989ce38f711fa1,0,21
S2154959,0.0026382377836853266,1,patient_2b3a49d49419f139,0,21
S2154963,0.005148547235876322,1,patient_dd7e0e39c92e25b4,0,21
S2156020,0.028110578656196594,1,patient_29c1ec61f11c3c6d,0,21
S2156022,0.04186931625008583,1,patient_0cf9d90c530cbd0b,0,21
S2200309,0.5127853229641914,2,patient_886cef649f01f586,0,21
S2200310,0.006325545720756054,2,patient_b824bfb064fb2de4,0,21
S2201380,0.003738294239155948,2,patient_98877b8b3d3e8763,0,21
S2202563,0.003518026554957032,1,patient_23ee3df4f656b033,0,21
S2202564,0.000494200037792325,1,patient_30b34f698447ae86,0,21
S2202565,0.13535518944263458,1,patient_c85fe67257ac09be,0,21
S2202567,0.08891186863183975,1,patient_d66d976aaae8f399,0,21
S2202568,0.0013675920199602842,1,patient_8a989ce38f711fa1,0,21
S2202569,0.1187240182750559,7,patient_3fc4b14a03335d7f,0,21
S2203734,0.03326144441962242,1,patient_7d29fcd258114554,0,21
S2203735,0.0035466570407152176,1,patient_dd7e0e39c92e25b4,0,21
S2203737,0.0029952842742204666,1,patient_d772dd268706e1cf,0,21
S2203739,0.030559583226568064,5,patient_3fc4b14a03335d7f,0,21
S2205207,0.04636205732822418,1,patient_fee157011de45399,0,21
S2205208,0.07593824714422226,1,patient_895c9f3c4b1870d6,0,21
S2205211,0.0024663833901286125,1,patient_5d35983cfd191fff,0,21
S2206286,0.002130269434322448,3,patient_3fc4b14a03335d7f,0,21
S2206287,0.6301378607749939,1,patient_b824bfb064fb2de4,0,21
S2206288,0.19528134673601016,2,patient_30b34f698447ae86,0,21
S2206289,0.007551699144338879,3,patient_69d6941869afda05,0,21
S2207349,0.0025368626229465008,1,patient_c85fe67257ac09be,0,21
S2207350,0.00013234300422482193,1,patient_8a989ce38f711fa1,0,21
S2207352,0.5808907747268677,1,patient_23ee3df4f656b033,0,21
S2207353,0.008843065239489079,2,patient_7ea5ec2f6c847fc5,0,21
S2207462,0.00404107803478837,1,patient_437c15068dd69e36,0,21
S2208362,0.0006516929133795202,1,patient_441646021a546773,0,21
S2208365,0.01753792609088123,4,patient_fe8ccc87e7ab7c65,0,21
S2208404,0.0006547296652570367,1,patient_42421b21c776ccc1,0,21
S2209229,0.0006594967562705278,1,patient_dfafa5c41a0ad944,0,21
S2209230,0.000574844831135124,1,patient_5485a267cc6293c7,0,21
S2209232,0.0004390650137793273,1,patient_30b34f698447ae86,0,21
S2209234,0.9024446407953898,3,patient_9b81a2766f087b27,0,21
S2209236,0.20407404005527496,1,patient_c78561b4938dbb4c,0,21
S2209237,0.00039090393693186343,1,patient_2b3a49d49419f139,0,21
S2210199,0.014460507780313492,1,patient_0cf9d90c530cbd0b,0,21
S2210200,0.0020437214989215136,1,patient_dd7e0e39c92e25b4,0,21
S2210201,0.00975966212960581,3,patient_fe8ccc87e7ab7c65,0,21
S2210202,0.0016358082957594888,4,patient_b824bfb064fb2de4,0,21
S2210203,0.01256351824849844,1,patient_7d29fcd258114554,0,21
S2210204,0.08605178042004506,3,patient_c85fe67257ac09be,0,21
S2210205,0.07513835281133652,1,patient_29c1ec61f11c3c6d,0,21
S2210206,0.003197037149220705,1,patient_441646021a546773,0,21
S2210207,0.0006345973233692348,1,patient_331a649dfec3ede4,0,21
S2210209,0.5655268179252744,4,patient_69d6941869afda05,1,21
S2211179,0.005869660526514053,1,patient_aca1fffca0191542,0,21
S2211180,0.0004228181205689907,1,patient_98877b8b3d3e8763,0,21
S2211181,0.9567448496818542,1,patient_4cb9dbad2d74486f,0,21
S2212213,0.0034863983746618032,1,patient_cafa503bd84738e6,0,21
S2212215,0.01888458989560604,1,patient_3fc4b14a03335d7f,0,21
S2213274,0.005115029867738485,1,patient_8a989ce38f711fa1,0,21
S2213275,0.0021774056367576122,1,patient_d66d976aaae8f399,0,21
S2213276,0.070523202419281,1,patient_23ee3df4f656b033,0,21
S2214323,0.0015594481956213713,1,patient_69d6941869afda05,0,21
S2214324,0.00018810403707902879,1,patient_30b34f698447ae86,0,21
S2214325,0.005620052106678486,1,patient_fee157011de45399,0,21
S2214326,0.0007032302091829479,3,patient_4a9f4346155f3b62,0,21
S2215449,0.007596699986606836,1,patient_cafa503bd84738e6,0,21
S2215450,0.0028214105404913425,1,patient_c78561b4938dbb4c,0,21
S2215451,0.0079812565818429,1,patient_fe8ccc87e7ab7c65,0,21
S2215453,0.1292632818222046,1,patient_d772dd268706e1cf,0,21
S2215454,0.007288594264537096,1,patient_441646021a546773,0,21
S2216605,0.0023482879623770714,1,patient_5d35983cfd191fff,0,21
S2216629,0.00021516061678994447,1,patient_4a9f4346155f3b62,0,21
S2216630,0.006627556635066867,2,patient_c85fe67257ac09be,0,21
S2216631,0.0031603473665503166,3,patient_b824bfb064fb2de4,0,21
S2217673,0.0034448429942131042,1,patient_3fc4b14a03335d7f,0,21
S2219751,1.764430635375902e-05,1,patient_69d6941869afda05,0,21
S2219753,0.0006035178084857762,1,patient_441646021a546773,0,21
S2219754,0.0010351164964959025,1,patient_cafa503bd84738e6,0,21
S2220918,0.0003836860996671021,1,patient_c85fe67257ac09be,0,21
S2220927,0.0003731480101123452,1,patient_30b34f698447ae86,0,21
S2222061,0.09815505659207702,3,patient_228507d0242d624c,0,21
S2222062,2.4324703190359287e-05,1,patient_8a989ce38f711fa1,0,21
S2222063,0.8233073949813843,1,patient_4a9f4346155f3b62,0,21
S2222064,0.0019697006791830063,1,patient_23ee3df4f656b033,0,21
S2222833,0.03203528312345346,3,patient_3840f67f21017b79,0,21
S2222945,0.2534521520137787,1,patient_71270218daad69ca,0,21
S2224007,0.0006214843015186489,1,patient_0cf9d90c530cbd0b,0,21
S2224008,0.0001958830252988264,1,patient_cafa503bd84738e6,0,21
S2224010,0.0007344420300796628,1,patient_69d6941869afda05,0,21
S2225223,0.010816569750507673,3,patient_3840f67f21017b79,0,21
S2225224,4.007790994364768e-05,1,patient_3fc4b14a03335d7f,0,21
S2225225,0.002221927512437105,1,patient_228507d0242d624c,0,21
S2225226,0.02063850872218609,1,patient_98877b8b3d3e8763,0,21
S2226370,0.35466960072517395,1,patient_441646021a546773,0,21
S2226371,0.8800240159034729,1,patient_4cb9dbad2d74486f,0,21
S2226375,0.5183119177818298,1,patient_fe8ccc87e7ab7c65,0,21
S2226376,0.0007858243188820779,1,patient_fee157011de45399,0,21
S2227604,0.0004205065753950521,3,patient_26f6ecd90ed41f9d,0,21
S2227605,0.022563599050045013,1,patient_d074d89175786c47,0,21
S2227608,0.0037643732697082064,3,patient_c85fe67257ac09be,0,21
S2227621,0.00864332728087902,1,patient_30b34f698447ae86,0,21
S2228787,4.8540365241933614e-05,1,patient_c37c171d859fe24a,0,21
S2228788,8.131590584525838e-05,1,patient_d66d976aaae8f399,0,21
S2228789,0.019306911155581474,1,patient_1bb6673f07107d9c,0,21
S2228790,0.0005416712956503034,1,patient_e9984333ac68159c,0,21
S2229536,0.0007108126010280102,3,patient_78e356d1740b4e11,0,21
S2229537,0.36973326082807034,4,patient_503148ddee5b72e0,0,21
S2229969,0.11916413903236389,1,patient_dd7e0e39c92e25b4,0,21
S2229971,0.0072039710357785225,1,patient_3840f67f21017b79,0,21
S2231089,0.003384145617019385,2,patient_d074d89175786c47,0,21
S2231090,0.06847690663198591,4,patient_31c1f5ecc6982b2b,0,21
S2231091,0.11525442823767662,2,patient_1bb6673f07107d9c,0,21
S2232190,0.013294479499260584,3,patient_c9e9f5e0f0aab167,0,21
S2232191,0.0016855199155543232,2,patient_e9984333ac68159c,0,21
S2232192,0.0067230272106826305,1,patient_228507d0242d624c,0,21
S2232193,0.0019231524784117937,1,patient_cafa503bd84738e6,0,21
S2232194,0.00016368993965443224,1,patient_69d6941869afda05,0,21
S2233278,0.0004665175802074373,1,patient_fe8ccc87e7ab7c65,0,21
S2233279,0.018634494413466502,3,patient_2c0945e38263a664,0,21
S2234197,0.005780063715064898,3,patient_c9e9f5e0f0aab167,0,21
S2234198,0.013928322121500969,1,patient_23ee3df4f656b033,0,21
S2234199,0.042570073157548904,1,patient_1bb6673f07107d9c,0,21
S2234200,0.0006570030236616731,1,patient_8a989ce38f711fa1,0,21
S2235315,0.019480358809232712,1,patient_441646021a546773,0,21
S2235317,0.0045814295299351215,3,patient_3840f67f21017b79,0,21
S2235318,0.0717587892404481,4,patient_2c0945e38263a664,0,21
S2235319,0.039016156336037965,5,patient_4a9f4346155f3b62,1,21
S2235518,0.00648920753155835,3,patient_5a68de4c65c56662,0,21
S2236493,0.03735648393436956,3,patient_e9984333ac68159c,0,21
S2236494,0.0030249444535002112,3,patient_c37c171d859fe24a,0,21
S2236496,0.0360739603638649,1,patient_d074d89175786c47,0,21
S2237601,0.1149413213133812,1,patient_503148ddee5b72e0,0,21
S2237603,0.00011409485887270421,1,patient_572b285c8223738a,0,21
S2238299,0.0010592975207449247,3,patient_5a68de4c65c56662,0,21
S2239521,0.01667124591767788,1,patient_4cb9dbad2d74486f,0,21
S2239522,0.002318346087122336,3,patient_7d29fcd258114554,0,21
S2239523,0.0003867887717206031,1,patient_fee157011de45399,0,21
S2239524,0.0063964929431676865,3,patient_c9e9f5e0f0aab167,0,21
S2239525,0.0006312212790362537,1,patient_cafa503bd84738e6,0,21
S2240720,0.0007043314981274307,1,patient_3fc4b14a03335d7f,0,21
S2240724,0.00013287836918607354,1,patient_dd7e0e39c92e25b4,0,21
S2240726,0.004780024755746126,1,patient_1bb6673f07107d9c,0,21
S2241560,0.010155171155929565,1,patient_c85fe67257ac09be,0,21
S2241562,0.0007016409654170275,1,patient_228507d0242d624c,0,21
S2241563,0.0054233979899436235,3,patient_3840f67f21017b79,0,21
S2241564,0.0016894193831831217,1,patient_30b34f698447ae86,0,21
S2241565,0.0004173289053142071,1,patient_69d6941869afda05,0,21
S2241828,0.01205951627343893,1,patient_07f9942bff0e9697,0,21
S2242499,0.02669379860162735,1,patient_4a9f4346155f3b62,0,21
S2242500,0.022837022319436073,1,patient_5a68de4c65c56662,0,21
S2242501,0.0010079661151394248,1,patient_d074d89175786c47,0,21
S2243621,0.0004568105553820108,3,patient_2f50930b460ea9d0,0,21
S2243622,0.0010736074667268742,3,patient_c9e9f5e0f0aab167,0,21
S2243826,0.035910218954086304,1,patient_26f6ecd90ed41f9d,0,21
S2244727,0.01782797509804368,3,patient_2e5d461d7873e6f4,0,21
S2244728,0.002260426052089315,3,patient_2f50930b460ea9d0,0,21
S2244729,0.0047746943309903145,1,patient_c37c171d859fe24a,0,21
S2244730,0.9619629979133606,1,patient_c78561b4938dbb4c,0,21
S2245753,0.20862805843353271,1,patient_37a67c1ae4e8ad43,0,21
S2246785,0.016280186207344133,3,patient_2c0945e38263a664,0,21
S2246786,0.002680743345990777,1,patient_5a68de4c65c56662,0,21
S2247858,0.007525481749325991,1,patient_fe8ccc87e7ab7c65,0,21
S2247859,0.0043550049886107445,1,patient_e9984333ac68159c,0,21
S2247860,0.09167337990947999,4,patient_228507d0242d624c,1,21
S2248983,0.00010532827582210302,1,patient_8a989ce38f711fa1,0,21
S2248986,0.038867563009262085,1,patient_23ee3df4f656b033,0,21
S2248988,0.0061472272500395775,1,patient_441646021a546773,0,21
S2250149,0.0033955515827983618,3,patient_93ac78fffd137473,0,21
S2250151,0.009813950397074223,1,patient_d074d89175786c47,0,21
S2250152,0.00690760735111932,3,patient_3840f67f21017b79,0,21
S2251247,0.000319722545100376,1,patient_c37c171d859fe24a,0,21
S2251250,0.07290510646998882,3,patient_c9e9f5e0f0aab167,0,21
S2251251,0.1995107963681221,5,patient_f4a709d12cad57f1,0,21
S2251252,0.003232707269489765,1,patient_37a67c1ae4e8ad43,0,21
S2252333,0.00046759899123571813,1,patient_228507d0242d624c,0,21
S2253524,0.00037759795668534935,1,patient_69d6941869afda05,0,21
S2253525,0.011295627811341547,5,patient_f4a709d12cad57f1,0,21
S2253527,0.00246080057695508,1,patient_cafa503bd84738e6,0,21
S2253528,0.15312578198912283,6,patient_2e5d461d7873e6f4,0,21
S2253529,0.0007416348671540618,1,patient_ab45843e8e5c5823,0,21
S2254659,0.05292640486732125,3,patient_2c0945e38263a664,0,21
S2254886,0.013008972940345606,3,patient_5a68de4c65c56662,0,21
S2300331,0.0015072586829774082,2,patient_30b34f698447ae86,0,21
S2300360,0.003833287220913917,2,patient_37a67c1ae4e8ad43,0,21
S2300361,0.003552115667844191,2,patient_ab45843e8e5c5823,0,21
S2300363,0.0010959649516735226,2,patient_937267369badf303,0,21
S2302643,0.03753230300831741,7,patient_26f6ecd90ed41f9d,0,21
S2302644,0.0008460367098450661,1,patient_c37c171d859fe24a,0,21
S2304560,0.007073751650750637,1,patient_37a67c1ae4e8ad43,0,21
S2304561,0.002375719753520874,3,patient_e6981a9104ac664d,0,21
S2304564,0.0009322712430730462,1,patient_d074d89175786c47,0,21
S2306015,0.011787648312747478,1,patient_ab45843e8e5c5823,0,21
S2306847,0.23650139570236206,1,patient_228507d0242d624c,0,21
S2306848,5.417117790784687e-06,1,patient_4a2bd6cb3f9d710c,0,21
S2306849,0.017073985033979017,6,patient_0941abb556cbec79,0,21
S2306850,0.015076465904712677,1,patient_441646021a546773,0,21
S2307080,0.03354547917842865,1,patient_e6981a9104ac664d,0,21
S2308039,0.01150087732821703,1,patient_fe8ccc87e7ab7c65,0,21
S2308041,0.00039891444612294436,1,patient_2f50930b460ea9d0,0,21
S2308042,0.005144275724887848,1,patient_3840f67f21017b79,0,21
S2308043,0.0005203989567235112,1,patient_937267369badf303,0,21
S2308044,0.017791502352338284,4,patient_f4a709d12cad57f1,0,21
S2308045,0.05209109573625028,5,patient_2c0945e38263a664,0,21
S2309075,0.15461342100898037,5,patient_0941abb556cbec79,0,21
S2310074,0.0006080442690290511,1,patient_4a2bd6cb3f9d710c,0,21
S2310075,0.10676248674280941,4,patient_7e13e7a4752983ed,0,21
S2310079,0.0008999706478789449,1,patient_ab45843e8e5c5823,0,21
S2310080,0.13785502113096298,5,patient_26f6ecd90ed41f9d,0,21
S2311234,0.001017322181724012,1,patient_ae0f85572ff16638,0,21
S2311235,0.00020990311168134212,1,patient_2e5d461d7873e6f4,0,21
S2311236,0.007441868539899588,1,patient_1bb6673f07107d9c,0,21
S2311238,0.009381660493090749,3,patient_e6981a9104ac664d,0,21
S2312317,0.00041231754585169256,1,patient_cafa503bd84738e6,0,21
S2312318,2.5747911536200263e-07,1,patient_4a9f4346155f3b62,0,21
S2312320,0.001625824486836791,1,patient_503148ddee5b72e0,0,21
S2312322,0.07447454582434147,5,patient_7e13e7a4752983ed,0,21
S2312323,0.00040361718856729567,1,patient_937267369badf303,0,21
S2313436,0.000650439178571105,1,patient_c37c171d859fe24a,0,21
S2313440,0.08400244613585528,4,patient_e9984333ac68159c,0,21
S2313664,7.535269105574116e-05,1,patient_0941abb556cbec79,0,21
S2314588,0.0022535044699907303,1,patient_37a67c1ae4e8ad43,0,21
S2314590,0.00019962235819548368,5,patient_110e1e825f43e305,0,21
S2314591,0.00983131380053237,3,patient_ad7be783b5ff7f03,0,21
S2315838,0.02075360424350947,2,patient_4a2bd6cb3f9d710c,0,21
S2315839,0.01341466107260203,4,patient_5ee21afd8d2dea4c,0,21
S2315840,0.061400121388336025,6,patient_d074d89175786c47,0,21
S2315841,0.0009755862120073289,2,patient_ab45843e8e5c5823,0,21
S2315844,0.20011336476142919,7,patient_7e13e7a4752983ed,0,21
S2316899,1.7322304302069824e-06,1,patient_2f50930b460ea9d0,0,21
S2316900,0.002758923452347517,1,patient_ad7be783b5ff7f03,0,21
S2318025,0.0017468243604525924,1,patient_f4a709d12cad57f1,0,21
S2318026,0.0005045825964771211,1,patient_110e1e825f43e305,0,21
S2318954,0.14313675463199615,1,patient_5ee21afd8d2dea4c,0,21
S2318956,0.15098422369919717,4,patient_2c0945e38263a664,1,21
S2319878,0.0010282638249918818,1,patient_937267369badf303,0,21
S2319879,0.17911782702431084,5,patient_0941abb556cbec79,0,21
S2320991,0.28365792726565686,7,patient_7e13e7a4752983ed,0,21
S2320992,0.007140170928323641,2,patient_71a52624c9074da6,0,21
S2320993,0.21244119107723236,4,patient_228507d0242d624c,1,21
S2322861,0.005713424034183845,4,patient_441646021a546773,0,21
S2323102,0.0011792099103331566,1,patient_3840f67f21017b79,0,21
S2323104,0.013898578115913551,6,patient_4a2bd6cb3f9d710c,0,21
S2323107,0.0004884407098870724,2,patient_26f6ecd90ed41f9d,0,21
S2323108,0.0022002328478265554,4,patient_6d8c27caf7586f64,0,21
S2323112,0.017260078340768814,1,patient_e6981a9104ac664d,0,21
S2325142,0.0008250538376159966,1,patient_71a52624c9074da6,0,21
S2325143,0.00027229683473706245,1,patient_ab45843e8e5c5823,0,21
S2325144,0.002375375246629119,1,patient_5ee21afd8d2dea4c,0,21
S2326329,0.0009135233121924102,1,patient_c37c171d859fe24a,0,21
S2326330,0.00910948139304916,3,patient_30b34f698447ae86,0,21
S2326332,0.003346353326924145,5,patient_6d8c27caf7586f64,0,21
S2327485,0.0015454275999218225,2,patient_503148ddee5b72e0,0,21
S2327486,0.003517955690767849,4,patient_110e1e825f43e305,0,21
S2327489,0.015392878403266272,6,patient_d074d89175786c47,0,21
S2327689,0.0017692475812509656,1,patient_e918692d7c80e65c,0,21
S2327690,0.001633260175973798,3,patient_d48fc489086a470f,0,21
S2328623,0.0015280996449291706,1,patient_37a67c1ae4e8ad43,0,21
S2329753,0.00024463131558150053,1,patient_93ac78fffd137473,0,21
S2329754,0.011637164105195552,4,patient_0349492572c92ab0,0,21
S2329756,0.03392948769032955,3,patient_ad7be783b5ff7f03,0,21
S2330980,0.0001348147343378514,1,patient_e918692d7c80e65c,0,21
S2330982,0.0005887456354685128,1,patient_6d8c27caf7586f64,0,21
S2330983,8.648116636322811e-05,1,patient_d48fc489086a470f,0,21
S2330984,0.00844124504753078,3,patient_dd2e6df63e5c36b4,0,21
S2330985,0.00027101326850242913,1,patient_71a52624c9074da6,0,21
S2330986,0.0005647414945997298,1,patient_e6981a9104ac664d,0,21
S2330987,5.484063425598151e-09,1,patient_2f50930b460ea9d0,0,21
S2330988,0.008283148519694805,1,patient_5ee21afd8d2dea4c,0,21
S2332142,0.3960381895303726,3,patient_2c0945e38263a664,0,21
S2332143,0.0089181256480515,3,patient_0349492572c92ab0,0,21
S2332144,0.004964325373293832,5,patient_a533d77edf530d7d,0,21
S2333273,0.06926381657831371,4,patient_aca1fffca0191542,0,21
S2333274,0.00484175980091095,1,patient_f4a709d12cad57f1,0,21
S2334384,0.005469003548569162,2,patient_5ad31502c2708b1a,0,21
S2334385,0.0017614074604352936,2,patient_110e1e825f43e305,0,21
S2334386,0.003087618271820247,2,patient_a533d77edf530d7d,0,21
S2334388,0.00035900108923669904,2,patient_dd2e6df63e5c36b4,0,21
S2334389,0.001644807489356026,2,patient_0941abb556cbec79,0,21
S2334411,0.014461229695977332,6,patient_71270218daad69ca,0,21
S2336494,0.04613292217254639,1,patient_71a52624c9074da6,0,21
S2336496,0.0036792533937841654,1,patient_d48fc489086a470f,0,21
S2337812,0.002301031956449151,1,patient_e918692d7c80e65c,0,21
S2338781,4.8044057621154934e-05,1,patient_5ad31502c2708b1a,0,21
S2338782,0.02266773208975792,1,patient_5ee21afd8d2dea4c,0,21
S2338783,0.0017998472418791305,3,patient_dd2e6df63e5c36b4,0,21
S2338784,0.013566668688630065,6,patient_c9e9f5e0f0aab167,0,21
S2338786,0.04216296225786209,1,patient_a533d77edf530d7d,0,21
S2339819,0.0006448702188208699,3,patient_780d5b318208b01a,0,21
S2339820,0.00019159252406097949,1,patient_ab45843e8e5c5823,0,21
S2340935,0.0066352720314171165,2,patient_110e1e825f43e305,0,21
S2342016,0.003937686327844858,1,patient_e918692d7c80e65c,0,21
S2342677,0.01118361261493798,6,patient_5ad31502c2708b1a,0,21
S2342914,0.076971884816885,5,patient_0349492572c92ab0,0,21
S2343311,0.001102803973481059,1,patient_dd2e6df63e5c36b4,0,21
S2343312,0.0023126117885112762,1,patient_d48fc489086a470f,0,21
S2343314,0.00842953845858574,1,patient_a533d77edf530d7d,0,21
S2344458,0.000798600260168314,1,patient_71a52624c9074da6,0,21
S2344461,0.0007005588850006461,1,patient_e6981a9104ac664d,0,21
S2344462,0.0002916146186180413,1,patient_f1bc2d6d2b5c3421,0,21
S2345468,0.0009609702974557877,1,patient_4af3110fd801b611,0,21
S2346179,0.09325630455859937,5,patient_a533d77edf530d7d,0,21
S2346543,5.515114025911316e-05,1,patient_37a67c1ae4e8ad43,0,21
S2347457,0.00024059161660261452,2,patient_f1bc2d6d2b5c3421,0,21
S2347458,0.0001747553760651499,2,patient_0941abb556cbec79,0,21
S2348398,0.013035922311246395,1,patient_a533d77edf530d7d,0,21
S2349547,0.0002150777290808037,1,patient_f4a709d12cad57f1,0,21
S2350728,0.0010168120497837663,1,patient_46cfa1714c823433,0,21
S2350730,0.3334869556128979,4,patient_d48fc489086a470f,1,21
S2351751,0.0002222109615104273,1,patient_ab45843e8e5c5823,0,21
S2352429,0.0004082956681183229,3,patient_79f0ef3e7f376fdb,0,21
S2352825,0.002684906590729952,1,patient_a533d77edf530d7d,0,21
S2352826,8.925932343117893e-05,1,patient_f1bc2d6d2b5c3421,0,21
S2352827,0.013071529567241669,1,patient_71a52624c9074da6,0,21
S2353995,0.00727849593386054,1,patient_4af3110fd801b611,0,21
S2353996,0.00012094958947272971,1,patient_110e1e825f43e305,0,21
S2353999,0.0004163866979070008,1,patient_46cfa1714c823433,0,21
S2400070,0.0026164562441408634,1,patient_c18ca7616a5ad1b6,0,21
S2401283,0.03410700069507584,5,patient_f96b1f74a7f01e5a,0,21
S2402481,0.007290416397154331,1,patient_4af3110fd801b611,0,21
S2402482,0.005055153742432594,1,patient_e6981a9104ac664d,0,21
S2402484,0.02333555236449077,6,patient_a533d77edf530d7d,0,21
S2403700,0.0023694535193499178,4,patient_f96b1f74a7f01e5a,0,21
S2403702,0.00022449701646110043,2,patient_f1bc2d6d2b5c3421,0,21
S2404885,0.0006605592207051814,1,patient_d82abebcfaf082f8,0,21
S2405217,0.002317211125046015,1,patient_c18ca7616a5ad1b6,0,21
S2406038,0.004030325525592262,9,patient_79f0ef3e7f376fdb,0,21
S2406040,0.00047819496830925345,1,patient_0941abb556cbec79,0,21
S2406264,0.003611044565332122,7,patient_ead6420f83248981,0,21
S2406753,0.2913882676584113,7,patient_780d5b318208b01a,0,21
S2406754,0.1406982406770112,8,patient_d4019523cc8c8335,0,21
S2406755,4.9296020733891055e-05,1,patient_4a2bd6cb3f9d710c,0,21
S2407939,0.0006740919197909534,1,patient_ead6420f83248981,0,21
S2407940,0.0006415151292458177,1,patient_dd2e6df63e5c36b4,0,21
S2407941,0.020964586144449033,3,patient_d82abebcfaf082f8,0,21
S2408480,0.00020560159464366734,1,patient_d4019523cc8c8335,0,21
S2408481,0.00025514551089145243,1,patient_37a67c1ae4e8ad43,0,21
S2408482,0.003577782306820154,1,patient_c18ca7616a5ad1b6,0,21
S2408484,0.001837183313909918,3,patient_f96b1f74a7f01e5a,0,21
S2408486,0.0019050772534683347,1,patient_4af3110fd801b611,0,21
S2408854,0.9381036162376404,1,patient_5ee21afd8d2dea4c,0,21
S2409389,0.009874850624328246,4,patient_897fc368fe7593b2,0,21
S2409390,0.0020601742435246706,1,patient_79f0ef3e7f376fdb,0,21
S2409391,0.10903041026176652,4,patient_718a20df543bc4dd,0,21
S2409392,0.010349312797188759,1,patient_ead6420f83248981,0,21
S2409928,0.0002714453439693898,1,patient_f1bc2d6d2b5c3421,0,21
S2410451,0.0010750745423138142,1,patient_897fc368fe7593b2,0,21
S2410453,1.837798481574282e-05,1,patient_110e1e825f43e305,0,21
S2410458,0.0003760135150514543,1,patient_ad7be783b5ff7f03,0,21
S2410460,0.0022531761787831783,1,patient_718a20df543bc4dd,0,21
S2410463,0.0005425833514891565,1,patient_f96b1f74a7f01e5a,0,21
S2411029,7.228452886920422e-05,1,patient_f73f7e4dab64291c,0,21
S2411030,0.06304264580830932,5,patient_d4019523cc8c8335,0,21
S2412060,0.00011215101221750956,4,patient_4af3110fd801b611,0,21
S2412061,8.122539657051675e-05,2,patient_c18ca7616a5ad1b6,0,21
S2412713,0.006174853357758063,6,patient_ead6420f83248981,0,21
S2412714,0.00010603704140521586,2,patient_d48fc489086a470f,0,21
S2412725,0.004004042828455567,2,patient_718a20df543bc4dd,0,21
S2413340,0.00041093929030466825,6,patient_ecb730efd06bee78,0,21
S2413342,0.002358385048864875,2,patient_897fc368fe7593b2,0,21
S2413768,9.331256114819553e-05,2,patient_79f0ef3e7f376fdb,0,21
S2413769,0.011744064153188245,9,patient_d4c07874dec8cc11,0,21
S2414950,0.0008116170502034947,4,patient_f96b1f74a7f01e5a,0,21
S2414954,0.0025132595546892844,2,patient_c18ca7616a5ad1b6,0,21
S2414955,0.0002684032660908997,2,patient_897fc368fe7593b2,0,21
S2414957,0.0004445046652108431,2,patient_46cfa1714c823433,0,21
S2415070,0.0038378583958547097,2,patient_718a20df543bc4dd,0,21
S2415689,0.0005335021924111061,3,patient_4ab30837cfd3692a,0,21
S2415690,0.0034054957213811576,2,patient_f73f7e4dab64291c,0,21
S2415692,0.00021275089238770306,2,patient_f1bc2d6d2b5c3421,0,21
S2416977,0.0008072593445831444,2,patient_1db7fb03763dab37,0,21
S2417717,0.0011065610524383374,2,patient_4ab30837cfd3692a,0,21
S2418586,0.002522697890526615,4,patient_e430ff1077ac4267,0,21
S2419119,0.6912829428911209,2,patient_d4019523cc8c8335,0,21
S2419848,5.355403231988021e-05,2,patient_897fc368fe7593b2,0,21
S2419849,0.0020407110914675286,4,patient_6e23f91caa098b84,0,21
S2419850,0.00028589706926140934,2,patient_f73f7e4dab64291c,0,21
S2420601,5.3326804845710285e-05,2,patient_1db7fb03763dab37,0,21
S2420602,0.010226101614534855,1,patient_4af3110fd801b611,0,21
S2420603,0.0064295816282538,2,patient_a533d77edf530d7d,0,21
S2420604,0.002153916928364197,2,patient_c2ec040a2ccee825,0,21
S2421430,0.0015405532321892679,2,patient_dd2e6df63e5c36b4,0,21
S2421434,0.009030067274579778,6,patient_e430ff1077ac4267,0,21
S2421437,0.000428178595029749,2,patient_7b8c5e3e158230df,0,21
S2422139,0.00041460984357399866,2,patient_6e23f91caa098b84,0,21
S2422844,0.0006255138314372743,2,patient_d82abebcfaf082f8,0,21
S2422845,0.0007846701773814857,2,patient_c2ec040a2ccee825,0,21
S2423616,0.0007333854155149311,2,patient_780d5b318208b01a,0,21
S2423618,0.0009611052664695308,2,patient_1db7fb03763dab37,0,21
S2423619,0.0007856410666136071,2,patient_46cfa1714c823433,0,21
S2424250,0.00048171427624765784,2,patient_897fc368fe7593b2,0,21
S2424255,0.23951846361160278,6,patient_7b8c5e3e158230df,0,21
S2424258,0.0010356238708482124,4,patient_9801877d2987cc96,0,21
S2424259,0.00040642191015649587,2,patient_718a20df543bc4dd,0,21
S2425034,0.0002789139107335359,2,patient_f73f7e4dab64291c,0,21
S2425843,0.00935019925236702,1,patient_f78d4288245eabd8,0,21
S2426614,0.00723947719870921,6,patient_d4c07874dec8cc11,0,21
S2426615,0.23342778833466582,6,patient_7b8c5e3e158230df,0,21
S2427693,0.0026586169509149236,6,patient_6e23f91caa098b84,0,21
S2427695,0.001605461329404534,4,patient_f78d4288245eabd8,0,21
S2429062,0.006465964809259666,7,patient_1d9bc9798ff5fad2,0,21
S2429063,0.0003360902082931716,2,patient_1db7fb03763dab37,0,21
S2429064,0.023181976115059417,6,patient_e430ff1077ac4267,0,21
S2429676,0.0013326075531949755,2,patient_4af3110fd801b611,0,21
S2429677,0.0009819910646911012,4,patient_f96b1f74a7f01e5a,0,21
S2430053,0.22860711688796678,6,patient_d4019523cc8c8335,0,21
S2431862,0.00016289922314172145,2,patient_79f0ef3e7f376fdb,0,21
S2431864,0.0007729319440841209,2,patient_e430ff1077ac4267,0,21
S2431866,0.00012685008732660208,2,patient_897fc368fe7593b2,0,21
S2433341,4.6027391363168135e-05,2,patient_1db7fb03763dab37,0,21
S2433342,7.590279892610852e-05,2,patient_6e23f91caa098b84,0,21
S2433344,0.00013273131298774388,2,patient_1f1d5d53d578938e,0,21
S2433346,0.008523232692823512,2,patient_4ab30837cfd3692a,0,21
S2434133,8.979222002380993e-05,2,patient_d4c07874dec8cc11,0,21
S2434134,0.002100806959788315,2,patient_c18ca7616a5ad1b6,0,21
S2434571,0.004988320795746404,6,patient_33180b505ac426fd,0,21
S2434915,0.0004676672469940968,2,patient_1d9bc9798ff5fad2,0,21
S2434918,0.00042336225548448664,3,patient_26aacc71cff347a1,0,21
S2434919,6.128430686658248e-05,2,patient_1f1d5d53d578938e,0,21
S2435689,0.0005560539866564795,2,patient_e21a88b284b1508e,0,21
S2435852,0.0021702155463572126,2,patient_3a8355eba1c06de9,0,21
S2436453,0.0012648442157114914,2,patient_f78d4288245eabd8,0,21
S2436454,0.00030821809923509136,2,patient_bdc3f4ebb82da82e,0,21
S2436456,0.0006198228329594713,4,patient_e430ff1077ac4267,0,21
S2436457,0.04871508140604419,3,patient_f96b1f74a7f01e5a,0,21
S2437280,0.00042387665598653257,1,patient_e21a88b284b1508e,0,21
S2437880,0.00013746549666393548,1,patient_6e23f91caa098b84,0,21
S2437882,0.000760791547994207,6,patient_bdc3f4ebb82da82e,0,21
S2500522,0.02012172218279115,7,patient_1f1d5d53d578938e,0,21
S2501300,0.013373579577698061,6,patient_1d9bc9798ff5fad2,0,21
S2501301,0.013984555844217539,3,patient_33180b505ac426fd,0,21
S2501777,0.008783384148652354,6,patient_e21a88b284b1508e,0,21
S2502090,0.003567658131942153,1,patient_c2ec040a2ccee825,0,21
S2502092,0.005262721097096801,3,patient_e430ff1077ac4267,0,21
S2503127,0.0013270692905280157,5,patient_bdc3f4ebb82da82e,0,21
S2503128,0.008642706146929413,3,patient_33180b505ac426fd,0,21
S2503983,0.00022882800112711266,2,patient_1f1d5d53d578938e,0,21
S2504719,0.0436632272238577,7,patient_897fc368fe7593b2,0,21
S2504720,0.00170355592854321,1,patient_f78d4288245eabd8,0,21
S2504721,0.005059815943241119,1,patient_718a20df543bc4dd,0,21
S2505506,0.07144557684659958,1,patient_4ab30837cfd3692a,0,21
S2505507,0.0002696847659535706,1,patient_1d9bc9798ff5fad2,0,21
S2505508,0.17680916748940945,5,patient_d4c07874dec8cc11,0,21
S2506960,0.0029443332380651556,5,patient_bdc3f4ebb82da82e,0,21
S2506961,0.001992219826206565,1,patient_6e23f91caa098b84,0,21
S2506966,1.1425754564697854e-05,1,patient_4610d334819bbd61,0,21
S2506967,0.012069905176758766,1,patient_f02086679c6d7438,0,21
S2507799,0.0006395344971679151,1,patient_1f1d5d53d578938e,0,21
S2508630,0.0029765161452814937,4,patient_70289ea84b1dd193,0,21
S2508631,0.00031210885936161503,2,patient_f02086679c6d7438,0,21
S2509420,0.0005614413237708504,5,patient_4610d334819bbd61,0,21
S2511006,0.002086927561322227,2,patient_70289ea84b1dd193,0,21
S2511007,0.0013862787163816392,2,patient_f02086679c6d7438,0,21
S2511008,0.06395997422643834,9,patient_33180b505ac426fd,0,21
S2511009,0.0004951959563186392,2,patient_d7b8077abb2db045,0,21
S2511010,0.0005251833063084632,2,patient_c2ec040a2ccee825,0,21
S2511859,0.00024563586339354515,1,patient_1f1d5d53d578938e,0,21
S2512685,0.0016756792465457693,2,patient_d7b8077abb2db045,0,21
S2513846,0.1195396944215515,7,patient_4610d334819bbd61,0,21
S2513847,0.0018559285381343216,2,patient_1db7fb03763dab37,0,21
S2513848,0.09481759431461494,6,patient_70289ea84b1dd193,0,21
S2515598,0.0013078413903713226,1,patient_33180b505ac426fd,0,21
S2516970,0.0032297516256960535,6,patient_bdc3f4ebb82da82e,0,21
S2516971,0.005266484671058909,6,patient_1d9bc9798ff5fad2,0,21
S2520402,0.00014101802662480623,1,patient_d7b8077abb2db045,0,21
S2520404,0.00041734427941264585,3,patient_c2ec040a2ccee825,0,21
S2521239,0.0006270141457207501,1,patient_6e852ae1e67cc6a5,0,21
S2521240,0.0003950728860218078,1,patient_33180b505ac426fd,0,21
S2522980,0.0016919465269893408,1,patient_1f1d5d53d578938e,0,21
S2522994,0.00023220080765895545,1,patient_6e852ae1e67cc6a5,0,21
S2524760,0.0004032558645121753,1,patient_70289ea84b1dd193,0,21
S2524777,0.060628368868492544,2,patient_a73e0921802886c1,0,21
S2525436,1.3197929547459353e-05,1,patient_d7b8077abb2db045,0,21
S2526362,0.023736412799917162,5,patient_6e852ae1e67cc6a5,0,21
S2527323,0.003284609178081155,1,patient_88518ae12a01280d,0,21
S2528218,0.0048089987637164695,6,patient_1d9bc9798ff5fad2,0,21
S2529112,0.0008145921851792082,4,patient_f78d4288245eabd8,0,21
S2530049,0.001419722626451403,2,patient_6e852ae1e67cc6a5,0,21
S2530063,0.004458078532479703,2,patient_7fb8c2b1e117173f,0,21
S2530981,7.539890066254884e-05,1,patient_d7b8077abb2db045,0,21
S2530985,0.005092743784189224,1,patient_9665aa8b62656cf9,0,21
S2530991,0.0014691534452140331,1,patient_88518ae12a01280d,0,21
S2531985,6.492927059298381e-05,1,patient_9665aa8b62656cf9,0,21
S2531989,0.005894989101216197,5,patient_70289ea84b1dd193,0,21
S2533022,0.05193722213880392,8,patient_7fb8c2b1e117173f,0,21
S2535840,0.019333318495728235,5,patient_88518ae12a01280d,0,21
