,train,val,test
0,normal_001,normal_005,normal_006
1,normal_002,normal_028,normal_007
2,normal_003,normal_035,normal_017
3,normal_004,normal_045,normal_022
4,normal_008,normal_070,normal_034
5,normal_009,normal_090,normal_038
6,normal_010,normal_095,normal_052
7,normal_011,normal_097,normal_055
8,normal_012,normal_101,normal_061
9,normal_013,normal_109,normal_107
10,normal_014,normal_112,normal_123
11,normal_015,normal_116,normal_138
12,normal_016,normal_119,normal_151
13,normal_018,normal_125,tumor_005
14,normal_019,tumor_016,tumor_006
15,normal_020,tumor_038,tumor_009
16,normal_021,tumor_045,tumor_017
17,normal_023,tumor_049,tumor_021
18,normal_024,tumor_051,tumor_040
19,normal_025,tumor_059,tumor_041
20,normal_026,tumor_076,tumor_053
21,normal_029,tumor_092,tumor_056
22,normal_030,tumor_098,tumor_082
23,normal_031,tumor_108,tumor_088
24,normal_032,test_019,tumor_095
25,normal_033,test_021,test_036
26,normal_036,test_025,test_044
27,normal_037,test_052,test_050
28,normal_039,test_056,test_061
29,normal_040,test_064,test_063
30,normal_041,test_066,test_070
31,normal_042,test_074,test_085
32,normal_043,test_081,test_086
33,normal_044,test_089,test_087
34,normal_046,test_091,test_099
35,normal_047,test_094,test_117
36,normal_048,test_098,test_119
37,normal_049,test_123,test_121
38,normal_050,test_125,test_126
39,normal_051,test_128,
40,normal_053,,
41,normal_054,,
42,normal_056,,
43,normal_057,,
44,normal_058,,
45,normal_059,,
46,normal_060,,
47,normal_062,,
48,normal_063,,
49,normal_064,,
50,normal_065,,
51,normal_066,,
52,normal_067,,
53,normal_068,,
54,normal_069,,
55,normal_071,,
56,normal_072,,
57,normal_073,,
58,normal_074,,
59,normal_075,,
60,normal_076,,
61,normal_077,,
62,normal_078,,
63,normal_079,,
64,normal_080,,
65,normal_081,,
66,normal_082,,
67,normal_083,,
68,normal_084,,
69,normal_085,,
70,normal_087,,
71,normal_088,,
72,normal_089,,
73,normal_091,,
74,normal_092,,
75,normal_093,,
76,normal_094,,
77,normal_096,,
78,normal_098,,
79,normal_099,,
80,normal_100,,
81,normal_102,,
82,normal_103,,
83,normal_104,,
84,normal_105,,
85,normal_106,,
86,normal_108,,
87,normal_110,,
88,normal_111,,
89,normal_113,,
90,normal_114,,
91,normal_115,,
92,normal_117,,
93,normal_118,,
94,normal_120,,
95,normal_121,,
96,normal_122,,
97,normal_124,,
98,normal_126,,
99,normal_127,,
100,normal_128,,
101,normal_129,,
102,normal_130,,
103,normal_131,,
104,normal_132,,
105,normal_133,,
106,normal_134,,
107,normal_135,,
108,normal_136,,
109,normal_137,,
110,normal_139,,
111,normal_140,,
112,normal_141,,
113,normal_142,,
114,normal_143,,
115,normal_144,,
116,normal_145,,
117,normal_146,,
118,normal_147,,
119,normal_148,,
120,normal_149,,
121,normal_150,,
122,normal_152,,
123,normal_153,,
124,normal_154,,
125,normal_155,,
126,normal_156,,
127,normal_157,,
128,normal_158,,
129,normal_159,,
130,normal_160,,
131,tumor_001,,
132,tumor_002,,
133,tumor_003,,
134,tumor_004,,
135,tumor_007,,
136,tumor_008,,
137,tumor_010,,
138,tumor_011,,
139,tumor_012,,
140,tumor_013,,
141,tumor_014,,
142,tumor_015,,
143,tumor_018,,
144,tumor_019,,
145,tumor_020,,
146,tumor_022,,
147,tumor_023,,
148,tumor_024,,
149,tumor_025,,
150,tumor_026,,
151,tumor_027,,
152,tumor_028,,
153,tumor_029,,
154,tumor_030,,
155,tumor_031,,
156,tumor_032,,
157,tumor_033,,
158,tumor_034,,
159,tumor_035,,
160,tumor_036,,
161,tumor_037,,
162,tumor_039,,
163,tumor_042,,
164,tumor_043,,
165,tumor_044,,
166,tumor_046,,
167,tumor_047,,
168,tumor_048,,
169,tumor_050,,
170,tumor_052,,
171,tumor_054,,
172,tumor_055,,
173,tumor_057,,
174,tumor_058,,
175,tumor_060,,
176,tumor_061,,
177,tumor_062,,
178,tumor_063,,
179,tumor_064,,
180,tumor_065,,
181,tumor_066,,
182,tumor_067,,
183,tumor_068,,
184,tumor_069,,
185,tumor_070,,
186,tumor_071,,
187,tumor_072,,
188,tumor_073,,
189,tumor_074,,
190,tumor_075,,
191,tumor_077,,
192,tumor_078,,
193,tumor_079,,
194,tumor_080,,
195,tumor_081,,
196,tumor_083,,
197,tumor_084,,
198,tumor_085,,
199,tumor_086,,
200,tumor_087,,
201,tumor_089,,
202,tumor_090,,
203,tumor_091,,
204,tumor_093,,
205,tumor_094,,
206,tumor_096,,
207,tumor_097,,
208,tumor_099,,
209,tumor_100,,
210,tumor_101,,
211,tumor_102,,
212,tumor_103,,
213,tumor_104,,
214,tumor_105,,
215,tumor_106,,
216,tumor_107,,
217,tumor_109,,
218,tumor_110,,
219,tumor_111,,
220,test_001,,
221,test_002,,
222,test_003,,
223,test_004,,
224,test_005,,
225,test_006,,
226,test_007,,
227,test_008,,
228,test_009,,
229,test_010,,
230,test_011,,
231,test_012,,
232,test_013,,
233,test_014,,
234,test_015,,
235,test_016,,
236,test_017,,
237,test_018,,
238,test_020,,
239,test_022,,
240,test_023,,
241,test_024,,
242,test_026,,
243,test_027,,
244,test_028,,
245,test_029,,
246,test_030,,
247,test_031,,
248,test_032,,
249,test_033,,
250,test_034,,
251,test_035,,
252,test_037,,
253,test_038,,
254,test_039,,
255,test_040,,
256,test_041,,
257,test_042,,
258,test_043,,
259,test_045,,
260,test_046,,
261,test_047,,
262,test_048,,
263,test_051,,
264,test_053,,
265,test_054,,
266,test_055,,
267,test_057,,
268,test_058,,
269,test_059,,
270,test_060,,
271,test_062,,
272,test_065,,
273,test_067,,
274,test_068,,
275,test_069,,
276,test_071,,
277,test_072,,
278,test_073,,
279,test_075,,
280,test_076,,
281,test_077,,
282,test_078,,
283,test_079,,
284,test_080,,
285,test_082,,
286,test_083,,
287,test_084,,
288,test_088,,
289,test_090,,
290,test_092,,
291,test_093,,
292,test_095,,
293,test_096,,
294,test_097,,
295,test_100,,
296,test_101,,
297,test_102,,
298,test_103,,
299,test_104,,
300,test_105,,
301,test_106,,
302,test_107,,
303,test_108,,
304,test_109,,
305,test_110,,
306,test_111,,
307,test_112,,
308,test_113,,
309,test_114,,
310,test_115,,
311,test_116,,
312,test_118,,
313,test_120,,
314,test_122,,
315,test_124,,
316,test_127,,
317,test_129,,
318,test_130,,
