epoch,train_loss,stop_loss
1,0.4779636208550073,0.365567613641421
2,0.24945940077210133,0.26463758206615845
3,0.015100335982866826,0.44617502481363164
4,0.03489228032195751,0.4484953406110132
5,0.014874362349997384,0.4843381705200874
6,0.001356599378813833,0.6341161728321527
7,0.0007905148720862372,0.6581378917839855
8,0.003708616749829327,0.4800319278732406
9,0.06701191422763286,0.5311729274353496
10,0.0007677244358353866,0.5898498382337104
11,0.000422190491658399,0.6226398957113252
12,0.0005067778388952334,0.6764429988475673
