seed,fold,rule,threshold,events,positive_events,tp,fp,tn,fn,precision,sensitivity,specificity,f1,f2,mcc,auroc,pr_auc
1,0,inner_f1,0.054845165461301804,470,12,6,38,420,6,0.13636363636363635,0.5,0.9170305676855895,0.21428571428571427,0.32608695652173914,0.22581880948449776,0.8346069868995634,0.1864352193468885
1,0,inner_f2,0.02666439861059189,470,12,7,47,411,5,0.12962962962962962,0.5833333333333334,0.8973799126637555,0.21212121212121213,0.3431372549019608,0.23777484433639035,0.8346069868995634,0.1864352193468885
1,1,inner_f1,0.9518315196037292,466,12,1,2,452,11,0.3333333333333333,0.08333333333333333,0.9955947136563876,0.13333333333333333,0.09803921568627451,0.15631432632528747,0.6378487518355359,0.06556704814768588
1,1,inner_f2,0.000461376243038103,466,12,8,144,310,4,0.05263157894736842,0.6666666666666666,0.6828193832599119,0.0975609756097561,0.2,0.11807603921326833,0.6378487518355359,0.06556704814768588
1,2,inner_f1,0.9902750253677368,451,11,3,1,439,8,0.75,0.2727272727272727,0.9977272727272727,0.4,0.3125,0.4449725376740865,0.7694214876033059,0.3176867766608776
1,2,inner_f2,0.0650755912065506,451,11,7,36,404,4,0.16279069767441862,0.6363636363636364,0.9181818181818182,0.25925925925925924,0.40229885057471265,0.29126984274900425,0.7694214876033059,0.3176867766608776
1,3,inner_f1,0.4383687674999237,447,9,4,6,432,5,0.4,0.4444444444444444,0.9863013698630136,0.42105263157894735,0.43478260869565216,0.40910864560857807,0.8297818366311517,0.28495788901804464
1,3,inner_f2,0.10524304956197739,447,9,6,20,418,3,0.23076923076923078,0.6666666666666666,0.954337899543379,0.34285714285714286,0.4838709677419355,0.3726708136719185,0.8297818366311517,0.28495788901804464
1,4,inner_f1,0.9849919676780701,466,12,2,2,452,10,0.5,0.16666666666666666,0.9955947136563876,0.25,0.19230769230769232,0.2786010392519805,0.7966226138032305,0.19526176343005316
1,4,inner_f2,0.06716356426477432,466,12,6,53,401,6,0.1016949152542373,0.5,0.8832599118942731,0.16901408450704225,0.2803738317757009,0.18255289915327533,0.7966226138032305,0.19526176343005316
11,0,inner_f1,0.8895178437232971,461,10,3,1,450,7,0.75,0.3,0.9977827050997783,0.42857142857142855,0.3409090909090909,0.4677347600625689,0.8523281596452328,0.3543128349983457
11,0,inner_f2,0.0044018179178237915,461,10,7,49,402,3,0.125,0.7,0.8913525498891353,0.21212121212121213,0.3645833333333333,0.2637018761361092,0.8523281596452328,0.3543128349983457
11,1,inner_f1,0.18029068410396576,437,12,4,16,409,8,0.2,0.3333333333333333,0.9623529411764706,0.25,0.29411764705882354,0.23122416945912136,0.6092156862745098,0.0897768774837511
11,1,inner_f2,0.18029068410396576,437,12,4,16,409,8,0.2,0.3333333333333333,0.9623529411764706,0.25,0.29411764705882354,0.23122416945912136,0.6092156862745098,0.0897768774837511
11,2,inner_f1,0.077778160572052,451,10,5,12,429,5,0.29411764705882354,0.5,0.9727891156462585,0.37037037037037035,0.43859649122807015,0.36552529739593276,0.7034013605442178,0.2264127539640139
11,2,inner_f2,0.077778160572052,451,10,5,12,429,5,0.29411764705882354,0.5,0.9727891156462585,0.37037037037037035,0.43859649122807015,0.36552529739593276,0.7034013605442178,0.2264127539640139
11,3,inner_f1,0.4197750389575958,482,11,4,12,459,7,0.25,0.36363636363636365,0.9745222929936306,0.2962962962962963,0.3333333333333333,0.2818865510884047,0.7265006755452615,0.16925750007313264
11,3,inner_f2,0.4197750389575958,482,11,4,12,459,7,0.25,0.36363636363636365,0.9745222929936306,0.2962962962962963,0.3333333333333333,0.2818865510884047,0.7265006755452615,0.16925750007313264
11,4,inner_f1,0.1840502768754959,469,13,6,18,438,7,0.25,0.46153846153846156,0.9605263157894737,0.32432432432432434,0.39473684210526316,0.3144470911227981,0.8522267206477734,0.23845187567271744
11,4,inner_f2,0.11476925760507584,469,13,7,25,431,6,0.21875,0.5384615384615384,0.9451754385964912,0.3111111111111111,0.4166666666666667,0.3148892886454618,0.8522267206477734,0.23845187567271744
21,0,inner_f1,0.3066578209400177,450,12,6,8,430,6,0.42857142857142855,0.5,0.9817351598173516,0.46153846153846156,0.4838709677419355,0.44702185931198213,0.6919710806697108,0.23563573351483597
21,0,inner_f2,0.3066578209400177,450,12,6,8,430,6,0.42857142857142855,0.5,0.9817351598173516,0.46153846153846156,0.4838709677419355,0.44702185931198213,0.6919710806697108,0.23563573351483597
21,1,inner_f1,0.06642615795135498,458,10,3,16,432,7,0.15789473684210525,0.3,0.9642857142857143,0.20689655172413793,0.2542372881355932,0.19368841034361597,0.7854910714285714,0.11128877967904734
21,1,inner_f2,0.014896528795361519,458,10,6,43,405,4,0.12244897959183673,0.6,0.9040178571428571,0.2033898305084746,0.33707865168539325,0.23830065527962746,0.7854910714285714,0.11128877967904734
21,2,inner_f1,0.44222429394721985,463,10,4,13,440,6,0.23529411764705882,0.4,0.9713024282560706,0.2962962962962963,0.3508771929824561,0.2870020510467242,0.7300220750551877,0.1465849230385616
21,2,inner_f2,0.44222429394721985,463,10,4,13,440,6,0.23529411764705882,0.4,0.9713024282560706,0.2962962962962963,0.3508771929824561,0.2870020510467242,0.7300220750551877,0.1465849230385616
21,3,inner_f1,0.990715503692627,463,12,1,1,450,11,0.5,0.08333333333333333,0.9977827050997783,0.14285714285714285,0.1,0.1965260683037344,0.6038433111603844,0.07793754965514368
21,3,inner_f2,0.08544836938381195,463,12,5,82,369,7,0.05747126436781609,0.4166666666666667,0.8181818181818182,0.10101010101010101,0.18518518518518517,0.09552413370404261,0.6038433111603844,0.07793754965514368
21,4,inner_f1,0.517153263092041,466,12,3,17,437,9,0.15,0.25,0.9625550660792952,0.1875,0.22058823529411764,0.1661145150823867,0.6765785609397944,0.1030267264830413
21,4,inner_f2,0.20895223319530487,466,12,5,58,396,7,0.07936507936507936,0.4166666666666667,0.8722466960352423,0.13333333333333333,0.22522522522522523,0.13383305163547454,0.6765785609397944,0.1030267264830413
31,0,inner_f1,0.49788156151771545,454,10,4,11,433,6,0.26666666666666666,0.4,0.9752252252252253,0.32,0.36363636363636365,0.30810987824626324,0.7137387387387387,0.15661819552514386
31,0,inner_f2,0.2758433520793915,454,10,5,19,425,5,0.20833333333333334,0.5,0.9572072072072072,0.29411764705882354,0.390625,0.29989187822780244,0.7137387387387387,0.15661819552514386
31,1,inner_f1,0.7615751028060913,472,12,3,2,458,9,0.6,0.25,0.9956521739130435,0.35294117647058826,0.2830188679245283,0.37769975943425854,0.6268115942028986,0.2688456670293314
31,1,inner_f2,0.5000199675559998,472,12,4,7,453,8,0.36363636363636365,0.3333333333333333,0.9847826086956522,0.34782608695652173,0.3389830508474576,0.331900699286884,0.6268115942028986,0.2688456670293314
31,2,inner_f1,0.4597180187702179,453,11,3,6,436,8,0.3333333333333333,0.2727272727272727,0.9864253393665159,0.3,0.2830188679245283,0.2858579850155327,0.6663924310983135,0.13943961121262127
31,2,inner_f2,0.016867853701114655,453,11,7,46,396,4,0.1320754716981132,0.6363636363636364,0.8959276018099548,0.21875,0.36082474226804123,0.25491116880359294,0.6663924310983135,0.13943961121262127
31,3,inner_f1,0.5556184649467468,471,11,3,2,458,8,0.6,0.2727272727272727,0.9956521739130435,0.375,0.30612244897959184,0.3955000575343547,0.8622529644268775,0.3130943090393519
31,3,inner_f2,0.09748395532369614,471,11,7,37,423,4,0.1590909090909091,0.6363636363636364,0.9195652173913044,0.2545454545454545,0.3977272727272727,0.28850556718329573,0.8622529644268775,0.3130943090393519
31,4,inner_f1,0.4726344048976898,450,12,3,6,432,9,0.3333333333333333,0.25,0.9863013698630136,0.2857142857142857,0.2631578947368421,0.27192764911220657,0.72279299847793,0.1808204958498774
31,4,inner_f2,0.25715336203575134,450,12,4,22,416,8,0.15384615384615385,0.3333333333333333,0.9497716894977168,0.21052631578947367,0.2702702702702703,0.1954814945019738,0.72279299847793,0.1808204958498774
41,0,inner_f1,0.049765266478061676,461,14,7,25,422,7,0.21875,0.5,0.9440715883668904,0.30434782608695654,0.3977272727272727,0.29982450967516205,0.7716522850751039,0.19638644698194485
41,0,inner_f2,0.049765266478061676,461,14,7,25,422,7,0.21875,0.5,0.9440715883668904,0.30434782608695654,0.3977272727272727,0.29982450967516205,0.7716522850751039,0.19638644698194485
41,1,inner_f1,0.13074292242527008,465,12,7,38,415,5,0.15555555555555556,0.5833333333333334,0.9161147902869757,0.24561403508771928,0.3763440860215054,0.26785466086192544,0.8096026490066225,0.20416681408466503
41,1,inner_f2,0.13074292242527008,465,12,7,38,415,5,0.15555555555555556,0.5833333333333334,0.9161147902869757,0.24561403508771928,0.3763440860215054,0.26785466086192544,0.8096026490066225,0.20416681408466503
41,2,inner_f1,0.9503154158592224,451,11,2,3,437,9,0.4,0.18181818181818182,0.9931818181818182,0.25,0.20408163265306123,0.25781506912023366,0.7557851239669421,0.149346348541355
41,2,inner_f2,0.09203322231769562,451,11,6,44,396,5,0.12,0.5454545454545454,0.9,0.19672131147540983,0.3191489361702128,0.21886125599694115,0.7557851239669421,0.149346348541355
41,3,inner_f1,0.08435418456792831,468,10,4,7,451,6,0.36363636363636365,0.4,0.9847161572052402,0.38095238095238093,0.39215686274509803,0.367213570615694,0.6495633187772926,0.13157952078138402
41,3,inner_f2,0.08435418456792831,468,10,4,7,451,6,0.36363636363636365,0.4,0.9847161572052402,0.38095238095238093,0.39215686274509803,0.367213570615694,0.6495633187772926,0.13157952078138402
41,4,inner_f1,0.08321070671081543,455,9,2,3,443,7,0.4,0.2222222222222222,0.9932735426008968,0.2857142857142857,0.24390243902439024,0.2878300706798278,0.7623318385650224,0.161583684855034
41,4,inner_f2,0.010708755813539028,455,9,3,10,436,6,0.23076923076923078,0.3333333333333333,0.9775784753363229,0.2727272727272727,0.30612244897959184,0.2598621877729299,0.7623318385650224,0.161583684855034
