seed,rule,events,positive_events,tp,fp,tn,fn,precision,sensitivity,specificity,f1,f2,mcc,auroc,pr_auc
1,fixed_0p5,575,14,4,16,545,10,0.2,0.2857142857142857,0.9714795008912656,0.23529411764705882,0.2631578947368421,0.21634378900243278,0.8334606569900689,0.16381483820426723
1,inner_f1,575,14,3,11,550,11,0.21428571428571427,0.21428571428571427,0.9803921568627451,0.21428571428571427,0.21428571428571427,0.19467787114845939,0.8334606569900689,0.16381483820426723
1,inner_f2,575,14,8,59,502,6,0.11940298507462686,0.5714285714285714,0.8948306595365418,0.19753086419753085,0.3252032520325203,0.2239771086627111,0.8334606569900689,0.16381483820426723
11,fixed_0p5,575,14,6,25,536,8,0.1935483870967742,0.42857142857142855,0.9554367201426025,0.26666666666666666,0.3448275862068966,0.2620629297669925,0.8570155334861217,0.18514278309096185
11,inner_f1,575,14,7,32,529,7,0.1794871794871795,0.5,0.9429590017825312,0.2641509433962264,0.3684210526315789,0.27151528414012144,0.8570155334861217,0.18514278309096185
11,inner_f2,575,14,10,51,510,4,0.16393442622950818,0.7142857142857143,0.9090909090909091,0.26666666666666666,0.42735042735042733,0.3119963287118596,0.8570155334861217,0.18514278309096185
21,fixed_0p5,575,14,5,23,538,9,0.17857142857142858,0.35714285714285715,0.9590017825311943,0.23809523809523808,0.2976190476190476,0.226390705178899,0.743188184364655,0.19464628678631893
21,inner_f1,575,14,5,20,541,9,0.2,0.35714285714285715,0.964349376114082,0.2564102564102564,0.30864197530864196,0.24297667512055127,0.743188184364655,0.19464628678631893
21,inner_f2,575,14,7,42,519,7,0.14285714285714285,0.5,0.9251336898395722,0.2222222222222222,0.3333333333333333,0.23468215011867144,0.743188184364655,0.19464628678631893
31,fixed_0p5,575,14,8,54,507,6,0.12903225806451613,0.5714285714285714,0.9037433155080213,0.21052631578947367,0.3389830508474576,0.23612483056875355,0.8071046600458365,0.2655867446586475
31,inner_f1,575,14,8,48,513,6,0.14285714285714285,0.5714285714285714,0.9144385026737968,0.22857142857142856,0.35714285714285715,0.2525720127416674,0.8071046600458365,0.2655867446586475
31,inner_f2,575,14,11,140,421,3,0.0728476821192053,0.7857142857142857,0.750445632798574,0.13333333333333333,0.26570048309178745,0.1877882397270484,0.8071046600458365,0.2655867446586475
41,fixed_0p5,575,14,5,13,548,9,0.2777777777777778,0.35714285714285715,0.9768270944741533,0.3125,0.33783783783783783,0.29558949258053707,0.750445632798574,0.1196170051838936
41,inner_f1,575,14,4,20,541,10,0.16666666666666666,0.2857142857142857,0.964349376114082,0.21052631578947367,0.25,0.19271459857167078,0.750445632798574,0.1196170051838936
41,inner_f2,575,14,6,26,535,8,0.1875,0.42857142857142855,0.9536541889483066,0.2608695652173913,0.3409090909090909,0.2569746809248124,0.750445632798574,0.1196170051838936
