event_id,label,probability,slides,stain_groups,probability_fold_0,probability_fold_1,probability_fold_2,probability_fold_3,probability_fold_4,probability_fold_5,probability_fold_6,probability_fold_7,probability_fold_8,probability_fold_9,probability_fold_10,probability_fold_11,probability_fold_12,probability_fold_13,probability_fold_14,probability_fold_15,probability_fold_16,probability_fold_17,probability_fold_18,probability_fold_19,probability_fold_20,probability_fold_21,probability_fold_22,probability_fold_23,probability_fold_24,prediction
ACR-1,1,0.10269229987519793,1,HE,0.19840967655181885,0.2862907648086548,0.008580689318478107,0.3039470911026001,0.02758209779858589,0.1434774547815323,0.01345202885568142,0.06288538873195648,0.001524777733720839,0.09043890982866287,0.0006460825679823756,0.27027440071105957,0.012344666756689548,0.23285123705863953,0.019446834921836853,0.04491984471678734,0.08263184875249863,0.04047131910920143,0.03523719310760498,0.0014333459548652172,6.230498547665775e-05,0.04996992275118828,0.19992037117481232,0.2498130053281784,0.19069623947143555,0
ACR-2,1,0.06304545443752431,1,HE,0.131578266620636,0.18810196220874786,0.00775764649733901,0.16341960430145264,0.025566061958670616,0.1141841784119606,0.010235193185508251,0.03532316908240318,0.0008760868804529309,0.0428008995950222,0.0006098661688156426,0.052621275186538696,0.01242188923060894,0.12095899879932404,0.009288482367992401,0.025215256959199905,0.07598569989204407,0.021581867709755898,0.021604835987091064,0.0009139289031736553,2.538314220146276e-05,0.03726797178387642,0.1603846251964569,0.16998639702796936,0.1474268138408661,0
ACR-3,1,0.08773202603450045,1,HE,0.20094071328639984,0.1990492343902588,0.007267416454851627,0.3194778263568878,0.01576893776655197,0.17039242386817932,0.02409539930522442,0.032820556312799454,0.001381137641146779,0.03405967727303505,0.0008543623262085021,0.3957499861717224,0.006246063858270645,0.10953662544488907,0.038398295640945435,0.06985558569431305,0.07998985052108765,0.03046359494328499,0.015308739617466927,0.0017037545330822468,9.480689186602831e-05,0.058280009776353836,0.06596183776855469,0.08811750262975693,0.22748631238937378,0
ACR-4,1,0.1622530264686793,1,HE,0.3476739227771759,0.4824420213699341,0.012560110539197922,0.38031044602394104,0.050071172416210175,0.13752537965774536,0.04064563661813736,0.13352744281291962,0.002216051099821925,0.1265515238046646,0.0009667054982855916,0.3143967390060425,0.015581216663122177,0.41319146752357483,0.08511244505643845,0.050215911120176315,0.09603037685155869,0.046371638774871826,0.0452425479888916,0.0022809726651757956,8.861359674483538e-05,0.06624432653188705,0.2636275887489319,0.7490442395210266,0.1944071650505066,0
ACR-5,1,0.08100186945710447,1,HE,0.13284842669963837,0.1523113250732422,0.009402689523994923,0.19684264063835144,0.03490160033106804,0.17234328389167786,0.013545510359108448,0.02190808393061161,0.0012590967817232013,0.058603234589099884,0.0008423517574556172,0.2241232693195343,0.007504132576286793,0.20885410904884338,0.01351118553429842,0.047030963003635406,0.0800643339753151,0.05088619515299797,0.027451874688267708,0.0017163620796054602,5.559019700740464e-05,0.05482262745499611,0.2854362726211548,0.05326513573527336,0.17551644146442413,0
AMR-1,0,0.018724232277982082,1,HE,0.019208576530218124,0.0038743268232792616,0.0015210573328658938,0.04325604811310768,0.0036338227801024914,0.13665075600147247,0.0011513765202835202,0.0013122988166287541,7.958097558002919e-05,0.0016313981031998992,9.644816600484774e-05,0.015971669927239418,0.0006531121325679123,0.012241886928677559,0.0003851736255455762,0.026882337406277657,0.025410275906324387,0.00439840042963624,0.0014326164964586496,0.0003638178459368646,6.855525953142205e-06,0.013993832282721996,0.011463516391813755,0.000229199678869918,0.142257422208786,0
AMR-2,0,0.04343455817128415,1,HE,0.053565897047519684,0.02257380448281765,0.005068260710686445,0.16894769668579102,0.013716494664549828,0.1811428666114807,0.007150689605623484,0.011764115653932095,0.0006016868283040822,0.006873024627566338,0.0008336830069310963,0.0941428616642952,0.0026775249280035496,0.057244956493377686,0.003262441838160157,0.06201988458633423,0.05794697254896164,0.01962142065167427,0.00814354419708252,0.0014392383163794875,5.7007313444046304e-05,0.035442471504211426,0.03304580599069595,0.009011528454720974,0.22957007586956024,0
AMR-3,0,0.08322662795020733,1,HE,0.10122374445199966,0.03782878443598747,0.0070428866893053055,0.35511043667793274,0.021608004346489906,0.2515043020248413,0.01728169433772564,0.01761133410036564,0.001346917008049786,0.010570384562015533,0.0016073458828032017,0.45851168036460876,0.002869814168661833,0.08948595076799393,0.007877649739384651,0.1475820094347,0.0749259889125824,0.03644343465566635,0.009067835286259651,0.0027473163791000843,0.00017768600082490593,0.05456555262207985,0.029644764959812164,0.021440694108605385,0.3225894868373871,0
AMR-4,0,0.11351058029627893,1,HE,0.17993852496147156,0.29285621643066406,0.012149619869887829,0.2852320075035095,0.04309055581688881,0.15476380288600922,0.0399327352643013,0.08235763013362885,0.0023424357641488314,0.08864016085863113,0.001785504282452166,0.14722025394439697,0.015996374189853668,0.32312366366386414,0.01880529709160328,0.05390999838709831,0.08870337903499603,0.05777415260672569,0.06536663323640823,0.002634356264024973,0.00012123295164201409,0.062459759414196014,0.20911931991577148,0.42242324352264404,0.18701764941215515,0
AMR-5,0,0.2709603397245519,1,HE,0.49678292870521545,0.6669318675994873,0.029086999595165253,0.5364009141921997,0.10643845051527023,0.2035919427871704,0.3350171446800232,0.270250529050827,0.006102818064391613,0.18442432582378387,0.008294987492263317,0.5808419585227966,0.03905940800905228,0.7034139037132263,0.22234079241752625,0.10336577147245407,0.13733068108558655,0.2747505307197571,0.18506136536598206,0.011033362708985806,0.0005198700237087905,0.13035297393798828,0.3446688652038574,0.9182700514793396,0.27967604994773865,0
Non-rejecting-1,0,0.029778864593463367,1,HE,0.03006209060549736,0.00956878624856472,0.0038608284667134285,0.09617426991462708,0.00737511133775115,0.15410594642162323,0.0033476382959634066,0.005365120247006416,0.000336822442477569,0.004177756141871214,0.0005049549508839846,0.04062926396727562,0.0014221150195226073,0.02910287119448185,0.0014719230821356177,0.04693517088890076,0.04302115738391876,0.01114416029304266,0.004767827223986387,0.0008483530255034566,2.402408244961407e-05,0.024305831640958786,0.02244163304567337,0.0014887701254338026,0.20198918879032135,0
Non-rejecting-2,0,0.031279128935457264,1,HE,0.03873080760240555,0.0130149582400918,0.0021041017025709152,0.13130909204483032,0.004943318199366331,0.13955150544643402,0.0024542289320379496,0.0051356046460568905,0.00022926568635739386,0.003082195995375514,0.0002150149957742542,0.05625177174806595,0.0013532508164644241,0.03035503625869751,0.0012085664784535766,0.04435225948691368,0.04177924618124962,0.008929797448217869,0.004082092549651861,0.0005855321069248021,1.2044999493809883e-05,0.021424712613224983,0.019763290882110596,0.002740513300523162,0.20837001502513885,0
Non-rejecting-3,0,0.04604220864130184,1,HE,0.06888208538293839,0.02207779511809349,0.0037287806626409292,0.20309500396251678,0.02011076733469963,0.16198693215847015,0.008491495624184608,0.010937751270830631,0.0005920259864069521,0.009015293791890144,0.0007556224009022117,0.10529358685016632,0.002901995787397027,0.07824093848466873,0.007028787862509489,0.04845127835869789,0.06617311388254166,0.023949842900037766,0.006897950079292059,0.0010000640759244561,4.4431653805077076e-05,0.032685767859220505,0.04992960765957832,0.015836158767342567,0.20294813811779022,0
Non-rejecting-4,0,0.05927139087085379,1,HE,0.05647572502493858,0.014481943100690842,0.0084308460354805,0.21078842878341675,0.018797745928168297,0.2511546015739441,0.008769246749579906,0.008737170137465,0.0008385971887037158,0.0076652574352920055,0.0018396381055936217,0.19640398025512695,0.002055497607216239,0.06679502874612808,0.004476852249354124,0.1184394508600235,0.07171274721622467,0.03009246475994587,0.008358125574886799,0.0020828398410230875,0.0001029207996907644,0.04504542797803879,0.04106908291578293,0.00392596609890461,0.3032451868057251,0
Non-rejecting-5,0,0.051895223084429745,1,HE,0.08139155060052872,0.046873584389686584,0.0033065651077777147,0.276497483253479,0.009203263558447361,0.14430342614650726,0.009522818960249424,0.015343965962529182,0.0006566587835550308,0.006871797610074282,0.0004645672161132097,0.1575661152601242,0.002670091576874256,0.09023196995258331,0.0024328213185071945,0.04870941862463951,0.06074080243706703,0.018885549157857895,0.007246328517794609,0.001115223509259522,2.2226166038308293e-05,0.035164255648851395,0.03619827702641487,0.026182109490036964,0.21577970683574677,0
