case_id,anchor_date,label,probability,slides,fold
future_patient_01142edb30ad08a9ae7e,2021-03-16,0,0.37287112573782605,3,3
future_patient_01142edb30ad08a9ae7e,2021-04-06,1,0.22339342534542084,1,3
future_patient_01142edb30ad08a9ae7e,2021-05-11,1,0.3953861246506373,3,3
future_patient_01142edb30ad08a9ae7e,2021-11-23,0,0.10682137372593085,3,3
future_patient_0b6e1957bcdb80e99b8b,2023-07-11,0,0.027813997847260907,4,3
future_patient_0b6e1957bcdb80e99b8b,2023-07-25,0,0.05759407960188886,3,3
future_patient_0b6e1957bcdb80e99b8b,2023-10-05,0,0.026461489498615265,5,3
future_patient_0f1945cb5179195b9be1,2021-12-14,0,0.15656276047229767,1,3
future_patient_0f1945cb5179195b9be1,2023-03-14,0,0.058413054794073105,1,3
future_patient_124fb3c6d9c30b09a38e,2025-03-25,0,0.04669921264212462,4,3
future_patient_124fb3c6d9c30b09a38e,2025-04-15,0,0.01731856190599501,2,3
future_patient_124fb3c6d9c30b09a38e,2025-05-13,0,0.06872298657708598,6,3
future_patient_124fb3c6d9c30b09a38e,2025-08-12,0,0.08839663118124008,1,3
future_patient_124fb3c6d9c30b09a38e,2025-10-14,0,0.03694654824648751,5,3
future_patient_1b78de67e1a65af90d7b,2020-04-21,0,0.2313372503655652,3,3
future_patient_1b78de67e1a65af90d7b,2020-07-21,0,0.35369966210176546,3,3
future_patient_2bfe2513fa9eeba50d5c,2022-07-05,0,0.11111690104007721,1,3
future_patient_2bfe2513fa9eeba50d5c,2022-07-26,0,0.08874981722328812,2,3
future_patient_2bfe2513fa9eeba50d5c,2022-08-30,0,0.1969727873802185,1,3
future_patient_2bfe2513fa9eeba50d5c,2022-10-11,0,0.06102513521909714,1,3
future_patient_2bfe2513fa9eeba50d5c,2022-11-29,0,0.2050980031490326,1,3
future_patient_2bfe2513fa9eeba50d5c,2023-01-31,0,0.10557353496551514,1,3
future_patient_2bfe2513fa9eeba50d5c,2023-04-11,0,0.2221033787742878,6,3
future_patient_45370b876ec32e15d50b,2022-01-18,0,0.09597089164058811,7,3
future_patient_45370b876ec32e15d50b,2022-01-25,0,0.08557208315469325,5,3
future_patient_45370b876ec32e15d50b,2022-02-15,0,0.14285011418784657,3,3
future_patient_45370b876ec32e15d50b,2022-03-29,0,0.5391093492507935,1,3
future_patient_45370b876ec32e15d50b,2022-05-03,0,0.27079498767852783,1,3
future_patient_45370b876ec32e15d50b,2022-06-21,0,0.2863779067993164,1,3
future_patient_45370b876ec32e15d50b,2022-09-27,0,0.1945522278547287,1,3
future_patient_49e9046af565544ac294,2024-12-17,1,0.00979542382992804,2,3
future_patient_49e9046af565544ac294,2024-12-31,0,0.07743216868887733,6,3
future_patient_49e9046af565544ac294,2025-02-04,0,0.024352580995764584,5,3
future_patient_49e9046af565544ac294,2025-03-11,0,0.027656061440939083,5,3
future_patient_49e9046af565544ac294,2025-06-10,0,0.024123396803285384,6,3
future_patient_648a96bdca98fca5fcdb,2023-06-28,0,0.040842633694410324,1,3
future_patient_648a96bdca98fca5fcdb,2023-07-18,0,0.012675478123128414,1,3
future_patient_648a96bdca98fca5fcdb,2023-08-30,0,0.1351068615913391,1,3
future_patient_648a96bdca98fca5fcdb,2023-09-26,0,0.3078126013278961,1,3
future_patient_6a030531738838c5fefb,2025-09-23,0,0.005092885112389922,2,3
future_patient_6a030531738838c5fefb,2025-10-21,0,0.053734732791781425,8,3
future_patient_6a65a2ba99039a3b1cd6,2022-07-15,0,0.3914335563313216,4,3
future_patient_6a65a2ba99039a3b1cd6,2022-09-06,0,0.21723060309886932,1,3
future_patient_6a65a2ba99039a3b1cd6,2023-03-21,0,0.0201102402061224,1,3
future_patient_6bed8423156aaba78ad4,2021-11-16,0,0.38794025033712387,3,3
future_patient_6bed8423156aaba78ad4,2022-01-04,0,0.3861697278916836,2,3
future_patient_6bed8423156aaba78ad4,2022-02-15,0,0.5874383449554443,1,3
future_patient_6bed8423156aaba78ad4,2022-03-15,0,0.24060106463730335,4,3
future_patient_7b999f6968120c8fed92,2022-02-15,1,0.019024334847927094,3,3
future_patient_7b999f6968120c8fed92,2022-03-15,0,0.45326679199934006,4,3
future_patient_7b999f6968120c8fed92,2022-04-12,0,0.327874094247818,1,3
future_patient_7b999f6968120c8fed92,2022-05-17,0,0.12842173874378204,1,3
future_patient_7b999f6968120c8fed92,2022-06-14,0,0.1678827852010727,1,3
future_patient_7b999f6968120c8fed92,2022-08-02,0,0.09558580070734024,1,3
future_patient_7b999f6968120c8fed92,2022-10-04,0,0.20491687953472137,1,3
future_patient_7e2dff579eae5a6fc8f1,2021-03-02,0,0.10389892011880875,1,3
future_patient_7e2dff579eae5a6fc8f1,2021-07-20,0,0.20878012478351593,1,3
future_patient_89d17bb5b8808afc3302,2021-08-03,0,0.22358382493257523,3,3
future_patient_89d17bb5b8808afc3302,2021-08-17,0,0.08788690716028214,1,3
future_patient_89d17bb5b8808afc3302,2021-09-14,0,0.18316082656383514,1,3
future_patient_89d17bb5b8808afc3302,2021-10-11,0,0.152437224984169,1,3
future_patient_89d17bb5b8808afc3302,2022-01-18,0,0.2302408367395401,1,3
future_patient_89d17bb5b8808afc3302,2022-04-05,0,0.1966165155172348,1,3
future_patient_8eda02e339c780defeeb,2021-11-16,0,0.22064119577407837,1,3
future_patient_8eda02e339c780defeeb,2021-11-30,0,0.41436710953712463,1,3
future_patient_8eda02e339c780defeeb,2022-03-22,0,0.2548237144947052,1,3
future_patient_8eda02e339c780defeeb,2022-06-28,0,0.36012688279151917,1,3
future_patient_8eda02e339c780defeeb,2022-09-20,0,0.09954003244638443,1,3
future_patient_9836de042c4cf56dc467,2022-11-01,0,0.3302306532859802,1,3
future_patient_9836de042c4cf56dc467,2022-12-06,0,0.055835191160440445,1,3
future_patient_9836de042c4cf56dc467,2023-01-03,0,0.14455371792428195,2,3
future_patient_9836de042c4cf56dc467,2023-01-31,0,0.06409016996622086,1,3
future_patient_9836de042c4cf56dc467,2023-04-04,0,0.07058898359537125,1,3
future_patient_9836de042c4cf56dc467,2023-07-04,0,0.060693852603435516,1,3
future_patient_9836de042c4cf56dc467,2023-10-31,0,0.032358597964048386,1,3
future_patient_9836de042c4cf56dc467,2024-02-27,0,0.03462260589003563,1,3
future_patient_9f16c4c2cc3933e79a4e,2024-02-13,0,0.037011776272265706,8,3
future_patient_9f16c4c2cc3933e79a4e,2024-02-27,0,0.05385156720876694,1,3
future_patient_9f16c4c2cc3933e79a4e,2024-04-02,0,0.024557031458243728,5,3
future_patient_9f16c4c2cc3933e79a4e,2024-07-02,0,0.10781776160001755,2,3
future_patient_9f16c4c2cc3933e79a4e,2024-10-17,0,0.09917574888398424,6,3
future_patient_a0abc697d95a651866f8,2021-08-24,0,0.07155192701611668,2,3
future_patient_a0abc697d95a651866f8,2021-11-08,0,0.08519692101981491,2,3
future_patient_bfbf7a0339609c7d3df4,2021-09-28,0,0.28935606777668,3,3
future_patient_bfbf7a0339609c7d3df4,2021-11-09,0,0.056460466352291405,4,3
future_patient_bfbf7a0339609c7d3df4,2021-12-21,0,0.19503862240041295,3,3
future_patient_bfbf7a0339609c7d3df4,2022-02-08,0,0.24232269823551178,1,3
future_patient_bfbf7a0339609c7d3df4,2022-04-12,0,0.13474859297275543,1,3
future_patient_bfbf7a0339609c7d3df4,2022-06-28,0,0.06848260015249252,1,3
future_patient_c74169b96a04d4b7998d,2022-01-18,0,0.15311142802238464,1,3
future_patient_c74169b96a04d4b7998d,2022-02-15,0,0.09341178089380264,2,3
future_patient_c74169b96a04d4b7998d,2022-03-08,0,0.06274029612541199,1,3
future_patient_c74169b96a04d4b7998d,2022-04-12,0,0.23603728413581848,1,3
future_patient_c74169b96a04d4b7998d,2022-05-24,0,0.20769411325454712,1,3
future_patient_c74169b96a04d4b7998d,2022-07-05,0,0.15618497133255005,1,3
future_patient_c74169b96a04d4b7998d,2022-10-04,0,0.01606825180351734,1,3
future_patient_c74169b96a04d4b7998d,2023-01-03,0,0.04148812632774934,2,3
future_patient_d9a53d5011a0ca32ea1c,2023-02-14,0,0.06955238555868466,6,3
future_patient_d9a53d5011a0ca32ea1c,2023-02-28,0,0.22850666493177413,5,3
future_patient_d9a53d5011a0ca32ea1c,2023-03-29,0,0.036726273596286774,1,3
future_patient_d9a53d5011a0ca32ea1c,2023-05-09,0,0.1536195117980242,5,3
future_patient_d9a53d5011a0ca32ea1c,2023-08-08,0,0.05661559247528203,2,3
future_patient_d9a53d5011a0ca32ea1c,2023-11-07,0,0.02808486728463322,2,3
future_patient_e517d88f191b5e02b49e,2022-02-22,0,0.05644191801548004,1,3
