case_id,patient_id,biopsy_id,slide_id,source_type,source_rel_path,processing_rel_path,stain,stain_group,acr_grade,amr_grade,rejection_group,acr_any_label,acr_high_label,amr_positive_label,any_rejection_label,roi_x,roi_y,roi_width,roi_height,width,height,mpp_x,mpp_y,xenium_slide,cell_count,fixed_mpp,biopsy_timing,days_from_transplant,task,label,probability,prediction,probability_fold_0,probability_fold_1,probability_fold_2
Patient_1,Patient_1,Patient_1_1,GSE290577_core_Patient_1_1,core,spatial_assets/GSE290577_20240816_Xen0022213_KA-HrtRej032024A_40Xome.ome.tif,cores/GSE290577_core_Patient_1_1,HE,HE,2R,pAMR1-i,mixed_rejection,1,1,1,1,80665,20026,3143,3060,88199,34246,0.2523000046877341,0.2523000046877341,slide1,591,0.2125724204790898,pre,408,acr_any,1,0.6843288739522299,1,0.7524129152297974,0.6271985173225403,0.6733751893043518
Patient_1,Patient_1,Patient_1_2,GSE290577_core_Patient_1_2,core,spatial_assets/GSE290577_20240816_Xen0022213_KA-HrtRej032024A_40Xome.ome.tif,cores/GSE290577_core_Patient_1_2,HE,HE,3R,pAMR1-i,mixed_rejection,1,1,1,1,80748,15491,3210,3160,88199,34246,0.2523000046877341,0.2523000046877341,slide1,616,0.2125724204790898,pre,408,acr_any,1,0.6928454438845316,1,0.8363423347473145,0.6597393155097961,0.5824546813964844
Patient_1,Patient_1,Patient_1_3,GSE290577_core_Patient_1_3,core,spatial_assets/GSE290577_20240816_Xen0022213_KA-HrtRej032024A_40Xome.ome.tif,cores/GSE290577_core_Patient_1_3,HE,HE,0R,pAMR1-i,antibody_rejection ,0,0,1,1,76173,15589,3265,3350,88199,34246,0.2523000046877341,0.2523000046877341,slide1,641,0.2125724204790898,post,418,acr_any,0,0.577465424935023,1,0.6830407381057739,0.5661811828613281,0.4831743538379669
Patient_1,Patient_1,Patient_1_4,GSE290577_core_Patient_1_4,core,spatial_assets/GSE290577_20240816_Xen0022213_KA-HrtRej032024A_40Xome.ome.tif,cores/GSE290577_core_Patient_1_4,HE,HE,0R,pAMR1-i,antibody_rejection ,0,0,1,1,76398,11597,2994,2515,88199,34246,0.2523000046877341,0.2523000046877341,slide1,543,0.2125724204790898,post,418,acr_any,0,0.7146417498588562,1,0.9089316129684448,0.6554476022720337,0.5795460343360901
Patient_10,Patient_10,Patient_10_1,GSE290577_core_Patient_10_1,core,spatial_assets/GSE290577_20240816_Xen0022213_KA-HrtRej032024A_40Xome.ome.tif,cores/GSE290577_core_Patient_10_1,HE,HE,2R,pAMR0,cellular_rejection,1,1,0,1,67627,11260,3079,2973,88199,34246,0.2523000046877341,0.2523000046877341,slide1,670,0.2125724204790898,pre,245,acr_any,1,0.4968764583269755,0,0.7858190536499023,0.28265365958213806,0.4221566617488861
Patient_10,Patient_10,Patient_10_2,GSE290577_core_Patient_10_2,core,spatial_assets/GSE290577_20240816_Xen0022213_KA-HrtRej032024A_40Xome.ome.tif,cores/GSE290577_core_Patient_10_2,HE,HE,2R,pAMR0,cellular_rejection,1,1,0,1,71642,28567,3338,3205,88199,34246,0.2523000046877341,0.2523000046877341,slide1,780,0.2125724204790898,post,264,acr_any,1,0.5539309084415436,1,0.662074863910675,0.4800575077533722,0.5196603536605835
Patient_10,Patient_10,Patient_10_3,GSE290577_core_Patient_10_3,core,spatial_assets/GSE290577_20240816_Xen0022213_KA-HrtRej032024A_40Xome.ome.tif,cores/GSE290577_core_Patient_10_3,HE,HE,2R,pAMR0,cellular_rejection,1,1,0,1,71627,23792,3292,3226,88199,34246,0.2523000046877341,0.2523000046877341,slide1,1110,0.2125724204790898,post,264,acr_any,1,0.4852507809797923,0,0.5926614999771118,0.4069664776325226,0.45612436532974243
Patient_11,Patient_11,Patient_11_1,GSE290577_core_Patient_11_1,core,spatial_assets/GSE290577_20240816_Xen0022215_KA-HrtRej032024B_40Xome.ome.tif,cores/GSE290577_core_Patient_11_1,HE,HE,1R,pAMR1-h,no_rejection,1,0,1,1,32090,20012,3454,3241,77399,33947,0.2523000046877341,0.2523000046877341,slide2,970,0.21253809797287468,pre,175,acr_any,1,0.5062691966692606,1,0.6137455701828003,0.44559091329574585,0.45947110652923584
Patient_11,Patient_11,Patient_11_2,GSE290577_core_Patient_11_2,core,spatial_assets/GSE290577_20240816_Xen0022215_KA-HrtRej032024B_40Xome.ome.tif,cores/GSE290577_core_Patient_11_2,HE,HE,2R,pAMR1-h,cellular_rejection,1,1,1,1,32173,15185,3484,3308,77399,33947,0.2523000046877341,0.2523000046877341,slide2,1013,0.21253809797287468,pre,175,acr_any,1,0.5135696232318878,1,0.6550660133361816,0.4346204698085785,0.4510223865509033
Patient_11,Patient_11,Patient_11_3,GSE290577_core_Patient_11_3,core,spatial_assets/GSE290577_20240816_Xen0022215_KA-HrtRej032024B_40Xome.ome.tif,cores/GSE290577_core_Patient_11_3,HE,HE,0R,pAMR0,no_rejection,0,0,0,0,32559,2709,3015,3006,77399,33947,0.2523000046877341,0.2523000046877341,slide2,456,0.21253809797287468,post,213,acr_any,0,0.4649410843849182,0,0.5038042664527893,0.47263139486312866,0.41838759183883667
Patient_11,Patient_11,Patient_11_4,GSE290577_core_Patient_11_4,core,spatial_assets/GSE290577_20240816_Xen0022215_KA-HrtRej032024B_40Xome.ome.tif,cores/GSE290577_core_Patient_11_4,HE,HE,0R,pAMR0,no_rejection,0,0,0,0,36623,28709,3031,3253,77399,33947,0.2523000046877341,0.2523000046877341,slide2,402,0.21253809797287468,post,213,acr_any,0,0.6032260258992513,1,0.743646502494812,0.5537766814231873,0.5122548937797546
Patient_12,Patient_12,Patient_12_1,GSE290577_core_Patient_12_1,core,spatial_assets/GSE290577_20240816_Xen0022215_KA-HrtRej032024B_40Xome.ome.tif,cores/GSE290577_core_Patient_12_1,HE,HE,0R,pAMR1-i,antibody_rejection ,0,0,1,1,23415,29089,2916,3201,77399,33947,0.2523000046877341,0.2523000046877341,slide2,595,0.21253809797287468,pre,1059,acr_any,0,0.5274985829989115,1,0.5825337767601013,0.5206170678138733,0.47934490442276
Patient_12,Patient_12,Patient_12_2,GSE290577_core_Patient_12_2,core,spatial_assets/GSE290577_20240816_Xen0022215_KA-HrtRej032024B_40Xome.ome.tif,cores/GSE290577_core_Patient_12_2,HE,HE,1R,pAMR2,antibody_rejection ,1,0,1,1,23487,24066,2947,3301,77399,33947,0.2523000046877341,0.2523000046877341,slide2,1456,0.21253809797287468,pre,1059,acr_any,1,0.23486643532911936,0,0.15361347794532776,0.38236919045448303,0.1686166375875473
Patient_12,Patient_12,Patient_12_3,GSE290577_core_Patient_12_3,core,spatial_assets/GSE290577_20240816_Xen0022215_KA-HrtRej032024B_40Xome.ome.tif,cores/GSE290577_core_Patient_12_3,HE,HE,0R,pAMR2,antibody_rejection ,0,0,1,1,23590,20075,3071,3206,77399,33947,0.2523000046877341,0.2523000046877341,slide2,950,0.21253809797287468,post,1065,acr_any,0,0.5276315013567606,1,0.7020174264907837,0.5037349462509155,0.37714213132858276
Patient_12,Patient_12,Patient_12_4,GSE290577_core_Patient_12_4,core,spatial_assets/GSE290577_20240816_Xen0022215_KA-HrtRej032024B_40Xome.ome.tif,cores/GSE290577_core_Patient_12_4,HE,HE,0R,pAMR2,antibody_rejection ,0,0,1,1,23553,15277,3175,3124,77399,33947,0.2523000046877341,0.2523000046877341,slide2,762,0.21253809797287468,post,1065,acr_any,0,0.5402718385060629,1,0.7922143936157227,0.42972615361213684,0.398874968290329
Patient_13,Patient_13,Patient_13_1,GSE290577_core_Patient_13_1,core,spatial_assets/GSE290577_20240816_Xen0022215_KA-HrtRej032024B_40Xome.ome.tif,cores/GSE290577_core_Patient_13_1,HE,HE,0R,pAMR0,no_rejection,0,0,0,0,49570,28859,3276,3211,77399,33947,0.2523000046877341,0.2523000046877341,slide2,465,0.21253809797287468,pre,53,acr_any,0,0.4672400454680125,0,0.500110387802124,0.4488731920719147,0.4527365565299988
Patient_13,Patient_13,Patient_13_2,GSE290577_core_Patient_13_2,core,spatial_assets/GSE290577_20240816_Xen0022215_KA-HrtRej032024B_40Xome.ome.tif,cores/GSE290577_core_Patient_13_2,HE,HE,1R,pAMR0,no_rejection,1,0,0,1,49535,24081,3387,3128,77399,33947,0.2523000046877341,0.2523000046877341,slide2,685,0.21253809797287468,pre,53,acr_any,1,0.517206072807312,1,0.6332639455795288,0.5239918828010559,0.3943623900413513
Patient_13,Patient_13,Patient_13_3,GSE290577_core_Patient_13_3,core,spatial_assets/GSE290577_20240816_Xen0022215_KA-HrtRej032024B_40Xome.ome.tif,cores/GSE290577_core_Patient_13_3,HE,HE,2R,pAMR0,cellular_rejection,1,1,0,1,49559,19918,3546,3218,77399,33947,0.2523000046877341,0.2523000046877341,slide2,756,0.21253809797287468,post,67,acr_any,1,0.6002397239208221,1,0.8185788989067078,0.5240693092346191,0.4580709636211395
Patient_13,Patient_13,Patient_13_4,GSE290577_core_Patient_13_4,core,spatial_assets/GSE290577_20240816_Xen0022215_KA-HrtRej032024B_40Xome.ome.tif,cores/GSE290577_core_Patient_13_4,HE,HE,2R,pAMR0,cellular_rejection,1,1,0,1,49591,15372,3553,3051,77399,33947,0.2523000046877341,0.2523000046877341,slide2,798,0.21253809797287468,post,67,acr_any,1,0.5491086939970652,1,0.6978810429573059,0.4605371952056885,0.4889078438282013
Patient_14,Patient_14,Patient_14_1,GSE290577_core_Patient_14_1,core,spatial_assets/GSE290577_20240816_Xen0022213_KA-HrtRej032024A_40Xome.ome.tif,cores/GSE290577_core_Patient_14_1,HE,HE,2R,pAMR1-h,cellular_rejection,1,1,1,1,76353,7156,3279,3277,88199,34246,0.2523000046877341,0.2523000046877341,slide1,926,0.2125724204790898,pre,971,acr_any,1,0.5593244632085165,1,0.623838484287262,0.5350130796432495,0.5191218256950378
Patient_14,Patient_14,Patient_14_2,GSE290577_core_Patient_14_2,core,spatial_assets/GSE290577_20240816_Xen0022213_KA-HrtRej032024A_40Xome.ome.tif,cores/GSE290577_core_Patient_14_2,HE,HE,1R,pAMR1-h,no_rejection,1,0,1,1,77129,2413,3047,3128,88199,34246,0.2523000046877341,0.2523000046877341,slide1,720,0.2125724204790898,pre,971,acr_any,1,0.6590632398923238,1,0.7940837144851685,0.6308987736701965,0.5522072315216064
Patient_15,Patient_15,Patient_15_1,GSE290577_core_Patient_15_1,core,spatial_assets/GSE290577_20240816_Xen0022213_KA-HrtRej032024A_40Xome.ome.tif,cores/GSE290577_core_Patient_15_1,HE,HE,2R,pAMR0,cellular_rejection,1,1,0,1,63394,6781,3297,3307,88199,34246,0.2523000046877341,0.2523000046877341,slide1,1000,0.2125724204790898,post,211,acr_any,1,0.458276887734731,0,0.479512482881546,0.5014566779136658,0.3938615024089813
Patient_15,Patient_15,Patient_15_2,GSE290577_core_Patient_15_2,core,spatial_assets/GSE290577_20240816_Xen0022213_KA-HrtRej032024A_40Xome.ome.tif,cores/GSE290577_core_Patient_15_2,HE,HE,2R,pAMR0,cellular_rejection,1,1,0,1,63046,15279,3247,3100,88199,34246,0.2523000046877341,0.2523000046877341,slide1,1631,0.2125724204790898,pre,198,acr_any,1,0.4904838403065999,0,0.5963369607925415,0.3808065354824066,0.4943080246448517
Patient_17,Patient_17,Patient_17_1,GSE290577_core_Patient_17_1,core,spatial_assets/GSE290577_20240816_Xen0022213_KA-HrtRej032024A_40Xome.ome.tif,cores/GSE290577_core_Patient_17_1,HE,HE,0R,pAMR1-h,,0,0,1,1,19607,23432,1435,1672,88199,34246,0.2523000046877341,0.2523000046877341,slide1,91,0.2125724204790898,post,1162,acr_any,0,0.5954558253288269,1,0.6575714945793152,0.5662580728530884,0.5625379085540771
Patient_18,Patient_18,Patient_18_1,GSE290577_core_Patient_18_1,core,spatial_assets/GSE290577_20240816_Xen0022213_KA-HrtRej032024A_40Xome.ome.tif,cores/GSE290577_core_Patient_18_1,HE,HE,1R,pAMR0,no_rejection,1,0,0,1,23487,15526,3070,3143,88199,34246,0.2523000046877341,0.2523000046877341,slide1,1178,0.2125724204790898,post,5335,acr_any,1,0.4281639556090037,0,0.47643357515335083,0.3930935561656952,0.4149647355079651
Patient_18,Patient_18,Patient_18_2,GSE290577_core_Patient_18_2,core,spatial_assets/GSE290577_20240816_Xen0022213_KA-HrtRej032024A_40Xome.ome.tif,cores/GSE290577_core_Patient_18_2,HE,HE,3R,pAMR0,cellular_rejection,1,1,0,1,23534,11109,3209,3076,88199,34246,0.2523000046877341,0.2523000046877341,slide1,1887,0.2125724204790898,post,5335,acr_any,1,0.6573890248934428,1,0.8935587406158447,0.5232142210006714,0.5553941130638123
Patient_19,Patient_19,Patient_19_1,GSE290577_core_Patient_19_1,core,spatial_assets/GSE290577_20240816_Xen0022215_KA-HrtRej032024B_40Xome.ome.tif,cores/GSE290577_core_Patient_19_1,HE,HE,0R,pAMR1-i,antibody_rejection ,0,0,1,1,14384,2660,3541,3004,77399,33947,0.2523000046877341,0.2523000046877341,slide2,445,0.21253809797287468,post,2680,acr_any,0,0.47070277730623883,0,0.6944417357444763,0.2881627678871155,0.42950382828712463
Patient_19,Patient_19,Patient_19_2,GSE290577_core_Patient_19_2,core,spatial_assets/GSE290577_20240816_Xen0022215_KA-HrtRej032024B_40Xome.ome.tif,cores/GSE290577_core_Patient_19_2,HE,HE,0R,pAMR1-i,antibody_rejection ,0,0,1,1,18739,28387,3250,3196,77399,33947,0.2523000046877341,0.2523000046877341,slide2,753,0.21253809797287468,post,2680,acr_any,0,0.48268020153045654,0,0.5370348691940308,0.42266592383384705,0.4883398115634918
Patient_19,Patient_19,Patient_19_3,GSE290577_core_Patient_19_3,core,spatial_assets/GSE290577_20240816_Xen0022215_KA-HrtRej032024B_40Xome.ome.tif,cores/GSE290577_core_Patient_19_3,HE,HE,3R,pAMR2,mixed_rejection,1,1,1,1,14423,20000,3424,3340,77399,33947,0.2523000046877341,0.2523000046877341,slide2,1522,0.21253809797287468,pre,2638,acr_any,1,0.5551996231079102,1,0.7618682384490967,0.42061272263526917,0.4831179082393646
Patient_19,Patient_19,Patient_19_4,GSE290577_core_Patient_19_4,core,spatial_assets/GSE290577_20240816_Xen0022215_KA-HrtRej032024B_40Xome.ome.tif,cores/GSE290577_core_Patient_19_4,HE,HE,3R,pAMR2,mixed_rejection,1,1,1,1,14969,15211,3105,3154,77399,33947,0.2523000046877341,0.2523000046877341,slide2,799,0.21253809797287468,pre,2638,acr_any,1,0.5609043637911478,1,0.7686955332756042,0.4142964482307434,0.49972110986709595
Patient_2,Patient_2,Patient_2_1,GSE290577_core_Patient_2_1,core,spatial_assets/GSE290577_20240816_Xen0022213_KA-HrtRej032024A_40Xome.ome.tif,cores/GSE290577_core_Patient_2_1,HE,HE,2R,,cellular_rejection,1,1,,,36881,28073,3232,3133,88199,34246,0.2523000046877341,0.2523000046877341,slide1,1017,0.2125724204790898,pre,553,acr_any,1,0.4516206383705139,0,0.4924204647541046,0.4984256327152252,0.3640158176422119
Patient_2,Patient_2,Patient_2_2,GSE290577_core_Patient_2_2,core,spatial_assets/GSE290577_20240816_Xen0022213_KA-HrtRej032024A_40Xome.ome.tif,cores/GSE290577_core_Patient_2_2,HE,HE,2R,,cellular_rejection,1,1,,,36929,23443,3269,3178,88199,34246,0.2523000046877341,0.2523000046877341,slide1,644,0.2125724204790898,pre,553,acr_any,1,0.5069522062937418,1,0.5708763003349304,0.5394034385681152,0.41057687997817993
Patient_2,Patient_2,Patient_2_3,GSE290577_core_Patient_2_3,core,spatial_assets/GSE290577_20240816_Xen0022213_KA-HrtRej032024A_40Xome.ome.tif,cores/GSE290577_core_Patient_2_3,HE,HE,2R,pAMR1-h,cellular_rejection,1,1,1,1,37012,19790,3131,3134,88199,34246,0.2523000046877341,0.2523000046877341,slide1,2163,0.2125724204790898,post,623,acr_any,1,0.3733048737049103,0,0.33299094438552856,0.3398701548576355,0.4470535218715668
Patient_2,Patient_2,Patient_2_4,GSE290577_core_Patient_2_4,core,spatial_assets/GSE290577_20240816_Xen0022213_KA-HrtRej032024A_40Xome.ome.tif,cores/GSE290577_core_Patient_2_4,HE,HE,2R,pAMR1-h,cellular_rejection,1,1,1,1,37020,15348,3294,3080,88199,34246,0.2523000046877341,0.2523000046877341,slide1,1844,0.2125724204790898,post,623,acr_any,1,0.5918850104014078,1,0.8023332357406616,0.5032816529273987,0.47004014253616333
Patient_20,Patient_20,Patient_20_1,GSE290577_core_Patient_20_1,core,spatial_assets/GSE290577_20240816_Xen0022213_KA-HrtRej032024A_40Xome.ome.tif,cores/GSE290577_core_Patient_20_1,HE,HE,0R,pAMR0,no_rejection,0,0,0,0,9636,19245,3348,3283,88199,34246,0.2523000046877341,0.2523000046877341,slide1,1051,0.2125724204790898,post,3684,acr_any,0,0.5126107931137085,1,0.6137185096740723,0.5125190615653992,0.41159480810165405
Patient_20,Patient_20,Patient_20_2,GSE290577_core_Patient_20_2,core,spatial_assets/GSE290577_20240816_Xen0022213_KA-HrtRej032024A_40Xome.ome.tif,cores/GSE290577_core_Patient_20_2,HE,HE,1R,pAMR0,no_rejection,1,0,0,1,8832,14540,2764,3145,88199,34246,0.2523000046877341,0.2523000046877341,slide1,892,0.2125724204790898,post,3684,acr_any,1,0.49043306708335876,0,0.7424253225326538,0.440572053194046,0.28830182552337646
Patient_21,Patient_21,Patient_21_1,GSE290577_core_Patient_21_1,core,spatial_assets/GSE290577_20240816_Xen0022213_KA-HrtRej032024A_40Xome.ome.tif,cores/GSE290577_core_Patient_21_1,HE,HE,1R,pAMR1-i,antibody_rejection ,1,0,1,1,32762,15412,3200,3172,88199,34246,0.2523000046877341,0.2523000046877341,slide1,876,0.2125724204790898,pre,488,acr_any,1,0.5166206856568655,1,0.6040174961090088,0.5753448009490967,0.37049975991249084
Patient_21,Patient_21,Patient_21_2,GSE290577_core_Patient_21_2,core,spatial_assets/GSE290577_20240816_Xen0022213_KA-HrtRej032024A_40Xome.ome.tif,cores/GSE290577_core_Patient_21_2,HE,HE,0R,pAMR1-i,antibody_rejection ,0,0,1,1,32829,10988,3023,3125,88199,34246,0.2523000046877341,0.2523000046877341,slide1,443,0.2125724204790898,pre,488,acr_any,0,0.5317466159661611,1,0.6202688217163086,0.5704647898674011,0.40450623631477356
Patient_21,Patient_21,Patient_21_3,GSE290577_core_Patient_21_3,core,spatial_assets/GSE290577_20240816_Xen0022213_KA-HrtRej032024A_40Xome.ome.tif,cores/GSE290577_core_Patient_21_3,HE,HE,0R,pAMR0,no_rejection,0,0,0,0,32749,7113,3180,1927,88199,34246,0.2523000046877341,0.2523000046877341,slide1,136,0.2125724204790898,post,517,acr_any,0,0.6127973596254984,1,0.7290207743644714,0.6489945650100708,0.4603767395019531
Patient_22,Patient_22,Patient_22_1,GSE290577_core_Patient_22_1,core,spatial_assets/GSE290577_20240816_Xen0022215_KA-HrtRej032024B_40Xome.ome.tif,cores/GSE290577_core_Patient_22_1,HE,HE,0R,pAMR0,no_rejection,0,0,0,0,54926,5794,3150,3279,77399,33947,0.2523000046877341,0.2523000046877341,slide2,552,0.21253809797287468,post,25,acr_any,0,0.5696190992991129,1,0.7173900604248047,0.5129247903823853,0.4785424470901489
Patient_22,Patient_22,Patient_22_2,GSE290577_core_Patient_22_2,core,spatial_assets/GSE290577_20240816_Xen0022215_KA-HrtRej032024B_40Xome.ome.tif,cores/GSE290577_core_Patient_22_2,HE,HE,0R,pAMR0,no_rejection,0,0,0,0,55071,1928,2893,2539,77399,33947,0.2523000046877341,0.2523000046877341,slide2,324,0.21253809797287468,post,25,acr_any,0,0.5085904598236084,1,0.571128249168396,0.48672807216644287,0.46791505813598633
Patient_23,Patient_23,Patient_23_1,GSE290577_core_Patient_23_1,core,spatial_assets/GSE290577_20240816_Xen0022215_KA-HrtRej032024B_40Xome.ome.tif,cores/GSE290577_core_Patient_23_1,HE,HE,0R,pAMR0,no_rejection,0,0,0,0,50000,11140,3211,3223,77399,33947,0.2523000046877341,0.2523000046877341,slide2,529,0.21253809797287468,post,485,acr_any,0,0.616947591304779,1,0.8103322386741638,0.46555936336517334,0.574951171875
Patient_23,Patient_23,Patient_23_2,GSE290577_core_Patient_23_2,core,spatial_assets/GSE290577_20240816_Xen0022215_KA-HrtRej032024B_40Xome.ome.tif,cores/GSE290577_core_Patient_23_2,HE,HE,0R,pAMR0,no_rejection,0,0,0,0,50609,6046,3071,2898,77399,33947,0.2523000046877341,0.2523000046877341,slide2,350,0.21253809797287468,post,485,acr_any,0,0.49164225657780963,0,0.7481396198272705,0.25920215249061584,0.4675849974155426
Patient_25,Patient_25,Patient_25_1,GSE290577_core_Patient_25_1,core,spatial_assets/GSE290577_20240816_Xen0022213_KA-HrtRej032024A_40Xome.ome.tif,cores/GSE290577_core_Patient_25_1,HE,HE,2R,pAMR1-h,cellular_rejection,1,1,1,1,28544,2920,2772,3047,88199,34246,0.2523000046877341,0.2523000046877341,slide1,1585,0.2125724204790898,pre,417,acr_any,1,0.46684683362642926,0,0.5281930565834045,0.4269118309020996,0.44543561339378357
Patient_25,Patient_25,Patient_25_2,GSE290577_core_Patient_25_2,core,spatial_assets/GSE290577_20240816_Xen0022213_KA-HrtRej032024A_40Xome.ome.tif,cores/GSE290577_core_Patient_25_2,HE,HE,1R,pAMR1-h,no_rejection,1,0,1,1,32392,27697,3067,2988,88199,34246,0.2523000046877341,0.2523000046877341,slide1,1573,0.2125724204790898,pre,417,acr_any,1,0.4730555812517802,0,0.5841373205184937,0.3715546131134033,0.4634748101234436
Patient_25,Patient_25,Patient_25_3,GSE290577_core_Patient_25_3,core,spatial_assets/GSE290577_20240816_Xen0022213_KA-HrtRej032024A_40Xome.ome.tif,cores/GSE290577_core_Patient_25_3,HE,HE,0R,pAMR0,no_rejection,0,0,0,0,32832,19125,2669,2589,88199,34246,0.2523000046877341,0.2523000046877341,slide1,677,0.2125724204790898,post,454,acr_any,0,0.5369607210159302,1,0.7389670610427856,0.41981539130210876,0.4520997107028961
Patient_26,Patient_26,Patient_26_1,GSE290577_core_Patient_26_1,core,spatial_assets/GSE290577_20240816_Xen0022215_KA-HrtRej032024B_40Xome.ome.tif,cores/GSE290577_core_Patient_26_1,HE,HE,0R,pAMR0,no_rejection,0,0,0,0,67417,28981,3146,3240,77399,33947,0.2523000046877341,0.2523000046877341,slide2,466,0.21253809797287468,post,15,acr_any,0,0.5488702058792114,1,0.6606584787368774,0.5227707028388977,0.46318143606185913
Patient_26,Patient_26,Patient_26_2,GSE290577_core_Patient_26_2,core,spatial_assets/GSE290577_20240816_Xen0022215_KA-HrtRej032024B_40Xome.ome.tif,cores/GSE290577_core_Patient_26_2,HE,HE,0R,pAMR0,no_rejection,0,0,0,0,67998,24016,2928,3012,77399,33947,0.2523000046877341,0.2523000046877341,slide2,361,0.21253809797287468,post,15,acr_any,0,0.5738593935966492,1,0.6808299422264099,0.5661818981170654,0.47456634044647217
Patient_28,Patient_28,Patient_28_1,GSE290577_core_Patient_28_1,core,spatial_assets/GSE290577_20240816_Xen0022213_KA-HrtRej032024A_40Xome.ome.tif,cores/GSE290577_core_Patient_28_1,HE,HE,1R,pAMR2,antibody_rejection ,1,0,1,1,41562,15345,3216,3032,88199,34246,0.2523000046877341,0.2523000046877341,slide1,1069,0.2125724204790898,pre,2480,acr_any,1,0.5213304261366526,1,0.6464623808860779,0.44245243072509766,0.47507646679878235
Patient_28,Patient_28,Patient_28_2,GSE290577_core_Patient_28_2,core,spatial_assets/GSE290577_20240816_Xen0022213_KA-HrtRej032024A_40Xome.ome.tif,cores/GSE290577_core_Patient_28_2,HE,HE,2R,pAMR2,mixed_rejection,1,1,1,1,41499,10757,3323,3178,88199,34246,0.2523000046877341,0.2523000046877341,slide1,1308,0.2125724204790898,pre,2480,acr_any,1,0.6558568080266317,1,0.8121482729911804,0.5941072702407837,0.5613148808479309
Patient_28,Patient_28,Patient_28_3,GSE290577_core_Patient_28_3,core,spatial_assets/GSE290577_20240816_Xen0022213_KA-HrtRej032024A_40Xome.ome.tif,cores/GSE290577_core_Patient_28_3,HE,HE,0R,pAMR0,no_rejection,0,0,0,0,45841,28317,3090,3218,88199,34246,0.2523000046877341,0.2523000046877341,slide1,606,0.2125724204790898,post,2500,acr_any,0,0.47835400700569153,0,0.6975656747817993,0.4215690493583679,0.31592729687690735
Patient_28,Patient_28,Patient_28_4,GSE290577_core_Patient_28_4,core,spatial_assets/GSE290577_20240816_Xen0022213_KA-HrtRej032024A_40Xome.ome.tif,cores/GSE290577_core_Patient_28_4,HE,HE,0R,pAMR0,no_rejection,0,0,0,0,45617,23481,3090,3086,88199,34246,0.2523000046877341,0.2523000046877341,slide1,739,0.2125724204790898,post,2500,acr_any,0,0.5945690870285034,1,0.75899338722229,0.4632731080055237,0.5614407658576965
Patient_29,Patient_29,Patient_29_1,GSE290577_core_Patient_29_1,core,spatial_assets/GSE290577_20240816_Xen0022215_KA-HrtRej032024B_40Xome.ome.tif,cores/GSE290577_core_Patient_29_1,HE,HE,0R,pAMR0,no_rejection,0,0,0,0,23528,12958,2847,1504,77399,33947,0.2523000046877341,0.2523000046877341,slide2,200,0.21253809797287468,pre,865,acr_any,0,0.6002123057842255,1,0.8323509693145752,0.509955883026123,0.45833006501197815
Patient_29,Patient_29,Patient_29_2,GSE290577_core_Patient_29_2,core,spatial_assets/GSE290577_20240816_Xen0022215_KA-HrtRej032024B_40Xome.ome.tif,cores/GSE290577_core_Patient_29_2,HE,HE,1R,pAMR0,no_rejection,1,0,0,1,24312,5827,2850,3161,77399,33947,0.2523000046877341,0.2523000046877341,slide2,482,0.21253809797287468,pre,865,acr_any,1,0.5181508262952169,1,0.6121773719787598,0.46288394927978516,0.4793911576271057
Patient_29,Patient_29,Patient_29_3,GSE290577_core_Patient_29_3,core,spatial_assets/GSE290577_20240816_Xen0022215_KA-HrtRej032024B_40Xome.ome.tif,cores/GSE290577_core_Patient_29_3,HE,HE,1R,pAMR1-h,no_rejection,1,0,1,1,24039,2495,3142,3133,77399,33947,0.2523000046877341,0.2523000046877341,slide2,963,0.21253809797287468,post,871,acr_any,1,0.4880022505919139,0,0.5823954939842224,0.43899884819984436,0.4426124095916748
Patient_29,Patient_29,Patient_29_4,GSE290577_core_Patient_29_4,core,spatial_assets/GSE290577_20240816_Xen0022215_KA-HrtRej032024B_40Xome.ome.tif,cores/GSE290577_core_Patient_29_4,HE,HE,0R,pAMR1-h,no_rejection,0,0,1,1,27851,28513,2978,3329,77399,33947,0.2523000046877341,0.2523000046877341,slide2,594,0.21253809797287468,post,871,acr_any,0,0.6050663391749064,1,0.6991661190986633,0.5501423478126526,0.5658905506134033
Patient_3,Patient_3,Patient_3_1,GSE290577_core_Patient_3_1,core,spatial_assets/GSE290577_20240816_Xen0022213_KA-HrtRej032024A_40Xome.ome.tif,cores/GSE290577_core_Patient_3_1,HE,HE,3R,pAMR0,cellular_rejection,1,1,0,1,71954,11495,3082,3161,88199,34246,0.2523000046877341,0.2523000046877341,slide1,1038,0.2125724204790898,pre,86,acr_any,1,0.5786331593990326,1,0.8171902298927307,0.40863439440727234,0.5100748538970947
Patient_3,Patient_3,Patient_3_2,GSE290577_core_Patient_3_2,core,spatial_assets/GSE290577_20240816_Xen0022213_KA-HrtRej032024A_40Xome.ome.tif,cores/GSE290577_core_Patient_3_2,HE,HE,3R,pAMR0,cellular_rejection,1,1,0,1,72073,6880,3214,3170,88199,34246,0.2523000046877341,0.2523000046877341,slide1,1676,0.2125724204790898,pre,86,acr_any,1,0.6137446165084839,1,0.7567580342292786,0.5411216616630554,0.5433541536331177
Patient_3,Patient_3,Patient_3_3,GSE290577_core_Patient_3_3,core,spatial_assets/GSE290577_20240816_Xen0022213_KA-HrtRej032024A_40Xome.ome.tif,cores/GSE290577_core_Patient_3_3,HE,HE,1R,pAMR0,no_rejection,1,0,0,1,72319,2829,3226,3240,88199,34246,0.2523000046877341,0.2523000046877341,slide1,623,0.2125724204790898,post,92,acr_any,1,0.6062369843324026,1,0.7864671349525452,0.5598682761192322,0.4723755419254303
Patient_3,Patient_3,Patient_3_4,GSE290577_core_Patient_3_4,core,spatial_assets/GSE290577_20240816_Xen0022213_KA-HrtRej032024A_40Xome.ome.tif,cores/GSE290577_core_Patient_3_4,HE,HE,1R,pAMR0,no_rejection,1,0,0,1,76303,28772,1815,2490,88199,34246,0.2523000046877341,0.2523000046877341,slide1,287,0.2125724204790898,post,92,acr_any,1,0.5835546056429545,1,0.7210893034934998,0.47725361585617065,0.5523208975791931
Patient_30,Patient_30,Patient_30_1,GSE290577_core_Patient_30_1,core,spatial_assets/GSE290577_20240816_Xen0022215_KA-HrtRej032024B_40Xome.ome.tif,cores/GSE290577_core_Patient_30_1,HE,HE,2R,pAMR0,cellular_rejection,1,1,0,1,10275,24576,2818,3201,77399,33947,0.2523000046877341,0.2523000046877341,slide2,1449,0.21253809797287468,pre,88,acr_any,1,0.3637324571609497,0,0.3042728900909424,0.46565866470336914,0.3212658166885376
Patient_30,Patient_30,Patient_30_2,GSE290577_core_Patient_30_2,core,spatial_assets/GSE290577_20240816_Xen0022215_KA-HrtRej032024B_40Xome.ome.tif,cores/GSE290577_core_Patient_30_2,HE,HE,0R,pAMR0,no_rejection,0,0,0,0,9938,19618,3075,3174,77399,33947,0.2523000046877341,0.2523000046877341,slide2,558,0.21253809797287468,pre,88,acr_any,0,0.5664848188559214,1,0.7040517926216125,0.5155814290046692,0.47982123494148254
Patient_30,Patient_30,Patient_30_3,GSE290577_core_Patient_30_3,core,spatial_assets/GSE290577_20240816_Xen0022215_KA-HrtRej032024B_40Xome.ome.tif,cores/GSE290577_core_Patient_30_3,HE,HE,0R,pAMR0,no_rejection,0,0,0,0,14002,29041,3449,3120,77399,33947,0.2523000046877341,0.2523000046877341,slide2,378,0.21253809797287468,post,102,acr_any,0,0.5275275011857351,1,0.6374235153198242,0.4031601846218109,0.5419988036155701
Patient_30,Patient_30,Patient_30_4,GSE290577_core_Patient_30_4,core,spatial_assets/GSE290577_20240816_Xen0022215_KA-HrtRej032024B_40Xome.ome.tif,cores/GSE290577_core_Patient_30_4,HE,HE,0R,pAMR0,no_rejection,0,0,0,0,14266,24115,3474,3067,77399,33947,0.2523000046877341,0.2523000046877341,slide2,719,0.21253809797287468,post,102,acr_any,0,0.5907323360443115,1,0.7152076959609985,0.5035867094993591,0.5534026026725769
Patient_31,Patient_31,Patient_31_1,GSE290577_core_Patient_31_1,core,spatial_assets/GSE290577_20240816_Xen0022213_KA-HrtRej032024A_40Xome.ome.tif,cores/GSE290577_core_Patient_31_1,HE,HE,0R,pAMR2,antibody_rejection ,0,0,1,1,3558,23411,3221,3152,88199,34246,0.2523000046877341,0.2523000046877341,slide1,1205,0.2125724204790898,pre,1446,acr_any,0,0.5743449727694193,1,0.7837369441986084,0.42692768573760986,0.5123702883720398
Patient_31,Patient_31,Patient_31_2,GSE290577_core_Patient_31_2,core,spatial_assets/GSE290577_20240816_Xen0022213_KA-HrtRej032024A_40Xome.ome.tif,cores/GSE290577_core_Patient_31_2,HE,HE,0R,pAMR2,antibody_rejection ,0,0,1,1,3312,18728,2952,3150,88199,34246,0.2523000046877341,0.2523000046877341,slide1,1043,0.2125724204790898,pre,1446,acr_any,0,0.47714951634407043,0,0.5497171878814697,0.4158836305141449,0.4658477306365967
Patient_31,Patient_31,Patient_31_3,GSE290577_core_Patient_31_3,core,spatial_assets/GSE290577_20240816_Xen0022213_KA-HrtRej032024A_40Xome.ome.tif,cores/GSE290577_core_Patient_31_3,HE,HE,0R,pAMR1-i,,0,0,1,1,2514,13252,2371,2294,88199,34246,0.2523000046877341,0.2523000046877341,slide1,333,0.2125724204790898,post,1510,acr_any,0,0.5049417316913605,1,0.4959276616573334,0.4847069978713989,0.5341905355453491
Patient_32,Patient_32,Patient_32_1,GSE290577_core_Patient_32_1,core,spatial_assets/GSE290577_20240816_Xen0022215_KA-HrtRej032024B_40Xome.ome.tif,cores/GSE290577_core_Patient_32_1,HE,HE,2R,pAMR0,cellular_rejection,1,1,0,1,63176,24472,3247,3348,77399,33947,0.2523000046877341,0.2523000046877341,slide2,1044,0.21253809797287468,pre,16,acr_any,1,0.5038384397824606,1,0.617089569568634,0.46048101782798767,0.4339447319507599
Patient_32,Patient_32,Patient_32_2,GSE290577_core_Patient_32_2,core,spatial_assets/GSE290577_20240816_Xen0022215_KA-HrtRej032024B_40Xome.ome.tif,cores/GSE290577_core_Patient_32_2,HE,HE,1R,pAMR0,no_rejection,1,0,0,1,63376,20034,3187,2771,77399,33947,0.2523000046877341,0.2523000046877341,slide2,553,0.21253809797287468,pre,16,acr_any,1,0.547511080900828,1,0.6590055227279663,0.5153838992118835,0.4681438207626343
Patient_32,Patient_32,Patient_32_3,GSE290577_core_Patient_32_3,core,spatial_assets/GSE290577_20240816_Xen0022215_KA-HrtRej032024B_40Xome.ome.tif,cores/GSE290577_core_Patient_32_3,HE,HE,2R,pAMR0,cellular_rejection,1,1,0,1,63466,15502,3246,3494,77399,33947,0.2523000046877341,0.2523000046877341,slide2,712,0.21253809797287468,post,25,acr_any,1,0.5215043326218923,1,0.6873998045921326,0.43045252561569214,0.4466606676578522
Patient_32,Patient_32,Patient_32_4,GSE290577_core_Patient_32_4,core,spatial_assets/GSE290577_20240816_Xen0022215_KA-HrtRej032024B_40Xome.ome.tif,cores/GSE290577_core_Patient_32_4,HE,HE,0R,pAMR0,no_rejection,0,0,0,0,63463,9716,3116,3222,77399,33947,0.2523000046877341,0.2523000046877341,slide2,491,0.21253809797287468,post,25,acr_any,0,0.593111644188563,1,0.7857553958892822,0.5035127401351929,0.490066796541214
Patient_33,Patient_33,Patient_33_1,GSE290577_core_Patient_33_1,core,spatial_assets/GSE290577_20240816_Xen0022213_KA-HrtRej032024A_40Xome.ome.tif,cores/GSE290577_core_Patient_33_1,HE,HE,1R,pAMR1-h,no_rejection,1,0,1,1,54690,11298,3211,3205,88199,34246,0.2523000046877341,0.2523000046877341,slide1,431,0.2125724204790898,pre,170,acr_any,1,0.6322683095932007,1,0.7298217415809631,0.5480441451072693,0.6189390420913696
Patient_33,Patient_33,Patient_33_2,GSE290577_core_Patient_33_2,core,spatial_assets/GSE290577_20240816_Xen0022213_KA-HrtRej032024A_40Xome.ome.tif,cores/GSE290577_core_Patient_33_2,HE,HE,0R,pAMR1-h,no_rejection,0,0,1,1,55233,3261,2839,3012,88199,34246,0.2523000046877341,0.2523000046877341,slide1,409,0.2125724204790898,post,186,acr_any,0,0.5455608566602071,1,0.7905617356300354,0.3609481155872345,0.48517271876335144
Patient_33,Patient_33,Patient_33_3,GSE290577_core_Patient_33_3,core,spatial_assets/GSE290577_20240816_Xen0022213_KA-HrtRej032024A_40Xome.ome.tif,cores/GSE290577_core_Patient_33_3,HE,HE,2R,pAMR1-h,cellular_rejection,1,1,1,1,59215,27638,2948,3104,88199,34246,0.2523000046877341,0.2523000046877341,slide1,1064,0.2125724204790898,post,186,acr_any,1,0.6205991208553314,1,0.8407124876976013,0.48736050724983215,0.5337243676185608
Patient_34,Patient_34,Patient_34_1,GSE290577_core_Patient_34_1,core,spatial_assets/GSE290577_20240816_Xen0022213_KA-HrtRej032024A_40Xome.ome.tif,cores/GSE290577_core_Patient_34_1,HE,HE,3R,pAMR0,cellular_rejection,1,1,0,1,23000,23808,3106,3165,88199,34246,0.2523000046877341,0.2523000046877341,slide1,1044,0.2125724204790898,pre,343,acr_any,1,0.50898543993632,1,0.7966762185096741,0.35108089447021484,0.37919920682907104
Patient_34,Patient_34,Patient_34_2,GSE290577_core_Patient_34_2,core,spatial_assets/GSE290577_20240816_Xen0022213_KA-HrtRej032024A_40Xome.ome.tif,cores/GSE290577_core_Patient_34_2,HE,HE,3R,pAMR0,cellular_rejection,1,1,0,1,23504,19139,3123,3152,88199,34246,0.2523000046877341,0.2523000046877341,slide1,1690,0.2125724204790898,pre,343,acr_any,1,0.4622100293636322,0,0.8290489315986633,0.26321089267730713,0.29437026381492615
Patient_34,Patient_34,Patient_34_3,GSE290577_core_Patient_34_3,core,spatial_assets/GSE290577_20240816_Xen0022213_KA-HrtRej032024A_40Xome.ome.tif,cores/GSE290577_core_Patient_34_3,HE,HE,0R,pAMR0,no_rejection,0,0,0,0,27580,27950,3037,2874,88199,34246,0.2523000046877341,0.2523000046877341,slide1,547,0.2125724204790898,post,394,acr_any,0,0.4203958213329315,0,0.7431387305259705,0.30125343799591064,0.21679529547691345
Patient_34,Patient_34,Patient_34_4,GSE290577_core_Patient_34_4,core,spatial_assets/GSE290577_20240816_Xen0022213_KA-HrtRej032024A_40Xome.ome.tif,cores/GSE290577_core_Patient_34_4,HE,HE,0R,pAMR0,no_rejection,0,0,0,0,27756,23415,3198,3374,88199,34246,0.2523000046877341,0.2523000046877341,slide1,769,0.2125724204790898,post,394,acr_any,0,0.5173717737197876,1,0.6134176850318909,0.5145803689956665,0.4241172671318054
Patient_35,Patient_35,Patient_35_1,GSE290577_core_Patient_35_1,core,spatial_assets/GSE290577_20240816_Xen0022213_KA-HrtRej032024A_40Xome.ome.tif,cores/GSE290577_core_Patient_35_1,HE,HE,2R,pAMR1-i,mixed_rejection,1,1,1,1,67818,7189,3113,3106,88199,34246,0.2523000046877341,0.2523000046877341,slide1,666,0.2125724204790898,pre,976,acr_any,1,0.6589076320330302,1,0.8129551410675049,0.6142591238021851,0.5495086312294006
Patient_35,Patient_35,Patient_35_2,GSE290577_core_Patient_35_2,core,spatial_assets/GSE290577_20240816_Xen0022213_KA-HrtRej032024A_40Xome.ome.tif,cores/GSE290577_core_Patient_35_2,HE,HE,2R,pAMR1-i,mixed_rejection,1,1,1,1,67696,2511,3391,3257,88199,34246,0.2523000046877341,0.2523000046877341,slide1,888,0.2125724204790898,pre,976,acr_any,1,0.5839776992797852,1,0.7054754495620728,0.5580098032951355,0.4884478449821472
Patient_35,Patient_35,Patient_35_3,GSE290577_core_Patient_35_3,core,spatial_assets/GSE290577_20240816_Xen0022213_KA-HrtRej032024A_40Xome.ome.tif,cores/GSE290577_core_Patient_35_3,HE,HE,0R,pAMR0,no_rejection,0,0,0,0,71696,19796,3308,3322,88199,34246,0.2523000046877341,0.2523000046877341,slide1,621,0.2125724204790898,post,999,acr_any,0,0.5694106419881185,1,0.6980388760566711,0.5387603044509888,0.47143274545669556
Patient_35,Patient_35,Patient_35_4,GSE290577_core_Patient_35_4,core,spatial_assets/GSE290577_20240816_Xen0022213_KA-HrtRej032024A_40Xome.ome.tif,cores/GSE290577_core_Patient_35_4,HE,HE,0R,pAMR0,no_rejection,0,0,0,0,71538,15315,3473,3353,88199,34246,0.2523000046877341,0.2523000046877341,slide1,665,0.2125724204790898,post,999,acr_any,0,0.49804572264353436,0,0.5254052877426147,0.5320082306861877,0.43672364950180054
Patient_36,Patient_36,Patient_36_1,GSE290577_core_Patient_36_1,core,spatial_assets/GSE290577_20240816_Xen0022215_KA-HrtRej032024B_40Xome.ome.tif,cores/GSE290577_core_Patient_36_1,HE,HE,1R,pAMR1-h,no_rejection,1,0,1,1,27494,25005,3377,2826,77399,33947,0.2523000046877341,0.2523000046877341,slide2,704,0.21253809797287468,pre,1146,acr_any,1,0.5335259834925333,1,0.7414801120758057,0.5299911499023438,0.3291066884994507
Patient_36,Patient_36,Patient_36_2,GSE290577_core_Patient_36_2,core,spatial_assets/GSE290577_20240816_Xen0022215_KA-HrtRej032024B_40Xome.ome.tif,cores/GSE290577_core_Patient_36_2,HE,HE,2R,pAMR1-h,cellular_rejection,1,1,1,1,27711,19644,3357,2931,77399,33947,0.2523000046877341,0.2523000046877341,slide2,787,0.21253809797287468,pre,1146,acr_any,1,0.5800171295801798,1,0.69582200050354,0.5313306450843811,0.5128987431526184
Patient_36,Patient_36,Patient_36_3,GSE290577_core_Patient_36_3,core,spatial_assets/GSE290577_20240816_Xen0022215_KA-HrtRej032024B_40Xome.ome.tif,cores/GSE290577_core_Patient_36_3,HE,HE,0R,pAMR1-h,no_rejection,0,0,1,1,27640,15721,3130,3242,77399,33947,0.2523000046877341,0.2523000046877341,slide2,1100,0.21253809797287468,post,1163,acr_any,0,0.505130926767985,1,0.6444464921951294,0.43704313039779663,0.43390315771102905
Patient_36,Patient_36,Patient_36_4,GSE290577_core_Patient_36_4,core,spatial_assets/GSE290577_20240816_Xen0022215_KA-HrtRej032024B_40Xome.ome.tif,cores/GSE290577_core_Patient_36_4,HE,HE,0R,pAMR1-h,no_rejection,0,0,1,1,28341,11333,2117,2790,77399,33947,0.2523000046877341,0.2523000046877341,slide2,472,0.21253809797287468,post,1163,acr_any,0,0.4557558496793111,0,0.45147261023521423,0.4927666187286377,0.4230283200740814
Patient_37,Patient_37,Patient_37_1,GSE290577_core_Patient_37_1,core,spatial_assets/GSE290577_20240816_Xen0022215_KA-HrtRej032024B_40Xome.ome.tif,cores/GSE290577_core_Patient_37_1,HE,HE,0R,pAMR0,no_rejection,0,0,0,0,19108,24536,3126,3124,77399,33947,0.2523000046877341,0.2523000046877341,slide2,910,0.21253809797287468,post,1103,acr_any,0,0.5384034812450409,1,0.7297143936157227,0.496817022562027,0.38867902755737305
Patient_37,Patient_37,Patient_37_2,GSE290577_core_Patient_37_2,core,spatial_assets/GSE290577_20240816_Xen0022215_KA-HrtRej032024B_40Xome.ome.tif,cores/GSE290577_core_Patient_37_2,HE,HE,0R,pAMR0,no_rejection,0,0,0,0,19458,19881,2904,2582,77399,33947,0.2523000046877341,0.2523000046877341,slide2,573,0.21253809797287468,post,1103,acr_any,0,0.5530781249205271,1,0.6900146007537842,0.4714021682739258,0.49781760573387146
Patient_37,Patient_37,Patient_37_3,GSE290577_core_Patient_37_3,core,spatial_assets/GSE290577_20240816_Xen0022215_KA-HrtRej032024B_40Xome.ome.tif,cores/GSE290577_core_Patient_37_3,HE,HE,1R,pAMR1-i,antibody_rejection ,1,0,1,1,14757,11589,3190,3070,77399,33947,0.2523000046877341,0.2523000046877341,slide2,792,0.21253809797287468,pre,1063,acr_any,1,0.595163365205129,1,0.7561600208282471,0.5609559416770935,0.4683741331100464
Patient_37,Patient_37,Patient_37_4,GSE290577_core_Patient_37_4,core,spatial_assets/GSE290577_20240816_Xen0022215_KA-HrtRej032024B_40Xome.ome.tif,cores/GSE290577_core_Patient_37_4,HE,HE,2R,pAMR1-i,mixed_rejection,1,1,1,1,15491,6537,2586,3096,77399,33947,0.2523000046877341,0.2523000046877341,slide2,354,0.21253809797287468,pre,1063,acr_any,1,0.5504770874977112,1,0.6540401577949524,0.5473981499671936,0.44999295473098755
Patient_38,Patient_38,Patient_38_1,GSE290577_core_Patient_38_1,core,spatial_assets/GSE290577_20240816_Xen0022213_KA-HrtRej032024A_40Xome.ome.tif,cores/GSE290577_core_Patient_38_1,HE,HE,1R,pAMR2,antibody_rejection ,1,0,1,1,19323,2923,3067,2743,88199,34246,0.2523000046877341,0.2523000046877341,slide1,1186,0.2125724204790898,pre,13,acr_any,1,0.4946196377277374,0,0.6115070581436157,0.3928017020225525,0.47955015301704407
Patient_38,Patient_38,Patient_38_2,GSE290577_core_Patient_38_2,core,spatial_assets/GSE290577_20240816_Xen0022213_KA-HrtRej032024A_40Xome.ome.tif,cores/GSE290577_core_Patient_38_2,HE,HE,1R,pAMR2,antibody_rejection ,1,0,1,1,22931,27710,3009,3137,88199,34246,0.2523000046877341,0.2523000046877341,slide1,1433,0.2125724204790898,pre,13,acr_any,1,0.5160454909006754,1,0.7999725341796875,0.3340584337711334,0.41410550475120544
Patient_39,Patient_39,Patient_39_1,GSE290577_core_Patient_39_1,core,spatial_assets/GSE290577_20240816_Xen0022213_KA-HrtRej032024A_40Xome.ome.tif,cores/GSE290577_core_Patient_39_1,HE,HE,1R,pAMR0,no_rejection,1,0,0,1,54631,15173,3195,3356,88199,34246,0.2523000046877341,0.2523000046877341,slide1,1119,0.2125724204790898,post,12,acr_any,1,0.6342327098051707,1,0.8167697191238403,0.4968266785144806,0.5891017317771912
Patient_4,Patient_4,Patient_4_1,GSE290577_core_Patient_4_1,core,spatial_assets/GSE290577_20240816_Xen0022213_KA-HrtRej032024A_40Xome.ome.tif,cores/GSE290577_core_Patient_4_1,HE,HE,3R,pAMR1-h,cellular_rejection,1,1,1,1,41414,23916,3206,3183,88199,34246,0.2523000046877341,0.2523000046877341,slide1,1886,0.2125724204790898,pre,1155,acr_any,1,0.39852893352508545,0,0.35767096281051636,0.44825196266174316,0.3896638751029968
Patient_4,Patient_4,Patient_4_2,GSE290577_core_Patient_4_2,core,spatial_assets/GSE290577_20240816_Xen0022213_KA-HrtRej032024A_40Xome.ome.tif,cores/GSE290577_core_Patient_4_2,HE,HE,3R,pAMR1-h,cellular_rejection,1,1,1,1,41107,19567,3561,2931,88199,34246,0.2523000046877341,0.2523000046877341,slide1,1627,0.2125724204790898,pre,1155,acr_any,1,0.5276113947232565,1,0.7406116127967834,0.4803265929222107,0.36189597845077515
Patient_4,Patient_4,Patient_4_3,GSE290577_core_Patient_4_3,core,spatial_assets/GSE290577_20240816_Xen0022213_KA-HrtRej032024A_40Xome.ome.tif,cores/GSE290577_core_Patient_4_3,HE,HE,0R,pAMR1-i,antibody_rejection ,0,0,1,1,41720,6828,3210,3114,88199,34246,0.2523000046877341,0.2523000046877341,slide1,754,0.2125724204790898,post,1174,acr_any,0,0.5415028929710388,1,0.7386711239814758,0.46427464485168457,0.42156291007995605
Patient_40,Patient_40,Patient_40_1,GSE290577_core_Patient_40_1,core,spatial_assets/GSE290577_20240816_Xen0022213_KA-HrtRej032024A_40Xome.ome.tif,cores/GSE290577_core_Patient_40_1,HE,HE,2R,pAMR1-i,mixed_rejection,1,1,1,1,45902,19312,2408,3060,88199,34246,0.2523000046877341,0.2523000046877341,slide1,839,0.2125724204790898,pre,747,acr_any,1,0.634320338567098,1,0.7601093649864197,0.5442692637443542,0.59858238697052
Patient_40,Patient_40,Patient_40_2,GSE290577_core_Patient_40_2,core,spatial_assets/GSE290577_20240816_Xen0022213_KA-HrtRej032024A_40Xome.ome.tif,cores/GSE290577_core_Patient_40_2,HE,HE,1R,pAMR1-i,antibody_rejection ,1,0,1,1,46037,15971,2845,2549,88199,34246,0.2523000046877341,0.2523000046877341,slide1,596,0.2125724204790898,pre,747,acr_any,1,0.6351898511250814,1,0.8325397968292236,0.5851194858551025,0.48791027069091797
Patient_40,Patient_40,Patient_40_3,GSE290577_core_Patient_40_3,core,spatial_assets/GSE290577_20240816_Xen0022213_KA-HrtRej032024A_40Xome.ome.tif,cores/GSE290577_core_Patient_40_3,HE,HE,0R,pAMR0,,0,0,0,0,46708,2996,2629,1352,88199,34246,0.2523000046877341,0.2523000046877341,slide1,50,0.2125724204790898,post,764,acr_any,0,0.6383511424064636,1,0.8327921628952026,0.6291475296020508,0.45311373472213745
Patient_40,Patient_40,Patient_40_4,GSE290577_core_Patient_40_4,core,spatial_assets/GSE290577_20240816_Xen0022213_KA-HrtRej032024A_40Xome.ome.tif,cores/GSE290577_core_Patient_40_4,HE,HE,1R,pAMR0,no_rejection,1,0,0,1,49816,27791,3590,3173,88199,34246,0.2523000046877341,0.2523000046877341,slide1,738,0.2125724204790898,post,764,acr_any,1,0.5363430281480154,1,0.6158486604690552,0.5094044208526611,0.4837760031223297
Patient_41,Patient_41,Patient_41_1,GSE290577_core_Patient_41_1,core,spatial_assets/GSE290577_20240816_Xen0022215_KA-HrtRej032024B_40Xome.ome.tif,cores/GSE290577_core_Patient_41_1,HE,HE,1R,pAMR1-h,no_rejection,1,0,1,1,62802,28478,3232,3360,77399,33947,0.2523000046877341,0.2523000046877341,slide2,938,0.21253809797287468,post,804,acr_any,1,0.5891328155994415,1,0.7290953397750854,0.49470028281211853,0.5436028242111206
Patient_42,Patient_42,Patient_42_1,GSE290577_core_Patient_42_1,core,spatial_assets/GSE290577_20240816_Xen0022215_KA-HrtRej032024B_40Xome.ome.tif,cores/GSE290577_core_Patient_42_1,HE,HE,1R,pAMR0,no_rejection,1,0,0,1,45186,15685,3427,3253,77399,33947,0.2523000046877341,0.2523000046877341,slide2,995,0.21253809797287468,pre,102,acr_any,1,0.5220655600229899,1,0.6477392315864563,0.4172895550727844,0.501167893409729
Patient_42,Patient_42,Patient_42_2,GSE290577_core_Patient_42_2,core,spatial_assets/GSE290577_20240816_Xen0022215_KA-HrtRej032024B_40Xome.ome.tif,cores/GSE290577_core_Patient_42_2,HE,HE,2R,pAMR0,no_rejection,1,1,0,1,45557,11066,3158,3198,77399,33947,0.2523000046877341,0.2523000046877341,slide2,804,0.21253809797287468,pre,102,acr_any,1,0.5515455106894175,1,0.6818205118179321,0.5261985063552856,0.4466175138950348
Patient_42,Patient_42,Patient_42_3,GSE290577_core_Patient_42_3,core,spatial_assets/GSE290577_20240816_Xen0022215_KA-HrtRej032024B_40Xome.ome.tif,cores/GSE290577_core_Patient_42_3,HE,HE,1R,pAMR0,no_rejection,1,0,0,1,47192,6033,2567,3168,77399,33947,0.2523000046877341,0.2523000046877341,slide2,813,0.21253809797287468,post,118,acr_any,1,0.5221728483835856,1,0.7629021406173706,0.26529186964035034,0.5383245348930359
Patient_42,Patient_42,Patient_42_4,GSE290577_core_Patient_42_4,core,spatial_assets/GSE290577_20240816_Xen0022215_KA-HrtRej032024B_40Xome.ome.tif,cores/GSE290577_core_Patient_42_4,HE,HE,1R,pAMR0,no_rejection,1,0,0,1,46148,2375,3166,2803,77399,33947,0.2523000046877341,0.2523000046877341,slide2,878,0.21253809797287468,post,118,acr_any,1,0.5267031093438467,1,0.6383588314056396,0.39153531193733215,0.5502151846885681
Patient_43,Patient_43,Patient_43_1,GSE290577_core_Patient_43_1,core,spatial_assets/GSE290577_20240816_Xen0022215_KA-HrtRej032024B_40Xome.ome.tif,cores/GSE290577_core_Patient_43_1,HE,HE,1R,pAMR0,no_rejection,1,0,0,1,37574,6121,2896,3101,77399,33947,0.2523000046877341,0.2523000046877341,slide2,843,0.21253809797287468,post,660,acr_any,1,0.6239073077837626,1,0.8811972141265869,0.41507261991500854,0.5754520893096924
Patient_43,Patient_43,Patient_43_2,GSE290577_core_Patient_43_2,core,spatial_assets/GSE290577_20240816_Xen0022215_KA-HrtRej032024B_40Xome.ome.tif,cores/GSE290577_core_Patient_43_2,HE,HE,1R,pAMR0,no_rejection,1,0,0,1,37447,2138,2975,3169,77399,33947,0.2523000046877341,0.2523000046877341,slide2,877,0.21253809797287468,post,660,acr_any,1,0.47636492053667706,0,0.5709215402603149,0.38845986127853394,0.46971336007118225
Patient_44,Patient_44,Patient_44_1,GSE290577_core_Patient_44_1,core,spatial_assets/GSE290577_20240816_Xen0022215_KA-HrtRej032024B_40Xome.ome.tif,cores/GSE290577_core_Patient_44_1,HE,HE,1R,pAMR0,no_rejection,1,0,0,1,54436,15418,3271,3388,77399,33947,0.2523000046877341,0.2523000046877341,slide2,1101,0.21253809797287468,post,612,acr_any,1,0.5815598766009012,1,0.7435157299041748,0.5075787901878357,0.49358510971069336
Patient_44,Patient_44,Patient_44_2,GSE290577_core_Patient_44_2,core,spatial_assets/GSE290577_20240816_Xen0022215_KA-HrtRej032024B_40Xome.ome.tif,cores/GSE290577_core_Patient_44_2,HE,HE,0R,pAMR0,no_rejection,0,0,0,0,54445,10837,3123,2999,77399,33947,0.2523000046877341,0.2523000046877341,slide2,780,0.21253809797287468,post,612,acr_any,0,0.5917115410168966,1,0.7283446192741394,0.5433356761932373,0.503454327583313
Patient_45,Patient_45,Patient_45_1,GSE290577_core_Patient_45_1,core,spatial_assets/GSE290577_20240816_Xen0022213_KA-HrtRej032024A_40Xome.ome.tif,cores/GSE290577_core_Patient_45_1,HE,HE,3R,pAMR0,cellular_rejection,1,1,0,1,67254,28650,3178,2636,88199,34246,0.2523000046877341,0.2523000046877341,slide1,1120,0.2125724204790898,pre,283,acr_any,1,0.5877880950768789,1,0.8540160059928894,0.4333191215991974,0.4760291576385498
Patient_45,Patient_45,Patient_45_2,GSE290577_core_Patient_45_2,core,spatial_assets/GSE290577_20240816_Xen0022213_KA-HrtRej032024A_40Xome.ome.tif,cores/GSE290577_core_Patient_45_2,HE,HE,0R,pAMR0,no_rejection,0,0,0,0,67219,24354,3304,3240,88199,34246,0.2523000046877341,0.2523000046877341,slide1,1222,0.2125724204790898,post,293,acr_any,0,0.49699467420578003,0,0.6400558352470398,0.5416199564933777,0.3093082308769226
Patient_46,Patient_46,Patient_46_1,GSE290577_core_Patient_46_1,core,spatial_assets/GSE290577_20240816_Xen0022213_KA-HrtRej032024A_40Xome.ome.tif,cores/GSE290577_core_Patient_46_1,HE,HE,1R,pAMR1-i,antibody_rejection ,1,0,1,1,80822,11476,3262,3156,88199,34246,0.2523000046877341,0.2523000046877341,slide1,551,0.2125724204790898,pre,761,acr_any,1,0.5854973892370859,1,0.7317344546318054,0.5627942681312561,0.4619634449481964
Patient_46,Patient_46,Patient_46_2,GSE290577_core_Patient_46_2,core,spatial_assets/GSE290577_20240816_Xen0022213_KA-HrtRej032024A_40Xome.ome.tif,cores/GSE290577_core_Patient_46_2,HE,HE,2R,pAMR1-i,mixed_rejection,1,1,1,1,80881,7057,3307,3180,88199,34246,0.2523000046877341,0.2523000046877341,slide1,877,0.2125724204790898,pre,761,acr_any,1,0.5122324128945669,1,0.6194467544555664,0.4558650553226471,0.46138542890548706
Patient_46,Patient_46,Patient_46_3,GSE290577_core_Patient_46_3,core,spatial_assets/GSE290577_20240816_Xen0022215_KA-HrtRej032024B_40Xome.ome.tif,cores/GSE290577_core_Patient_46_3,HE,HE,0R,pAMR0,no_rejection,0,0,0,0,1342,24535,2932,3146,77399,33947,0.2523000046877341,0.2523000046877341,slide2,390,0.21253809797287468,post,769,acr_any,0,0.5261061787605286,1,0.6901475787162781,0.4207277297973633,0.46744322776794434
Patient_46,Patient_46,Patient_46_4,GSE290577_core_Patient_46_4,core,spatial_assets/GSE290577_20240816_Xen0022215_KA-HrtRej032024B_40Xome.ome.tif,cores/GSE290577_core_Patient_46_4,HE,HE,0R,pAMR0,no_rejection,0,0,0,0,1264,19570,3115,3121,77399,33947,0.2523000046877341,0.2523000046877341,slide2,400,0.21253809797287468,post,769,acr_any,0,0.5690260529518127,1,0.7046599984169006,0.5395485162734985,0.46286964416503906
Patient_47,Patient_47,Patient_47_1,GSE290577_core_Patient_47_1,core,spatial_assets/GSE290577_20240816_Xen0022213_KA-HrtRej032024A_40Xome.ome.tif,cores/GSE290577_core_Patient_47_1,HE,HE,3R,pAMR0,cellular_rejection,1,1,0,1,10037,2785,3029,3256,88199,34246,0.2523000046877341,0.2523000046877341,slide1,1791,0.2125724204790898,pre,149,acr_any,1,0.6443545321623484,1,0.8675447106361389,0.4984569847583771,0.5670619010925293
Patient_47,Patient_47,Patient_47_2,GSE290577_core_Patient_47_2,core,spatial_assets/GSE290577_20240816_Xen0022213_KA-HrtRej032024A_40Xome.ome.tif,cores/GSE290577_core_Patient_47_2,HE,HE,0R,pAMR2,antibody_rejection ,0,0,1,1,14270,19181,2672,2959,88199,34246,0.2523000046877341,0.2523000046877341,slide1,1643,0.2125724204790898,post,176,acr_any,0,0.5159928798675537,1,0.6361187696456909,0.4559834897518158,0.4558763802051544
Patient_48,Patient_48,Patient_48_3,GSE290577_core_Patient_48_3,core,spatial_assets/GSE290577_20240816_Xen0022213_KA-HrtRej032024A_40Xome.ome.tif,cores/GSE290577_core_Patient_48_3,HE,HE,0R,pAMR0,no_rejection,0,0,0,0,50352,23984,3034,3139,88199,34246,0.2523000046877341,0.2523000046877341,slide1,730,0.2125724204790898,post,202,acr_any,0,0.5297406812508901,1,0.5897828936576843,0.5998479127883911,0.39959123730659485
Patient_48,Patient_48,Patient_48_4,GSE290577_core_Patient_48_4,core,spatial_assets/GSE290577_20240816_Xen0022213_KA-HrtRej032024A_40Xome.ome.tif,cores/GSE290577_core_Patient_48_4,HE,HE,1R,pAMR0,no_rejection,1,0,0,1,50043,19394,3129,3186,88199,34246,0.2523000046877341,0.2523000046877341,slide1,760,0.2125724204790898,post,202,acr_any,1,0.5686384538809458,1,0.7165916562080383,0.5322185158729553,0.45710518956184387
Patient_49,Patient_49,Patient_49_1,GSE290577_core_Patient_49_1,core,spatial_assets/GSE290577_20240816_Xen0022215_KA-HrtRej032024B_40Xome.ome.tif,cores/GSE290577_core_Patient_49_1,HE,HE,1R,pAMR0,no_rejection,1,0,0,1,6530,11465,2433,3058,77399,33947,0.2523000046877341,0.2523000046877341,slide2,645,0.21253809797287468,pre,400,acr_any,1,0.4174535423517227,0,0.7116016149520874,0.32958436012268066,0.21117465198040009
Patient_49,Patient_49,Patient_49_3,GSE290577_core_Patient_49_3,core,spatial_assets/GSE290577_20240816_Xen0022215_KA-HrtRej032024B_40Xome.ome.tif,cores/GSE290577_core_Patient_49_3,HE,HE,1R,pAMR0,no_rejection,1,0,0,1,5937,2080,3147,3190,77399,33947,0.2523000046877341,0.2523000046877341,slide2,643,0.21253809797287468,post,407,acr_any,1,0.5940028429031372,1,0.6720172166824341,0.5813496708869934,0.5286416411399841
Patient_49,Patient_49,Patient_49_4,GSE290577_core_Patient_49_4,core,spatial_assets/GSE290577_20240816_Xen0022215_KA-HrtRej032024B_40Xome.ome.tif,cores/GSE290577_core_Patient_49_4,HE,HE,0R,pAMR0,no_rejection,0,0,0,0,9719,28532,3273,3149,77399,33947,0.2523000046877341,0.2523000046877341,slide2,423,0.21253809797287468,post,407,acr_any,0,0.5240046282609304,1,0.7396094799041748,0.4614356458187103,0.370968759059906
Patient_5,Patient_5,Patient_5_1,GSE290577_core_Patient_5_1,core,spatial_assets/GSE290577_20240816_Xen0022215_KA-HrtRej032024B_40Xome.ome.tif,cores/GSE290577_core_Patient_5_1,HE,HE,2R,pAMR0,cellular_rejection,1,1,0,1,10348,15850,3160,3210,77399,33947,0.2523000046877341,0.2523000046877341,slide2,1561,0.21253809797287468,pre,547,acr_any,1,0.5126873056093851,1,0.6082083582878113,0.4784446656703949,0.45140889286994934
Patient_5,Patient_5,Patient_5_2,GSE290577_core_Patient_5_2,core,spatial_assets/GSE290577_20240816_Xen0022215_KA-HrtRej032024B_40Xome.ome.tif,cores/GSE290577_core_Patient_5_2,HE,HE,2R,pAMR0,cellular_rejection,1,1,0,1,10101,10989,3034,3193,77399,33947,0.2523000046877341,0.2523000046877341,slide2,1662,0.21253809797287468,pre,547,acr_any,1,0.5074774920940399,1,0.590110719203949,0.471671462059021,0.4606502950191498
Patient_5,Patient_5,Patient_5_3,GSE290577_core_Patient_5_3,core,spatial_assets/GSE290577_20240816_Xen0022215_KA-HrtRej032024B_40Xome.ome.tif,cores/GSE290577_core_Patient_5_3,HE,HE,2R,pAMR1-h,cellular_rejection,1,1,1,1,9981,7060,3465,3161,77399,33947,0.2523000046877341,0.2523000046877341,slide2,1549,0.21253809797287468,post,557,acr_any,1,0.5469023287296295,1,0.6407493352890015,0.497118204832077,0.5028394460678101
Patient_5,Patient_5,Patient_5_4,GSE290577_core_Patient_5_4,core,spatial_assets/GSE290577_20240816_Xen0022215_KA-HrtRej032024B_40Xome.ome.tif,cores/GSE290577_core_Patient_5_4,HE,HE,2R,pAMR1-h,cellular_rejection,1,1,1,1,10132,2362,3150,3207,77399,33947,0.2523000046877341,0.2523000046877341,slide2,1592,0.21253809797287468,post,557,acr_any,1,0.5472506086031595,1,0.6085426211357117,0.5223785042762756,0.5108307003974915
Patient_50,Patient_50,Patient_50_1,GSE290577_core_Patient_50_1,core,spatial_assets/GSE290577_20240816_Xen0022213_KA-HrtRej032024A_40Xome.ome.tif,cores/GSE290577_core_Patient_50_1,HE,HE,0R,pAMR1-i,antibody_rejection ,0,0,1,1,75967,24275,3434,3333,88199,34246,0.2523000046877341,0.2523000046877341,slide1,732,0.2125724204790898,pre,358,acr_any,0,0.47008176644643146,0,0.6033465266227722,0.44880202412605286,0.35809674859046936
Patient_50,Patient_50,Patient_50_2,GSE290577_core_Patient_50_2,core,spatial_assets/GSE290577_20240816_Xen0022213_KA-HrtRej032024A_40Xome.ome.tif,cores/GSE290577_core_Patient_50_2,HE,HE,0R,pAMR1-i,antibody_rejection ,0,0,1,1,76037,19637,3282,3342,88199,34246,0.2523000046877341,0.2523000046877341,slide1,613,0.2125724204790898,pre,358,acr_any,0,0.43849025170008343,0,0.44047197699546814,0.4483437240123749,0.4266550540924072
Patient_50,Patient_50,Patient_50_3,GSE290577_core_Patient_50_3,core,spatial_assets/GSE290577_20240816_Xen0022215_KA-HrtRej032024B_40Xome.ome.tif,cores/GSE290577_core_Patient_50_3,HE,HE,0R,pAMR0,no_rejection,0,0,0,0,1389,15590,3077,3069,77399,33947,0.2523000046877341,0.2523000046877341,slide2,396,0.21253809797287468,post,410,acr_any,0,0.5426615675290426,1,0.6729066967964172,0.45178937911987305,0.5032886266708374
Patient_50,Patient_50,Patient_50_4,GSE290577_core_Patient_50_4,core,spatial_assets/GSE290577_20240816_Xen0022215_KA-HrtRej032024B_40Xome.ome.tif,cores/GSE290577_core_Patient_50_4,HE,HE,1R,pAMR0,no_rejection,1,0,0,1,1213,10841,3211,3362,77399,33947,0.2523000046877341,0.2523000046877341,slide2,582,0.21253809797287468,post,410,acr_any,1,0.5237749914328257,1,0.6225877404212952,0.4952344298362732,0.4535028040409088
Patient_51,Patient_51,Patient_51_1,GSE290577_core_Patient_51_1,core,spatial_assets/GSE290577_20240816_Xen0022215_KA-HrtRej032024B_40Xome.ome.tif,cores/GSE290577_core_Patient_51_1,HE,HE,2R,pAMR1-h,cellular_rejection,1,1,1,1,19036,15778,3504,3094,77399,33947,0.2523000046877341,0.2523000046877341,slide2,846,0.21253809797287468,pre,8,acr_any,1,0.5358384350935618,1,0.7137662172317505,0.43270590901374817,0.46104317903518677
Patient_51,Patient_51,Patient_51_2,GSE290577_core_Patient_51_2,core,spatial_assets/GSE290577_20240816_Xen0022215_KA-HrtRej032024B_40Xome.ome.tif,cores/GSE290577_core_Patient_51_2,HE,HE,1R,pAMR1-h,no_rejection,1,0,1,1,19053,11157,3455,3141,77399,33947,0.2523000046877341,0.2523000046877341,slide2,798,0.21253809797287468,pre,8,acr_any,1,0.6040269732475281,1,0.7745028734207153,0.5367385745048523,0.5008394718170166
Patient_51,Patient_51,Patient_51_3,GSE290577_core_Patient_51_3,core,spatial_assets/GSE290577_20240816_Xen0022215_KA-HrtRej032024B_40Xome.ome.tif,cores/GSE290577_core_Patient_51_3,HE,HE,2R,pAMR0,cellular_rejection,1,1,0,1,18914,6479,3446,3294,77399,33947,0.2523000046877341,0.2523000046877341,slide2,949,0.21253809797287468,post,15,acr_any,1,0.5817537804444631,1,0.7561380863189697,0.4831865131855011,0.5059367418289185
Patient_51,Patient_51,Patient_51_4,GSE290577_core_Patient_51_4,core,spatial_assets/GSE290577_20240816_Xen0022215_KA-HrtRej032024B_40Xome.ome.tif,cores/GSE290577_core_Patient_51_4,HE,HE,1R,pAMR0,no_rejection,1,0,0,1,18851,2340,3369,3027,77399,33947,0.2523000046877341,0.2523000046877341,slide2,536,0.21253809797287468,post,15,acr_any,1,0.5599290629227957,1,0.7435488700866699,0.46061307191848755,0.47562524676322937
Patient_52,Patient_52,Patient_52_1,GSE290577_core_Patient_52_1,core,spatial_assets/GSE290577_20240816_Xen0022213_KA-HrtRej032024A_40Xome.ome.tif,cores/GSE290577_core_Patient_52_1,HE,HE,0R,pAMR0,no_rejection,0,0,0,0,59088,15530,2883,2920,88199,34246,0.2523000046877341,0.2523000046877341,slide1,256,0.2125724204790898,post,2000,acr_any,0,0.6017774740854899,1,0.8083063364028931,0.4263300895690918,0.5706959962844849
Patient_52,Patient_52,Patient_52_2,GSE290577_core_Patient_52_2,core,spatial_assets/GSE290577_20240816_Xen0022213_KA-HrtRej032024A_40Xome.ome.tif,cores/GSE290577_core_Patient_52_2,HE,HE,0R,pAMR0,no_rejection,0,0,0,0,60038,11966,2075,2125,88199,34246,0.2523000046877341,0.2523000046877341,slide1,65,0.2125724204790898,post,2000,acr_any,0,0.5019543170928955,1,0.5873371958732605,0.4176349639892578,0.5008907914161682
Patient_53,Patient_53,Patient_53_1,GSE290577_core_Patient_53_1,core,spatial_assets/GSE290577_20240816_Xen0022213_KA-HrtRej032024A_40Xome.ome.tif,cores/GSE290577_core_Patient_53_1,HE,HE,1R,pAMR1-h,no_rejection,1,0,1,1,18697,19404,3092,3054,88199,34246,0.2523000046877341,0.2523000046877341,slide1,767,0.2125724204790898,pre,648,acr_any,1,0.5272134840488434,1,0.6965779066085815,0.47017255425453186,0.41488999128341675
Patient_53,Patient_53,Patient_53_2,GSE290577_core_Patient_53_2,core,spatial_assets/GSE290577_20240816_Xen0022213_KA-HrtRej032024A_40Xome.ome.tif,cores/GSE290577_core_Patient_53_2,HE,HE,3R,pAMR1-h,cellular_rejection,1,1,1,1,19150,15157,2954,3004,88199,34246,0.2523000046877341,0.2523000046877341,slide1,614,0.2125724204790898,pre,648,acr_any,1,0.5563953816890717,1,0.8427560925483704,0.34337112307548523,0.4830589294433594
Patient_53,Patient_53,Patient_53_3,GSE290577_core_Patient_53_3,core,spatial_assets/GSE290577_20240816_Xen0022213_KA-HrtRej032024A_40Xome.ome.tif,cores/GSE290577_core_Patient_53_3,HE,HE,0R,pAMR0,no_rejection,0,0,0,0,80922,28692,2528,2972,88199,34246,0.2523000046877341,0.2523000046877341,slide1,530,0.2125724204790898,post,678,acr_any,0,0.5145242710908254,1,0.5735703706741333,0.49545717239379883,0.47454527020454407
Patient_53,Patient_53,Patient_53_4,GSE290577_core_Patient_53_4,core,spatial_assets/GSE290577_20240816_Xen0022213_KA-HrtRej032024A_40Xome.ome.tif,cores/GSE290577_core_Patient_53_4,HE,HE,0R,pAMR0,no_rejection,0,0,0,0,80619,24065,2971,2305,88199,34246,0.2523000046877341,0.2523000046877341,slide1,292,0.2125724204790898,post,678,acr_any,0,0.5934968292713165,1,0.83779376745224,0.4466532766819,0.49604344367980957
Patient_54,Patient_54,Patient_54_1,GSE290577_core_Patient_54_1,core,spatial_assets/GSE290577_20240816_Xen0022215_KA-HrtRej032024B_40Xome.ome.tif,cores/GSE290577_core_Patient_54_1,HE,HE,3R,pAMR0,cellular_rejection,1,1,0,1,27858,6644,3738,3258,77399,33947,0.2523000046877341,0.2523000046877341,slide2,1859,0.21253809797287468,pre,499,acr_any,1,0.5676262378692627,1,0.695107638835907,0.5143508315086365,0.49342024326324463
Patient_54,Patient_54,Patient_54_2,GSE290577_core_Patient_54_2,core,spatial_assets/GSE290577_20240816_Xen0022215_KA-HrtRej032024B_40Xome.ome.tif,cores/GSE290577_core_Patient_54_2,HE,HE,3R,pAMR0,cellular_rejection,1,1,0,1,28316,2116,3166,3276,77399,33947,0.2523000046877341,0.2523000046877341,slide2,1690,0.21253809797287468,pre,499,acr_any,1,0.6074193914731344,1,0.7426452040672302,0.5512431263923645,0.5283698439598083
Patient_54,Patient_54,Patient_54_3,GSE290577_core_Patient_54_3,core,spatial_assets/GSE290577_20240816_Xen0022215_KA-HrtRej032024B_40Xome.ome.tif,cores/GSE290577_core_Patient_54_3,HE,HE,2R,pAMR0,cellular_rejection,1,1,0,1,31572,29010,3608,3404,77399,33947,0.2523000046877341,0.2523000046877341,slide2,841,0.21253809797287468,post,506,acr_any,1,0.5524104535579681,1,0.6984893083572388,0.4912068247795105,0.46753522753715515
Patient_54,Patient_54,Patient_54_4,GSE290577_core_Patient_54_4,core,spatial_assets/GSE290577_20240816_Xen0022215_KA-HrtRej032024B_40Xome.ome.tif,cores/GSE290577_core_Patient_54_4,HE,HE,2R,pAMR0,cellular_rejection,1,1,0,1,32197,24107,2990,3354,77399,33947,0.2523000046877341,0.2523000046877341,slide2,1266,0.21253809797287468,post,506,acr_any,1,0.5327712694803873,1,0.649407148361206,0.43646347522735596,0.5124431848526001
Patient_55,Patient_55,Patient_55_1,GSE290577_core_Patient_55_1,core,spatial_assets/GSE290577_20240816_Xen0022215_KA-HrtRej032024B_40Xome.ome.tif,cores/GSE290577_core_Patient_55_1,HE,HE,1R,pAMR0,no_rejection,1,0,0,1,67957,19881,3006,3324,77399,33947,0.2523000046877341,0.2523000046877341,slide2,788,0.21253809797287468,pre,17,acr_any,1,0.5329075555006663,1,0.6886191964149475,0.41469040513038635,0.49541306495666504
Patient_55,Patient_55,Patient_55_2,GSE290577_core_Patient_55_2,core,spatial_assets/GSE290577_20240816_Xen0022215_KA-HrtRej032024B_40Xome.ome.tif,cores/GSE290577_core_Patient_55_2,HE,HE,1R,pAMR0,no_rejection,1,0,0,1,67675,15183,3308,3306,77399,33947,0.2523000046877341,0.2523000046877341,slide2,778,0.21253809797287468,pre,17,acr_any,1,0.5298387904961904,1,0.6108617782592773,0.5748214721679688,0.4038331210613251
Patient_55,Patient_55,Patient_55_3,GSE290577_core_Patient_55_3,core,spatial_assets/GSE290577_20240816_Xen0022215_KA-HrtRej032024B_40Xome.ome.tif,cores/GSE290577_core_Patient_55_3,HE,HE,1R,pAMR0,no_rejection,1,0,0,1,67637,10730,3132,3169,77399,33947,0.2523000046877341,0.2523000046877341,slide2,745,0.21253809797287468,post,39,acr_any,1,0.5775571465492249,1,0.695961058139801,0.5802114605903625,0.456498920917511
Patient_55,Patient_55,Patient_55_4,GSE290577_core_Patient_55_4,core,spatial_assets/GSE290577_20240816_Xen0022215_KA-HrtRej032024B_40Xome.ome.tif,cores/GSE290577_core_Patient_55_4,HE,HE,2R,pAMR0,cellular_rejection,1,1,0,1,67290,5801,3191,3062,77399,33947,0.2523000046877341,0.2523000046877341,slide2,1378,0.21253809797287468,post,39,acr_any,1,0.5612515211105347,1,0.7145909070968628,0.4624878764152527,0.5066757798194885
Patient_56,Patient_56,Patient_56_1,GSE290577_core_Patient_56_1,core,spatial_assets/GSE290577_20240816_Xen0022213_KA-HrtRej032024A_40Xome.ome.tif,cores/GSE290577_core_Patient_56_1,HE,HE,1R,pAMR1-h,no_rejection,1,0,1,1,19105,11379,3235,3149,88199,34246,0.2523000046877341,0.2523000046877341,slide1,1797,0.2125724204790898,post,154,acr_any,1,0.4550703763961792,0,0.7182674407958984,0.3814316987991333,0.26551198959350586
Patient_56,Patient_56,Patient_56_2,GSE290577_core_Patient_56_2,core,spatial_assets/GSE290577_20240816_Xen0022213_KA-HrtRej032024A_40Xome.ome.tif,cores/GSE290577_core_Patient_56_2,HE,HE,1R,pAMR1-h,no_rejection,1,0,1,1,19271,6732,3266,3206,88199,34246,0.2523000046877341,0.2523000046877341,slide1,1982,0.2125724204790898,post,154,acr_any,1,0.49351654450098675,0,0.6024362444877625,0.437237948179245,0.44087544083595276
Patient_57,Patient_57,Patient_57_1,GSE290577_core_Patient_57_1,core,spatial_assets/GSE290577_20240816_Xen0022215_KA-HrtRej032024B_40Xome.ome.tif,cores/GSE290577_core_Patient_57_1,HE,HE,1R,pAMR1-h,no_rejection,1,0,1,1,45109,28362,2725,3287,77399,33947,0.2523000046877341,0.2523000046877341,slide2,1155,0.21253809797287468,pre,84,acr_any,1,0.4471392134825389,0,0.5173617601394653,0.3869996964931488,0.43705618381500244
Patient_57,Patient_57,Patient_57_2,GSE290577_core_Patient_57_2,core,spatial_assets/GSE290577_20240816_Xen0022215_KA-HrtRej032024B_40Xome.ome.tif,cores/GSE290577_core_Patient_57_2,HE,HE,0R,pAMR0,no_rejection,0,0,0,0,45052,24529,3412,3033,77399,33947,0.2523000046877341,0.2523000046877341,slide2,694,0.21253809797287468,post,112,acr_any,0,0.4805280367533366,0,0.5331915616989136,0.4801560342311859,0.4282365143299103
Patient_57,Patient_57,Patient_57_3,GSE290577_core_Patient_57_3,core,spatial_assets/GSE290577_20240816_Xen0022215_KA-HrtRej032024B_40Xome.ome.tif,cores/GSE290577_core_Patient_57_3,HE,HE,0R,pAMR0,no_rejection,0,0,0,0,45361,19720,3367,2885,77399,33947,0.2523000046877341,0.2523000046877341,slide2,397,0.21253809797287468,post,112,acr_any,0,0.47311196724573773,0,0.7207430005073547,0.32259735465049744,0.37599554657936096
Patient_58,Patient_58,Patient_58_1,GSE290577_core_Patient_58_1,core,spatial_assets/GSE290577_20240816_Xen0022215_KA-HrtRej032024B_40Xome.ome.tif,cores/GSE290577_core_Patient_58_1,HE,HE,1R,pAMR0,no_rejection,1,0,0,1,50496,2323,3205,3018,77399,33947,0.2523000046877341,0.2523000046877341,slide2,881,0.21253809797287468,pre,831,acr_any,1,0.5171846449375153,1,0.7008411288261414,0.3937795162200928,0.45693328976631165
Patient_58,Patient_58,Patient_58_2,GSE290577_core_Patient_58_2,core,spatial_assets/GSE290577_20240816_Xen0022215_KA-HrtRej032024B_40Xome.ome.tif,cores/GSE290577_core_Patient_58_2,HE,HE,3R,pAMR0,cellular_rejection,1,1,0,1,54150,28765,2303,2322,77399,33947,0.2523000046877341,0.2523000046877341,slide2,342,0.21253809797287468,pre,831,acr_any,1,0.6549190580844879,1,0.9185885787010193,0.5515614748001099,0.4946071207523346
Patient_58,Patient_58,Patient_58_3,GSE290577_core_Patient_58_3,core,spatial_assets/GSE290577_20240816_Xen0022215_KA-HrtRej032024B_40Xome.ome.tif,cores/GSE290577_core_Patient_58_3,HE,HE,1R,pAMR0,no_rejection,1,0,0,1,53961,24628,3570,3139,77399,33947,0.2523000046877341,0.2523000046877341,slide2,825,0.21253809797287468,post,839,acr_any,1,0.4842815399169922,0,0.7095669507980347,0.41824963688850403,0.32502803206443787
Patient_58,Patient_58,Patient_58_4,GSE290577_core_Patient_58_4,core,spatial_assets/GSE290577_20240816_Xen0022215_KA-HrtRej032024B_40Xome.ome.tif,cores/GSE290577_core_Patient_58_4,HE,HE,0R,pAMR0,no_rejection,0,0,0,0,54173,19783,3276,2904,77399,33947,0.2523000046877341,0.2523000046877341,slide2,506,0.21253809797287468,post,839,acr_any,0,0.4968995650609334,0,0.6058900952339172,0.4815791845321655,0.40322941541671753
Patient_59,Patient_59,Patient_59_1,GSE290577_core_Patient_59_1,core,spatial_assets/GSE290577_20240816_Xen0022213_KA-HrtRej032024A_40Xome.ome.tif,cores/GSE290577_core_Patient_59_1,HE,HE,3R,pAMR1-h,cellular_rejection,1,1,1,1,28089,19634,3086,3077,88199,34246,0.2523000046877341,0.2523000046877341,slide1,1378,0.2125724204790898,pre,786,acr_any,1,0.48955095807711285,0,0.7647185921669006,0.2924101948738098,0.41152408719062805
Patient_59,Patient_59,Patient_59_2,GSE290577_core_Patient_59_2,core,spatial_assets/GSE290577_20240816_Xen0022213_KA-HrtRej032024A_40Xome.ome.tif,cores/GSE290577_core_Patient_59_2,HE,HE,3R,pAMR1-h,cellular_rejection,1,1,1,1,28169,15220,2536,3041,88199,34246,0.2523000046877341,0.2523000046877341,slide1,1460,0.2125724204790898,pre,786,acr_any,1,0.603939284880956,1,0.7960013747215271,0.5240126848220825,0.4918037950992584
Patient_59,Patient_59,Patient_59_3,GSE290577_core_Patient_59_3,core,spatial_assets/GSE290577_20240816_Xen0022213_KA-HrtRej032024A_40Xome.ome.tif,cores/GSE290577_core_Patient_59_3,HE,HE,0R,pAMR0,no_rejection,0,0,0,0,28278,11261,2568,2625,88199,34246,0.2523000046877341,0.2523000046877341,slide1,1230,0.2125724204790898,post,835,acr_any,0,0.5404985845088959,1,0.6377428770065308,0.4967241585254669,0.48702871799468994
Patient_59,Patient_59,Patient_59_4,GSE290577_core_Patient_59_4,core,spatial_assets/GSE290577_20240816_Xen0022213_KA-HrtRej032024A_40Xome.ome.tif,cores/GSE290577_core_Patient_59_4,HE,HE,0R,pAMR0,no_rejection,0,0,0,0,28755,6624,2770,2830,88199,34246,0.2523000046877341,0.2523000046877341,slide1,1278,0.2125724204790898,post,835,acr_any,0,0.46036669611930847,0,0.550398051738739,0.3835897147655487,0.4471123218536377
Patient_6,Patient_6,Patient_6_1,GSE290577_core_Patient_6_1,core,spatial_assets/GSE290577_20240816_Xen0022215_KA-HrtRej032024B_40Xome.ome.tif,cores/GSE290577_core_Patient_6_1,HE,HE,2R,pAMR0,cellular_rejection,1,1,0,1,5116,29165,3587,2921,77399,33947,0.2523000046877341,0.2523000046877341,slide2,647,0.21253809797287468,pre,153,acr_any,1,0.6061027149359385,1,0.7453853487968445,0.45376744866371155,0.6191553473472595
Patient_6,Patient_6,Patient_6_2,GSE290577_core_Patient_6_2,core,spatial_assets/GSE290577_20240816_Xen0022215_KA-HrtRej032024B_40Xome.ome.tif,cores/GSE290577_core_Patient_6_2,HE,HE,2R,pAMR0,cellular_rejection,1,1,0,1,5391,23972,3493,3138,77399,33947,0.2523000046877341,0.2523000046877341,slide2,854,0.21253809797287468,pre,153,acr_any,1,0.48618494470914203,0,0.6078944206237793,0.37635159492492676,0.4743088185787201
Patient_6,Patient_6,Patient_6_3,GSE290577_core_Patient_6_3,core,spatial_assets/GSE290577_20240816_Xen0022215_KA-HrtRej032024B_40Xome.ome.tif,cores/GSE290577_core_Patient_6_3,HE,HE,2R,pAMR0,cellular_rejection,1,1,0,1,5397,19947,3572,3254,77399,33947,0.2523000046877341,0.2523000046877341,slide2,2485,0.21253809797287468,post,169,acr_any,1,0.6271668473879496,1,0.8419639468193054,0.5181835293769836,0.5213530659675598
Patient_6,Patient_6,Patient_6_4,GSE290577_core_Patient_6_4,core,spatial_assets/GSE290577_20240816_Xen0022215_KA-HrtRej032024B_40Xome.ome.tif,cores/GSE290577_core_Patient_6_4,HE,HE,1R,pAMR0,no_rejection,1,0,0,1,5839,15175,3216,3028,77399,33947,0.2523000046877341,0.2523000046877341,slide2,577,0.21253809797287468,post,169,acr_any,1,0.6530986030896505,1,0.8860913515090942,0.4911765456199646,0.5820279121398926
Patient_60,Patient_60,Patient_60_2,GSE290577_core_Patient_60_2,core,spatial_assets/GSE290577_20240816_Xen0022215_KA-HrtRej032024B_40Xome.ome.tif,cores/GSE290577_core_Patient_60_2,HE,HE,1R,pAMR0,no_rejection,1,0,0,1,36934,10597,3110,3601,77399,33947,0.2523000046877341,0.2523000046877341,slide2,577,0.21253809797287468,pre,112,acr_any,1,0.46325212717056274,0,0.7155231237411499,0.33386945724487305,0.3403638005256653
Patient_60,Patient_60,Patient_60_3,GSE290577_core_Patient_60_3,core,spatial_assets/GSE290577_20240816_Xen0022215_KA-HrtRej032024B_40Xome.ome.tif,cores/GSE290577_core_Patient_60_3,HE,HE,0R,pAMR0,no_rejection,0,0,0,0,40653,29330,3298,2638,77399,33947,0.2523000046877341,0.2523000046877341,slide2,480,0.21253809797287468,post,131,acr_any,0,0.510466585556666,1,0.6870579719543457,0.4055478870868683,0.4387938976287842
Patient_60,Patient_60,Patient_60_4,GSE290577_core_Patient_60_4,core,spatial_assets/GSE290577_20240816_Xen0022215_KA-HrtRej032024B_40Xome.ome.tif,cores/GSE290577_core_Patient_60_4,HE,HE,0R,pAMR0,no_rejection,0,0,0,0,40892,23921,2958,3140,77399,33947,0.2523000046877341,0.2523000046877341,slide2,662,0.21253809797287468,post,131,acr_any,0,0.4899912973244985,0,0.5722073912620544,0.42011356353759766,0.4776529371738434
Patient_61,Patient_61,Patient_61_1,GSE290577_core_Patient_61_1,core,spatial_assets/GSE290577_20240816_Xen0022215_KA-HrtRej032024B_40Xome.ome.tif,cores/GSE290577_core_Patient_61_1,HE,HE,0R,pAMR0,no_rejection,0,0,0,0,58674,28917,2953,3047,77399,33947,0.2523000046877341,0.2523000046877341,slide2,569,0.21253809797287468,post,535,acr_any,0,0.5216299295425415,1,0.6009751558303833,0.4396097660064697,0.5243048667907715
Patient_61,Patient_61,Patient_61_2,GSE290577_core_Patient_61_2,core,spatial_assets/GSE290577_20240816_Xen0022215_KA-HrtRej032024B_40Xome.ome.tif,cores/GSE290577_core_Patient_61_2,HE,HE,0R,pAMR0,no_rejection,0,0,0,0,58544,24211,3160,3218,77399,33947,0.2523000046877341,0.2523000046877341,slide2,1032,0.21253809797287468,post,535,acr_any,0,0.5073722203572592,1,0.6424394249916077,0.46282196044921875,0.4168552756309509
Patient_62,Patient_62,Patient_62_1,GSE290577_core_Patient_62_1,core,spatial_assets/GSE290577_20240816_Xen0022215_KA-HrtRej032024B_40Xome.ome.tif,cores/GSE290577_core_Patient_62_1,HE,HE,0R,pAMR1-i,antibody_rejection ,0,0,1,1,32495,11408,3070,1627,77399,33947,0.2523000046877341,0.2523000046877341,slide2,164,0.21253809797287468,pre,59,acr_any,0,0.5926580528418223,1,0.744724452495575,0.5606486797332764,0.4726010262966156
Patient_62,Patient_62,Patient_62_2,GSE290577_core_Patient_62_2,core,spatial_assets/GSE290577_20240816_Xen0022215_KA-HrtRej032024B_40Xome.ome.tif,cores/GSE290577_core_Patient_62_2,HE,HE,0R,pAMR1-i,antibody_rejection ,0,0,1,1,32448,6301,3062,3222,77399,33947,0.2523000046877341,0.2523000046877341,slide2,160,0.21253809797287468,pre,59,acr_any,0,0.5716787775357565,1,0.641810417175293,0.552918016910553,0.5203078985214233
Patient_62,Patient_62,Patient_62_3,GSE290577_core_Patient_62_3,core,spatial_assets/GSE290577_20240816_Xen0022215_KA-HrtRej032024B_40Xome.ome.tif,cores/GSE290577_core_Patient_62_3,HE,HE,1R,pAMR0,no_rejection,1,0,0,1,36560,24575,3285,3239,77399,33947,0.2523000046877341,0.2523000046877341,slide2,1017,0.21253809797287468,post,71,acr_any,1,0.5792615115642548,1,0.8269100189208984,0.4148057997226715,0.49606871604919434
Patient_62,Patient_62,Patient_62_4,GSE290577_core_Patient_62_4,core,spatial_assets/GSE290577_20240816_Xen0022215_KA-HrtRej032024B_40Xome.ome.tif,cores/GSE290577_core_Patient_62_4,HE,HE,0R,pAMR0,no_rejection,0,0,0,0,36520,19234,3572,3337,77399,33947,0.2523000046877341,0.2523000046877341,slide2,746,0.21253809797287468,post,71,acr_any,0,0.5780303279558817,1,0.7230818271636963,0.5313478112220764,0.47966134548187256
Patient_63,Patient_63,Patient_63_1,GSE290577_core_Patient_63_1,core,spatial_assets/GSE290577_20240816_Xen0022215_KA-HrtRej032024B_40Xome.ome.tif,cores/GSE290577_core_Patient_63_1,HE,HE,2R,pAMR0,cellular_rejection,1,1,0,1,58628,19889,3475,3252,77399,33947,0.2523000046877341,0.2523000046877341,slide2,812,0.21253809797287468,pre,44,acr_any,1,0.5865458548069,1,0.707156777381897,0.6052067875862122,0.44727399945259094
Patient_63,Patient_63,Patient_63_2,GSE290577_core_Patient_63_2,core,spatial_assets/GSE290577_20240816_Xen0022215_KA-HrtRej032024B_40Xome.ome.tif,cores/GSE290577_core_Patient_63_2,HE,HE,2R,pAMR0,cellular_rejection,1,1,0,1,58462,14859,3581,3321,77399,33947,0.2523000046877341,0.2523000046877341,slide2,1143,0.21253809797287468,pre,44,acr_any,1,0.6039946575959524,1,0.7435694336891174,0.6208975911140442,0.44751694798469543
Patient_63,Patient_63,Patient_63_3,GSE290577_core_Patient_63_3,core,spatial_assets/GSE290577_20240816_Xen0022215_KA-HrtRej032024B_40Xome.ome.tif,cores/GSE290577_core_Patient_63_3,HE,HE,0R,pAMR0,no_rejection,0,0,0,0,58732,10726,3355,3209,77399,33947,0.2523000046877341,0.2523000046877341,slide2,733,0.21253809797287468,post,65,acr_any,0,0.5016882220904032,1,0.646949827671051,0.43323788046836853,0.42487695813179016
Patient_63,Patient_63,Patient_63_4,GSE290577_core_Patient_63_4,core,spatial_assets/GSE290577_20240816_Xen0022215_KA-HrtRej032024B_40Xome.ome.tif,cores/GSE290577_core_Patient_63_4,HE,HE,2R,pAMR0,cellular_rejection,1,1,0,1,58885,5797,3154,3323,77399,33947,0.2523000046877341,0.2523000046877341,slide2,1491,0.21253809797287468,post,65,acr_any,1,0.5715593894322714,1,0.7575441002845764,0.43925243616104126,0.5178816318511963
Patient_64,Patient_64,Patient_64_1,GSE290577_core_Patient_64_1,core,spatial_assets/GSE290577_20240816_Xen0022215_KA-HrtRej032024B_40Xome.ome.tif,cores/GSE290577_core_Patient_64_1,HE,HE,1R,pAMR0,no_rejection,1,0,0,1,67087,2431,3328,2942,77399,33947,0.2523000046877341,0.2523000046877341,slide2,730,0.21253809797287468,post,20,acr_any,1,0.5992360512415568,1,0.7568181157112122,0.5177151560783386,0.5231748819351196
Patient_64,Patient_64,Patient_64_2,GSE290577_core_Patient_64_2,core,spatial_assets/GSE290577_20240816_Xen0022215_KA-HrtRej032024B_40Xome.ome.tif,cores/GSE290577_core_Patient_64_2,HE,HE,0R,pAMR0,no_rejection,0,0,0,0,72817,29245,2519,2124,77399,33947,0.2523000046877341,0.2523000046877341,slide2,183,0.21253809797287468,post,20,acr_any,0,0.500472625096639,1,0.6492213606834412,0.37648552656173706,0.47571098804473877
Patient_7,Patient_7,Patient_7_1,GSE290577_core_Patient_7_1,core,spatial_assets/GSE290577_20240816_Xen0022215_KA-HrtRej032024B_40Xome.ome.tif,cores/GSE290577_core_Patient_7_1,HE,HE,2R,pAMR0,cellular_rejection,1,1,0,1,40899,19991,3368,3230,77399,33947,0.2523000046877341,0.2523000046877341,slide2,1043,0.21253809797287468,pre,56,acr_any,1,0.6151411533355713,1,0.847645103931427,0.49160557985305786,0.506172776222229
Patient_7,Patient_7,Patient_7_2,GSE290577_core_Patient_7_2,core,spatial_assets/GSE290577_20240816_Xen0022215_KA-HrtRej032024B_40Xome.ome.tif,cores/GSE290577_core_Patient_7_2,HE,HE,0R,pAMR0,no_rejection,0,0,0,0,41060,11430,3019,2336,77399,33947,0.2523000046877341,0.2523000046877341,slide2,231,0.21253809797287468,post,72,acr_any,0,0.45064154267311096,0,0.5257062315940857,0.3760260343551636,0.4501923620700836
Patient_7,Patient_7,Patient_7_3,GSE290577_core_Patient_7_3,core,spatial_assets/GSE290577_20240816_Xen0022215_KA-HrtRej032024B_40Xome.ome.tif,cores/GSE290577_core_Patient_7_3,HE,HE,2R,pAMR0,cellular_rejection,1,1,0,1,41360,6477,3117,1969,77399,33947,0.2523000046877341,0.2523000046877341,slide2,486,0.21253809797287468,post,72,acr_any,1,0.6572415232658386,1,0.7370722889900208,0.6424052715301514,0.5922470092773438
Patient_8,Patient_8,Patient_8_1,GSE290577_core_Patient_8_1,core,spatial_assets/GSE290577_20240816_Xen0022213_KA-HrtRej032024A_40Xome.ome.tif,cores/GSE290577_core_Patient_8_1,HE,HE,2R,,cellular_rejection,1,1,,,37482,11267,2556,3128,88199,34246,0.2523000046877341,0.2523000046877341,slide1,1009,0.2125724204790898,pre,6,acr_any,1,0.662174125512441,1,0.9019756317138672,0.5393279790878296,0.5452187657356262
Patient_8,Patient_8,Patient_8_2,GSE290577_core_Patient_8_2,core,spatial_assets/GSE290577_20240816_Xen0022213_KA-HrtRej032024A_40Xome.ome.tif,cores/GSE290577_core_Patient_8_2,HE,HE,2R,pAMR0,cellular_rejection,1,1,0,1,37546,2706,3314,3060,88199,34246,0.2523000046877341,0.2523000046877341,slide1,1000,0.2125724204790898,post,12,acr_any,1,0.6042168339093527,1,0.7491850256919861,0.5702429413795471,0.49322253465652466
Patient_8,Patient_8,Patient_8_3,GSE290577_core_Patient_8_3,core,spatial_assets/GSE290577_20240816_Xen0022213_KA-HrtRej032024A_40Xome.ome.tif,cores/GSE290577_core_Patient_8_3,HE,HE,2R,pAMR0,cellular_rejection,1,1,0,1,41378,27896,3122,3007,88199,34246,0.2523000046877341,0.2523000046877341,slide1,895,0.2125724204790898,post,12,acr_any,1,0.583659440279007,1,0.7541291117668152,0.4505886137485504,0.5462605953216553
Patient_9,Patient_9,Patient_9_1,GSE290577_core_Patient_9_1,core,spatial_assets/GSE290577_20240816_Xen0022213_KA-HrtRej032024A_40Xome.ome.tif,cores/GSE290577_core_Patient_9_1,HE,HE,0R,pAMR1-i,antibody_rejection ,0,0,1,1,50192,15391,3218,2928,88199,34246,0.2523000046877341,0.2523000046877341,slide1,483,0.2125724204790898,pre,68,acr_any,0,0.5797746380170187,1,0.678686261177063,0.6280101537704468,0.43262749910354614
Patient_9,Patient_9,Patient_9_2,GSE290577_core_Patient_9_2,core,spatial_assets/GSE290577_20240816_Xen0022213_KA-HrtRej032024A_40Xome.ome.tif,cores/GSE290577_core_Patient_9_2,HE,HE,1R,pAMR1-h,no_rejection,1,0,1,1,54686,28107,3107,3140,88199,34246,0.2523000046877341,0.2523000046877341,slide1,923,0.2125724204790898,post,71,acr_any,1,0.4608556528886159,0,0.5179654359817505,0.44937559962272644,0.41522592306137085
Patient_9,Patient_9,Patient_9_3,GSE290577_core_Patient_9_3,core,spatial_assets/GSE290577_20240816_Xen0022213_KA-HrtRej032024A_40Xome.ome.tif,cores/GSE290577_core_Patient_9_3,HE,HE,1R,pAMR1-h,no_rejection,1,0,1,1,54646,23718,3049,3177,88199,34246,0.2523000046877341,0.2523000046877341,slide1,722,0.2125724204790898,post,71,acr_any,1,0.5714875857035319,1,0.6906508803367615,0.5224774479866028,0.5013344287872314
