experiment,checkpoint_dir,checkpoint_count,task,variant,seed,level,mpp,magnification,feature_tag
smc_acr_high_grade_l0_0p25mpp_40x_uni2_clamsb_cv5val_s1,results/smc_acr_high_grade_l0_0p25mpp_40x_uni2_clamsb_cv5val_s1,5,acr_high,cv5val,1,l0,0p25,40x,0p25
smc_acr_high_grade_l0_0p25mpp_40x_uni2_clamsb_cv5val_s11,results/smc_acr_high_grade_l0_0p25mpp_40x_uni2_clamsb_cv5val_s11,5,acr_high,cv5val,11,l0,0p25,40x,0p25
smc_acr_high_grade_l0_0p25mpp_40x_uni2_clamsb_cv5val_s21,results/smc_acr_high_grade_l0_0p25mpp_40x_uni2_clamsb_cv5val_s21,5,acr_high,cv5val,21,l0,0p25,40x,0p25
smc_acr_high_grade_l0_0p25mpp_40x_uni2_clamsb_cv5val_s31,results/smc_acr_high_grade_l0_0p25mpp_40x_uni2_clamsb_cv5val_s31,5,acr_high,cv5val,31,l0,0p25,40x,0p25
smc_acr_high_grade_l0_0p25mpp_40x_uni2_clamsb_cv5val_s41,results/smc_acr_high_grade_l0_0p25mpp_40x_uni2_clamsb_cv5val_s41,5,acr_high,cv5val,41,l0,0p25,40x,0p25
smc_amr_positive_l0_0p25mpp_40x_uni2_clamsb_cv5val_s1,results/smc_amr_positive_l0_0p25mpp_40x_uni2_clamsb_cv5val_s1,5,amr_positive,cv5val,1,l0,0p25,40x,0p25
smc_amr_positive_l0_0p25mpp_40x_uni2_clamsb_cv5val_s11,results/smc_amr_positive_l0_0p25mpp_40x_uni2_clamsb_cv5val_s11,5,amr_positive,cv5val,11,l0,0p25,40x,0p25
smc_amr_positive_l0_0p25mpp_40x_uni2_clamsb_cv5val_s21,results/smc_amr_positive_l0_0p25mpp_40x_uni2_clamsb_cv5val_s21,5,amr_positive,cv5val,21,l0,0p25,40x,0p25
smc_amr_positive_l0_0p25mpp_40x_uni2_clamsb_cv5val_s31,results/smc_amr_positive_l0_0p25mpp_40x_uni2_clamsb_cv5val_s31,5,amr_positive,cv5val,31,l0,0p25,40x,0p25
smc_amr_positive_l0_0p25mpp_40x_uni2_clamsb_cv5val_s41,results/smc_amr_positive_l0_0p25mpp_40x_uni2_clamsb_cv5val_s41,5,amr_positive,cv5val,41,l0,0p25,40x,0p25
