event_id,case_id,label,probability,inner
S1940316,patient_7ff6d1678a27a551,1,0.0650755912065506,0
S1952033,patient_bcb7482156d628d4,1,0.12131522595882416,0
S2028924,patient_f7021d86b1e9f623,0,0.03552448749542236,0
S2043434,patient_fc51a062525b3f86,0,0.01744765043258667,0
S2108731,patient_d8e20f6cc2cd90d6,0,0.026751747354865074,0
S2130900,patient_fc51a062525b3f86,0,0.006976598408073187,0
S2133159,patient_d66d976aaae8f399,0,0.03095312975347042,0
S2133162,patient_2b3a49d49419f139,0,0.003862277138978243,0
S2135429,patient_d66d976aaae8f399,0,0.003299276577308774,0
S2135430,patient_005b214a5e658965,0,0.0044347969815135,0
S2135432,patient_d8e20f6cc2cd90d6,0,0.005147736519575119,0
S2140145,patient_d66d976aaae8f399,0,0.0040671625174582005,0
S2142818,patient_d8e20f6cc2cd90d6,0,0.0035549812018871307,0
S2142820,patient_2b3a49d49419f139,0,0.004314620513468981,0
S2143764,patient_d66d976aaae8f399,0,0.0030533717945218086,0
S2143765,patient_0e7d27760a108f4e,0,0.005566869396716356,0
S2144970,patient_fc51a062525b3f86,0,0.006105664651840925,0
S2149398,patient_005b214a5e658965,0,0.0032432153820991516,0
S2151614,patient_8a989ce38f711fa1,0,0.029013456776738167,0
S2153833,patient_ae0f85572ff16638,0,0.007836705073714256,0
S2154954,patient_23ee3df4f656b033,0,0.0030074724927544594,0
S2154958,patient_8a989ce38f711fa1,0,0.040725380182266235,0
S2154959,patient_2b3a49d49419f139,0,0.0027814314235001802,0
S2202563,patient_23ee3df4f656b033,0,0.003366932738572359,0
S2202564,patient_30b34f698447ae86,0,0.0034547082614153624,0
S2202567,patient_d66d976aaae8f399,0,0.003193207085132599,0
S2202568,patient_8a989ce38f711fa1,0,0.004505551885813475,0
S2206288,patient_30b34f698447ae86,0,0.0008445490384474397,0
S2207350,patient_8a989ce38f711fa1,0,0.0025467919185757637,0
S2207352,patient_23ee3df4f656b033,0,0.004719422198832035,0
S2208365,patient_fe8ccc87e7ab7c65,0,0.07125843316316605,0
S2209232,patient_30b34f698447ae86,0,0.003075115382671356,0
S2209237,patient_2b3a49d49419f139,0,0.002575365360826254,0
S2210201,patient_fe8ccc87e7ab7c65,0,0.0289203729480505,0
S2213274,patient_8a989ce38f711fa1,0,0.005052205175161362,0
S2213275,patient_d66d976aaae8f399,0,0.002401688601821661,0
S2213276,patient_23ee3df4f656b033,0,0.0038423356600105762,0
S2214324,patient_30b34f698447ae86,0,0.0036236094310879707,0
S2215451,patient_fe8ccc87e7ab7c65,0,0.004234252497553825,0
S2220927,patient_30b34f698447ae86,0,0.004762695636600256,0
S2222062,patient_8a989ce38f711fa1,0,0.0023272510152310133,0
S2222064,patient_23ee3df4f656b033,0,0.003745767753571272,0
S2226375,patient_fe8ccc87e7ab7c65,0,0.005822851322591305,0
S2227604,patient_26f6ecd90ed41f9d,0,0.03659702092409134,0
S2227621,patient_30b34f698447ae86,0,0.0035552633926272392,0
S2228787,patient_c37c171d859fe24a,0,0.003304042387753725,0
S2228788,patient_d66d976aaae8f399,0,0.004904088564217091,0
S2228789,patient_1bb6673f07107d9c,0,0.0028697201050817966,0
S2228790,patient_e9984333ac68159c,0,0.0038487876299768686,0
S2231091,patient_1bb6673f07107d9c,0,0.0006375053199008107,0
S2232191,patient_e9984333ac68159c,0,0.0056057763285934925,0
S2233278,patient_fe8ccc87e7ab7c65,0,0.0029608909972012043,0
S2233279,patient_2c0945e38263a664,0,0.11775463074445724,0
S2234198,patient_23ee3df4f656b033,0,0.005644632503390312,0
S2234199,patient_1bb6673f07107d9c,0,0.010587768629193306,0
S2234200,patient_8a989ce38f711fa1,0,0.0036658814642578363,0
S2235318,patient_2c0945e38263a664,0,0.43820488452911377,0
S2235518,patient_5a68de4c65c56662,0,0.2940526306629181,0
S2236493,patient_e9984333ac68159c,0,0.062423404306173325,0
S2236494,patient_c37c171d859fe24a,0,0.08679921180009842,0
S2238299,patient_5a68de4c65c56662,0,0.10599660128355026,0
S2240726,patient_1bb6673f07107d9c,0,0.004119588062167168,0
S2241564,patient_30b34f698447ae86,0,0.017828863114118576,0
S2242500,patient_5a68de4c65c56662,0,0.0044136568903923035,0
S2243826,patient_26f6ecd90ed41f9d,0,0.005376070272177458,0
S2244729,patient_c37c171d859fe24a,0,0.0037973152939230204,0
S2246785,patient_2c0945e38263a664,0,0.1543249636888504,0
S2246786,patient_5a68de4c65c56662,0,0.005455990321934223,0
S2247858,patient_fe8ccc87e7ab7c65,0,0.011722753755748272,0
S2247859,patient_e9984333ac68159c,0,0.008733045309782028,0
S2248983,patient_8a989ce38f711fa1,0,0.003670304547995329,0
S2248986,patient_23ee3df4f656b033,0,0.01580052636563778,0
S2250149,patient_93ac78fffd137473,0,0.09134849160909653,0
S2251247,patient_c37c171d859fe24a,0,0.003579135751351714,0
S2254659,patient_2c0945e38263a664,0,0.1314772218465805,0
S2254886,patient_5a68de4c65c56662,0,0.27190354466438293,0
S2300331,patient_30b34f698447ae86,0,0.0006807444733567536,0
S2302643,patient_26f6ecd90ed41f9d,0,0.7349925637245178,0
S2302644,patient_c37c171d859fe24a,0,0.0027627937961369753,0
S2304561,patient_e6981a9104ac664d,0,0.08535190671682358,0
S2307080,patient_e6981a9104ac664d,0,0.005904334131628275,0
S2308039,patient_fe8ccc87e7ab7c65,0,0.006583841051906347,0
S2308045,patient_2c0945e38263a664,0,0.6556151509284973,0
S2310080,patient_26f6ecd90ed41f9d,0,0.9892286062240601,0
S2311234,patient_ae0f85572ff16638,0,0.006444505415856838,0
S2311236,patient_1bb6673f07107d9c,0,0.005373724736273289,0
S2311238,patient_e6981a9104ac664d,0,0.0467776283621788,0
S2313436,patient_c37c171d859fe24a,0,0.004254368599504232,0
S2313440,patient_e9984333ac68159c,0,0.932593047618866,0
S2314591,patient_ad7be783b5ff7f03,0,0.03874456137418747,0
S2316900,patient_ad7be783b5ff7f03,0,0.004711951594799757,0
S2318956,patient_2c0945e38263a664,1,0.9562476873397827,0
S2323107,patient_26f6ecd90ed41f9d,0,0.003180854953825474,0
S2323108,patient_6d8c27caf7586f64,0,0.123291976749897,0
S2323112,patient_e6981a9104ac664d,0,0.0021253693848848343,0
S2326329,patient_c37c171d859fe24a,0,0.006146682891994715,0
S2326330,patient_30b34f698447ae86,0,0.0012423830339685082,0
S2326332,patient_6d8c27caf7586f64,0,0.00481210695579648,0
S2329753,patient_93ac78fffd137473,0,0.006503012962639332,0
S2329756,patient_ad7be783b5ff7f03,0,0.9746286273002625,0
S2330982,patient_6d8c27caf7586f64,0,0.007430914789438248,0
S2330986,patient_e6981a9104ac664d,0,0.028620464727282524,0
S2332142,patient_2c0945e38263a664,0,0.0022047352977097034,0
S2344461,patient_e6981a9104ac664d,0,0.016297632828354836,0
S2344462,patient_f1bc2d6d2b5c3421,0,0.005835098214447498,0
S2347457,patient_f1bc2d6d2b5c3421,0,0.0003671288432087749,0
S2352429,patient_79f0ef3e7f376fdb,0,0.0005585901672020555,0
S2352826,patient_f1bc2d6d2b5c3421,0,0.004270812962204218,0
S2402482,patient_e6981a9104ac664d,0,0.0076628937385976315,0
S2403702,patient_f1bc2d6d2b5c3421,0,0.00039273512084037066,0
S2406038,patient_79f0ef3e7f376fdb,0,0.01451808400452137,0
S2406754,patient_d4019523cc8c8335,0,0.7191690802574158,0
S2408480,patient_d4019523cc8c8335,0,0.003187415888532996,0
S2409389,patient_897fc368fe7593b2,0,0.09036996960639954,0
S2409390,patient_79f0ef3e7f376fdb,0,0.009918777272105217,0
S2409928,patient_f1bc2d6d2b5c3421,0,0.004889271687716246,0
S2410451,patient_897fc368fe7593b2,0,0.006102144252508879,0
S2410458,patient_ad7be783b5ff7f03,0,0.00991937704384327,0
S2411029,patient_f73f7e4dab64291c,0,0.003948615863919258,0
S2411030,patient_d4019523cc8c8335,0,0.16903844475746155,0
S2413342,patient_897fc368fe7593b2,0,0.0006537956069223583,0
S2413768,patient_79f0ef3e7f376fdb,0,0.0005082928691990674,0
S2414955,patient_897fc368fe7593b2,0,0.0007685034652240574,0
S2415690,patient_f73f7e4dab64291c,0,0.000986491795629263,0
S2415692,patient_f1bc2d6d2b5c3421,0,0.00026844089734368026,0
S2419119,patient_d4019523cc8c8335,0,0.0007600265671499074,0
S2419848,patient_897fc368fe7593b2,0,0.0011751082492992282,0
S2419850,patient_f73f7e4dab64291c,0,0.00033526128390803933,0
S2424250,patient_897fc368fe7593b2,0,0.0009172841673716903,0
S2425034,patient_f73f7e4dab64291c,0,0.00044221023563295603,0
S2430053,patient_d4019523cc8c8335,0,0.2697659730911255,0
S2431862,patient_79f0ef3e7f376fdb,0,0.0007413747953251004,0
S2431866,patient_897fc368fe7593b2,0,0.0005681302864104509,0
S2436454,patient_bdc3f4ebb82da82e,0,0.0006780722178518772,0
S2437882,patient_bdc3f4ebb82da82e,0,0.5798585414886475,0
S2503127,patient_bdc3f4ebb82da82e,0,0.526827335357666,0
S2504719,patient_897fc368fe7593b2,0,0.6953746676445007,0
S2506960,patient_bdc3f4ebb82da82e,0,0.3960234820842743,0
S2506967,patient_f02086679c6d7438,0,0.005769757553935051,0
S2508631,patient_f02086679c6d7438,0,0.0002320215426152572,0
S2511007,patient_f02086679c6d7438,0,0.0003650943690445274,0
S2516970,patient_bdc3f4ebb82da82e,0,0.012844585813581944,0
S2521239,patient_6e852ae1e67cc6a5,0,0.00490613142028451,0
S2522994,patient_6e852ae1e67cc6a5,0,0.005534513853490353,0
S2524777,patient_a73e0921802886c1,0,0.0009474353864789009,0
S2526362,patient_6e852ae1e67cc6a5,0,0.3338697552680969,0
S2527323,patient_88518ae12a01280d,0,0.005859183147549629,0
S2530049,patient_6e852ae1e67cc6a5,0,0.003034281777217984,0
S2530991,patient_88518ae12a01280d,0,0.0027334820479154587,0
S2535840,patient_88518ae12a01280d,0,0.16098323464393616,0
S1818746,patient_0e0a62c163c44d2b,1,0.06854474544525146,1
S2015922,patient_f5bca2eea3be8059,0,7.153073511290131e-07,1
S2026723,patient_19d05fccc0aac48d,0,1.045401290866721e-06,1
S2028919,patient_f5bca2eea3be8059,0,4.794843334821053e-06,1
S2028920,patient_19d05fccc0aac48d,0,6.047201281944581e-07,1
S2107860,patient_895c9f3c4b1870d6,0,5.221128276389209e-07,1
S2108730,patient_2999b7afa4f16b6d,0,0.00013626976578962058,1
S2111062,patient_9b81a2766f087b27,0,8.920210916585347e-07,1
S2114402,patient_9b81a2766f087b27,0,1.1543568689376116e-05,1
S2119964,patient_9b81a2766f087b27,0,1.3155028000255697e-06,1
S2128633,patient_895c9f3c4b1870d6,1,3.134357029921375e-05,1
S2129802,patient_0cf9d90c530cbd0b,0,1.0491110913335433e-07,1
S2130897,patient_2999b7afa4f16b6d,0,6.655468951066723e-06,1
S2133158,patient_98877b8b3d3e8763,0,2.031145959335845e-05,1
S2134279,patient_895c9f3c4b1870d6,1,0.00016590805898886174,1
S2135431,patient_0cf9d90c530cbd0b,0,7.626669685123488e-06,1
S2136522,patient_7ea5ec2f6c847fc5,0,2.6445967193922115e-08,1
S2138905,patient_5d35983cfd191fff,0,1.2101871504910378e-07,1
S2140143,patient_b2bad17607c44f10,0,4.094956238986924e-05,1
S2140147,patient_98877b8b3d3e8763,0,2.2121173969935626e-05,1
S2141805,patient_0cf9d90c530cbd0b,0,2.399253389739897e-05,1
S2141806,patient_7d29fcd258114554,0,5.859465659341367e-07,1
S2141807,patient_895c9f3c4b1870d6,0,6.144665530882776e-05,1
S2143767,patient_2999b7afa4f16b6d,0,2.5333662051707506e-05,1
S2143769,patient_7d29fcd258114554,0,2.3076252546161413e-05,1
S2144969,patient_5d35983cfd191fff,0,5.5647844419581816e-05,1
S2147205,patient_98877b8b3d3e8763,0,3.622512667789124e-05,1
S2148219,patient_7ea5ec2f6c847fc5,0,2.094236251082293e-08,1
S2148221,patient_895c9f3c4b1870d6,1,6.375267957992037e-08,1
S2149393,patient_b824bfb064fb2de4,0,9.990104672397138e-07,1
S2149394,patient_0cf9d90c530cbd0b,0,6.616751488763839e-05,1
S2149396,patient_7d29fcd258114554,0,9.371638952870853e-06,1
S2150495,patient_9b81a2766f087b27,0,6.422319529519882e-06,1
S2152682,patient_b708165a33e7dbc1,0,2.0492282146733487e-06,1
S2154957,patient_7d29fcd258114554,0,4.88271189169609e-06,1
S2156022,patient_0cf9d90c530cbd0b,0,3.9088808989617974e-05,1
S2200310,patient_b824bfb064fb2de4,0,2.703226016365079e-07,1
S2201380,patient_98877b8b3d3e8763,0,3.258144332107804e-08,1
S2202565,patient_c85fe67257ac09be,0,1.2040864930895623e-05,1
S2203734,patient_7d29fcd258114554,0,4.151934263063595e-05,1
S2205208,patient_895c9f3c4b1870d6,0,5.018989395466633e-05,1
S2205211,patient_5d35983cfd191fff,0,5.913080258324044e-06,1
S2206287,patient_b824bfb064fb2de4,0,2.04500956897391e-05,1
S2207349,patient_c85fe67257ac09be,0,1.2866479437434464e-06,1
S2207353,patient_7ea5ec2f6c847fc5,0,3.140838089166209e-05,1
S2208362,patient_441646021a546773,0,4.923391770716989e-06,1
S2209230,patient_5485a267cc6293c7,0,2.5264694158977363e-06,1
S2209234,patient_9b81a2766f087b27,0,3.1730445471112034e-07,1
S2210199,patient_0cf9d90c530cbd0b,0,1.4167590052238666e-05,1
S2210202,patient_b824bfb064fb2de4,0,5.745668659073999e-06,1
S2210203,patient_7d29fcd258114554,0,2.6722404072643258e-05,1
S2210204,patient_c85fe67257ac09be,0,2.37165863836708e-06,1
S2210206,patient_441646021a546773,0,6.241442861210089e-06,1
S2211180,patient_98877b8b3d3e8763,0,5.641929874400375e-07,1
S2215454,patient_441646021a546773,0,1.3407682672550436e-05,1
S2216605,patient_5d35983cfd191fff,0,1.6670710465405136e-05,1
S2216630,patient_c85fe67257ac09be,0,8.170155524567235e-06,1
S2216631,patient_b824bfb064fb2de4,0,1.344920065093902e-06,1
S2219753,patient_441646021a546773,0,6.784413017157931e-06,1
S2220918,patient_c85fe67257ac09be,0,1.2716393030132167e-05,1
S2222061,patient_228507d0242d624c,0,5.710199729946908e-06,1
S2222945,patient_71270218daad69ca,0,0.00023930049792397767,1
S2224007,patient_0cf9d90c530cbd0b,0,7.099166850821348e-06,1
S2225225,patient_228507d0242d624c,0,1.4160202226776164e-05,1
S2225226,patient_98877b8b3d3e8763,0,4.0754694055067375e-06,1
S2226370,patient_441646021a546773,0,0.00032601432758383453,1
S2227605,patient_d074d89175786c47,0,6.362990006891778e-06,1
S2227608,patient_c85fe67257ac09be,0,2.5061268388526514e-05,1
S2229537,patient_503148ddee5b72e0,0,1.081792106560897e-05,1
S2231089,patient_d074d89175786c47,0,8.192957778874188e-08,1
S2232192,patient_228507d0242d624c,0,6.809478691138793e-06,1
S2235315,patient_441646021a546773,0,0.0005867438740096986,1
S2236496,patient_d074d89175786c47,0,7.370294042630121e-05,1
S2237601,patient_503148ddee5b72e0,0,5.001010504201986e-05,1
S2239522,patient_7d29fcd258114554,0,1.1136668263134197e-06,1
S2241560,patient_c85fe67257ac09be,0,6.515839049825445e-05,1
S2241562,patient_228507d0242d624c,0,0.00012670429714489728,1
S2242501,patient_d074d89175786c47,0,2.1422747522592545e-05,1
S2247860,patient_228507d0242d624c,1,0.9935047626495361,1
S2248988,patient_441646021a546773,0,7.536203338531777e-05,1
S2250151,patient_d074d89175786c47,0,0.00010670435585780069,1
S2252333,patient_228507d0242d624c,0,4.7541758249280974e-05,1
S2304564,patient_d074d89175786c47,0,0.00010313319216948003,1
S2306847,patient_228507d0242d624c,0,9.553208656143397e-05,1
S2306849,patient_0941abb556cbec79,0,1.1948685596507858e-06,1
S2306850,patient_441646021a546773,0,7.93513681855984e-05,1
S2309075,patient_0941abb556cbec79,0,1.4331462807604112e-06,1
S2310075,patient_7e13e7a4752983ed,0,2.6044315745821223e-05,1
S2312320,patient_503148ddee5b72e0,0,1.035319746733876e-05,1
S2312322,patient_7e13e7a4752983ed,0,2.8504898637038423e-06,1
S2313664,patient_0941abb556cbec79,0,3.275868266428006e-06,1
S2315840,patient_d074d89175786c47,0,0.07498444616794586,1
S2315844,patient_7e13e7a4752983ed,0,1.7223470649696537e-07,1
S2319879,patient_0941abb556cbec79,0,1.3746491731581045e-06,1
S2320991,patient_7e13e7a4752983ed,0,4.531412685082614e-07,1
S2320992,patient_71a52624c9074da6,0,5.084942313260399e-05,1
S2320993,patient_228507d0242d624c,1,0.004437957890331745,1
S2322861,patient_441646021a546773,0,1.5121491614422666e-08,1
S2325142,patient_71a52624c9074da6,0,1.1073084351664875e-05,1
S2327485,patient_503148ddee5b72e0,0,2.1954132023438433e-07,1
S2327489,patient_d074d89175786c47,0,1.4965668526656373e-07,1
S2330984,patient_dd2e6df63e5c36b4,0,3.281494969087362e-07,1
S2330985,patient_71a52624c9074da6,0,8.161752703017555e-06,1
S2332144,patient_a533d77edf530d7d,0,7.198443174871727e-09,1
S2334384,patient_5ad31502c2708b1a,0,1.3215898775342794e-07,1
S2334386,patient_a533d77edf530d7d,0,2.0521989441135702e-08,1
S2334388,patient_dd2e6df63e5c36b4,0,4.7218833287843154e-08,1
S2334389,patient_0941abb556cbec79,0,3.2372504676914104e-08,1
S2334411,patient_71270218daad69ca,0,1.07376436631057e-08,1
S2336494,patient_71a52624c9074da6,0,0.00026438175700604916,1
S2338781,patient_5ad31502c2708b1a,0,1.7635675249039195e-05,1
S2338783,patient_dd2e6df63e5c36b4,0,6.017854161655123e-07,1
S2338786,patient_a533d77edf530d7d,0,0.00037345776217989624,1
S2342677,patient_5ad31502c2708b1a,0,0.00035457240301184356,1
S2343311,patient_dd2e6df63e5c36b4,0,2.1095314878039062e-05,1
S2343314,patient_a533d77edf530d7d,0,0.00011179755529155955,1
S2344458,patient_71a52624c9074da6,0,6.8897065830242354e-06,1
S2346179,patient_a533d77edf530d7d,0,6.844838935649022e-05,1
S2347458,patient_0941abb556cbec79,0,3.472592524644824e-08,1
S2348398,patient_a533d77edf530d7d,0,1.1867196917592082e-05,1
S2352825,patient_a533d77edf530d7d,0,4.831619662581943e-06,1
S2352827,patient_71a52624c9074da6,0,5.353894266590942e-06,1
S2402484,patient_a533d77edf530d7d,0,5.369469818106154e-06,1
S2404885,patient_d82abebcfaf082f8,0,1.5331544318542e-06,1
S2406040,patient_0941abb556cbec79,0,2.5411322894797195e-06,1
S2406264,patient_ead6420f83248981,0,1.2037819487886736e-06,1
S2407939,patient_ead6420f83248981,0,3.5840412238030694e-07,1
S2407940,patient_dd2e6df63e5c36b4,0,1.69949016708415e-05,1
S2407941,patient_d82abebcfaf082f8,0,1.25629878766631e-06,1
S2409392,patient_ead6420f83248981,0,1.1368344530637842e-05,1
S2412713,patient_ead6420f83248981,0,4.029441780240006e-10,1
S2415689,patient_4ab30837cfd3692a,0,2.2840640667709522e-07,1
S2417717,patient_4ab30837cfd3692a,0,2.4636346296347256e-08,1
S2418586,patient_e430ff1077ac4267,0,4.938946140953249e-09,1
S2420603,patient_a533d77edf530d7d,0,1.7129739262600197e-06,1
S2420604,patient_c2ec040a2ccee825,0,1.403742686534315e-07,1
S2421430,patient_dd2e6df63e5c36b4,0,6.571709576519424e-08,1
S2421434,patient_e430ff1077ac4267,0,7.968405490998975e-09,1
S2422844,patient_d82abebcfaf082f8,0,1.5144353326945748e-08,1
S2422845,patient_c2ec040a2ccee825,0,1.805117122444244e-08,1
S2429064,patient_e430ff1077ac4267,0,4.3262474491712055e-08,1
S2431864,patient_e430ff1077ac4267,0,2.6577856715448434e-07,1
S2433346,patient_4ab30837cfd3692a,0,4.946113207893177e-08,1
S2434918,patient_26aacc71cff347a1,0,1.8738452922661963e-07,1
S2436456,patient_e430ff1077ac4267,0,1.6455382834124066e-08,1
S2502090,patient_c2ec040a2ccee825,0,0.00010304775787517428,1
S2502092,patient_e430ff1077ac4267,0,8.447338473160926e-07,1
S2505506,patient_4ab30837cfd3692a,0,7.456923776771873e-05,1
S2511010,patient_c2ec040a2ccee825,0,4.06094819993541e-08,1
S2520404,patient_c2ec040a2ccee825,0,7.382752301055007e-06,1
S2530063,patient_7fb8c2b1e117173f,0,8.07184719064935e-08,1
S2530985,patient_9665aa8b62656cf9,0,6.085005952627398e-05,1
S2531985,patient_9665aa8b62656cf9,0,4.080249254911905e-06,1
S2533022,patient_7fb8c2b1e117173f,0,1.1311398928626204e-08,1
S1940063,patient_deef732d6ff00a78,0,0.9997496008872986,2
S2015087,patient_12246dc5c38ef515,0,1.115795112127671e-05,2
S2025604,patient_d0ac17aca0bf514d,0,3.87619957109564e-06,2
S2028921,patient_d0ac17aca0bf514d,0,0.00013501774810720235,2
S2102543,patient_886cef649f01f586,0,2.3175851310952567e-05,2
S2129801,patient_dfafa5c41a0ad944,0,6.739188052051759e-07,2
S2129803,patient_331a649dfec3ede4,0,0.587363064289093,2
S2132028,patient_61128f527d32178f,0,0.0015206981915980577,2
S2133154,patient_29c1ec61f11c3c6d,0,0.0012634263839572668,2
S2133157,patient_d772dd268706e1cf,0,0.008410539478063583,2
S2140144,patient_331a649dfec3ede4,0,0.0009300662204623222,2
S2140148,patient_ee9cd313a306b367,0,0.0037682089023292065,2
S2141808,patient_fee157011de45399,0,6.472551467595622e-05,2
S2142821,patient_29c1ec61f11c3c6d,0,0.019787859171628952,2
S2143766,patient_dd7e0e39c92e25b4,0,4.870294560532784e-06,2
S2144966,patient_61128f527d32178f,0,0.0006282795802690089,2
S2144967,patient_dfafa5c41a0ad944,0,0.0007538997451774776,2
S2144972,patient_c6c209e2aecc9280,0,3.019881660293322e-06,2
S2148220,patient_fee157011de45399,0,1.140141648647841e-05,2
S2150490,patient_d772dd268706e1cf,0,0.00044660965795628726,2
S2150494,patient_dd7e0e39c92e25b4,0,0.0010407398222014308,2
S2154955,patient_fee157011de45399,0,1.2535518180811778e-05,2
S2154963,patient_dd7e0e39c92e25b4,0,0.0007291888468898833,2
S2156020,patient_29c1ec61f11c3c6d,0,0.0012686984846368432,2
S2200309,patient_886cef649f01f586,0,0.8463153839111328,2
S2202569,patient_3fc4b14a03335d7f,0,0.00039024974103085697,2
S2203735,patient_dd7e0e39c92e25b4,0,0.0013395725982263684,2
S2203737,patient_d772dd268706e1cf,0,0.0002363578969379887,2
S2203739,patient_3fc4b14a03335d7f,0,3.0124147087917663e-05,2
S2205207,patient_fee157011de45399,0,0.0005283723585307598,2
S2206286,patient_3fc4b14a03335d7f,0,9.135085565503687e-05,2
S2207462,patient_437c15068dd69e36,0,0.0023189678322523832,2
S2208404,patient_42421b21c776ccc1,0,0.0001424275105819106,2
S2209229,patient_dfafa5c41a0ad944,0,0.00034610441070981324,2
S2210200,patient_dd7e0e39c92e25b4,0,0.002482835203409195,2
S2210205,patient_29c1ec61f11c3c6d,0,0.0029408978298306465,2
S2210207,patient_331a649dfec3ede4,0,0.00011603104212554172,2
S2212215,patient_3fc4b14a03335d7f,0,0.9524964094161987,2
S2214325,patient_fee157011de45399,0,0.00028943002689629793,2
S2214326,patient_4a9f4346155f3b62,0,1.029750478664937e-06,2
S2215453,patient_d772dd268706e1cf,0,0.008600191213190556,2
S2216629,patient_4a9f4346155f3b62,0,0.0010062807705253363,2
S2217673,patient_3fc4b14a03335d7f,0,0.015068594366312027,2
S2222063,patient_4a9f4346155f3b62,0,0.9736557602882385,2
S2225224,patient_3fc4b14a03335d7f,0,0.008402502164244652,2
S2226376,patient_fee157011de45399,0,0.0031376222614198923,2
S2229969,patient_dd7e0e39c92e25b4,0,0.20543915033340454,2
S2235319,patient_4a9f4346155f3b62,1,0.9998130202293396,2
S2237603,patient_572b285c8223738a,0,9.822110769164283e-06,2
S2239523,patient_fee157011de45399,0,0.0005074052605777979,2
S2240720,patient_3fc4b14a03335d7f,0,0.027710620313882828,2
S2240724,patient_dd7e0e39c92e25b4,0,0.000926448788959533,2
S2242499,patient_4a9f4346155f3b62,0,0.001763090374879539,2
S2245753,patient_37a67c1ae4e8ad43,0,0.00041334229172207415,2
S2251252,patient_37a67c1ae4e8ad43,0,0.00017755303997546434,2
S2253529,patient_ab45843e8e5c5823,0,2.667285480129067e-05,2
S2300360,patient_37a67c1ae4e8ad43,0,4.446209277375601e-05,2
S2300361,patient_ab45843e8e5c5823,0,1.7973077774513513e-05,2
S2304560,patient_37a67c1ae4e8ad43,0,5.2773873903788626e-05,2
S2306015,patient_ab45843e8e5c5823,0,9.908997890306637e-05,2
S2310079,patient_ab45843e8e5c5823,0,6.055177436792292e-05,2
S2312318,patient_4a9f4346155f3b62,0,0.42729881405830383,2
S2314588,patient_37a67c1ae4e8ad43,0,9.852670336840674e-05,2
S2315839,patient_5ee21afd8d2dea4c,0,4.059631564246047e-08,2
S2315841,patient_ab45843e8e5c5823,0,0.00014873873442411423,2
S2318954,patient_5ee21afd8d2dea4c,0,0.0006596193416044116,2
S2325143,patient_ab45843e8e5c5823,0,9.691669401945546e-05,2
S2325144,patient_5ee21afd8d2dea4c,0,6.513317202916369e-05,2
S2327690,patient_d48fc489086a470f,0,5.126660340692979e-08,2
S2328623,patient_37a67c1ae4e8ad43,0,5.8538375014904886e-05,2
S2329754,patient_0349492572c92ab0,0,5.658656050400168e-07,2
S2330983,patient_d48fc489086a470f,0,3.704167966134264e-06,2
S2330988,patient_5ee21afd8d2dea4c,0,0.0004925043322145939,2
S2332143,patient_0349492572c92ab0,0,3.946459764847532e-05,2
S2336496,patient_d48fc489086a470f,0,0.0003124480717815459,2
S2338782,patient_5ee21afd8d2dea4c,0,0.00014813014422543347,2
S2339820,patient_ab45843e8e5c5823,0,7.794325210852548e-05,2
S2342914,patient_0349492572c92ab0,0,4.9878228310262784e-05,2
S2343312,patient_d48fc489086a470f,0,0.0003177074249833822,2
S2346543,patient_37a67c1ae4e8ad43,0,0.0001240763085661456,2
S2350730,patient_d48fc489086a470f,1,0.9902750253677368,2
S2351751,patient_ab45843e8e5c5823,0,7.809665839886293e-05,2
S2400070,patient_c18ca7616a5ad1b6,0,0.0003161438216920942,2
S2405217,patient_c18ca7616a5ad1b6,0,0.00020532478811219335,2
S2408481,patient_37a67c1ae4e8ad43,0,7.864536019042134e-05,2
S2408482,patient_c18ca7616a5ad1b6,0,5.288097963784821e-05,2
S2408854,patient_5ee21afd8d2dea4c,0,0.00040967779932543635,2
S2409391,patient_718a20df543bc4dd,0,6.31537523076986e-06,2
S2410460,patient_718a20df543bc4dd,0,7.032725989120081e-05,2
S2412061,patient_c18ca7616a5ad1b6,0,6.209021648828639e-06,2
S2412714,patient_d48fc489086a470f,0,1.2736332791973837e-05,2
S2412725,patient_718a20df543bc4dd,0,0.00014422905223909765,2
S2413769,patient_d4c07874dec8cc11,0,1.1117822396045085e-05,2
S2414954,patient_c18ca7616a5ad1b6,0,2.9804293717461405e-06,2
S2415070,patient_718a20df543bc4dd,0,1.0896124877035618e-05,2
S2416977,patient_1db7fb03763dab37,0,8.946774869400542e-06,2
S2420601,patient_1db7fb03763dab37,0,1.2834228982683271e-05,2
S2421437,patient_7b8c5e3e158230df,0,7.788255061313976e-06,2
S2423618,patient_1db7fb03763dab37,0,0.0006275770138017833,2
S2424255,patient_7b8c5e3e158230df,0,0.974753201007843,2
S2424258,patient_9801877d2987cc96,0,2.3811726350686513e-06,2
S2424259,patient_718a20df543bc4dd,0,3.111847036052495e-05,2
S2425843,patient_f78d4288245eabd8,0,0.0003436135302763432,2
S2426614,patient_d4c07874dec8cc11,0,6.381640105246333e-06,2
S2426615,patient_7b8c5e3e158230df,0,0.03547130525112152,2
S2427695,patient_f78d4288245eabd8,0,1.8820227865035122e-07,2
S2429062,patient_1d9bc9798ff5fad2,0,5.623762149298273e-07,2
S2429063,patient_1db7fb03763dab37,0,1.6625526768621057e-05,2
S2433341,patient_1db7fb03763dab37,0,7.2814627856132574e-06,2
S2433344,patient_1f1d5d53d578938e,0,1.3102931006869767e-05,2
S2434133,patient_d4c07874dec8cc11,0,1.2363155292405281e-05,2
S2434134,patient_c18ca7616a5ad1b6,0,2.602767835924169e-06,2
S2434571,patient_33180b505ac426fd,0,1.0731337170000188e-06,2
S2434915,patient_1d9bc9798ff5fad2,0,1.025668370857602e-05,2
S2434919,patient_1f1d5d53d578938e,0,7.6034380072087515e-06,2
S2435689,patient_e21a88b284b1508e,0,6.073160875530448e-06,2
S2435852,patient_3a8355eba1c06de9,0,1.2792464076483157e-05,2
S2436453,patient_f78d4288245eabd8,0,3.2000380087993108e-06,2
S2437280,patient_e21a88b284b1508e,0,0.000530283257830888,2
S2500522,patient_1f1d5d53d578938e,0,0.00012959240120835602,2
S2501300,patient_1d9bc9798ff5fad2,0,1.0087726877827663e-05,2
S2501301,patient_33180b505ac426fd,0,1.7119109543273225e-05,2
S2501777,patient_e21a88b284b1508e,0,7.46994192013517e-05,2
S2503128,patient_33180b505ac426fd,0,1.9000812244485132e-05,2
S2503983,patient_1f1d5d53d578938e,0,3.9822236431064084e-05,2
S2504720,patient_f78d4288245eabd8,0,0.00037140841595828533,2
S2504721,patient_718a20df543bc4dd,0,0.001042645308189094,2
S2505507,patient_1d9bc9798ff5fad2,0,0.00018092092068400234,2
S2505508,patient_d4c07874dec8cc11,0,0.001051994157023728,2
S2506966,patient_4610d334819bbd61,0,0.00022541334328707308,2
S2507799,patient_1f1d5d53d578938e,0,0.0008940016850829124,2
S2508630,patient_70289ea84b1dd193,0,3.713338969646429e-07,2
S2509420,patient_4610d334819bbd61,0,2.0148409021203406e-06,2
S2511006,patient_70289ea84b1dd193,0,2.3117354430723935e-05,2
S2511008,patient_33180b505ac426fd,0,3.1085957743925974e-05,2
S2511859,patient_1f1d5d53d578938e,0,0.000896085926797241,2
S2513846,patient_4610d334819bbd61,0,3.5002987715415657e-05,2
S2513847,patient_1db7fb03763dab37,0,0.00011326440289849415,2
S2513848,patient_70289ea84b1dd193,0,0.0002445275604259223,2
S2515598,patient_33180b505ac426fd,0,0.0035073410253971815,2
S2516971,patient_1d9bc9798ff5fad2,0,0.001320639974437654,2
S2521240,patient_33180b505ac426fd,0,0.0007392413681373,2
S2522980,patient_1f1d5d53d578938e,0,0.0019128250423818827,2
S2524760,patient_70289ea84b1dd193,0,0.00017806490359362215,2
S2528218,patient_1d9bc9798ff5fad2,0,1.1729066784482711e-07,2
S2529112,patient_f78d4288245eabd8,0,0.00047315654228441417,2
S2531989,patient_70289ea84b1dd193,0,0.0002387867571087554,2
