draw_index,slide_id,label,view,policy
0,S17-42935__S17-42935,1,0,original
1,S2247860__S22-47860-_-DEEP_1,1,0,original
2,S2527323__S2527323_0_BP1A2021,0,0,original
3,S19-19367__S19-19367,1,0,original
4,S17-42935__S17-42935,1,0,original
5,S2531989__S2531989_0_BP1A2021,0,0,original
6,S2434918__S24-34918-_-BIOPSY,1,0,original
7,S2134277__S2134277,1,0,original
8,S19-40316__S19-40316,1,0,original
9,S2526362__S2526362_0_BP1A2021,0,0,original
10,S2522980__S2522980_0_BP1A2021,0,0,original
11,S19-40316__S19-40316,1,0,original
12,S2352429__S23-52429-_-RECUT_1,0,0,original
13,S2424258__S2424258,0,0,original
14,S2530991__S2530991_0_BP1A2021,0,0,original
15,S2513846__S25-13846_0_BP1A2021_161650,0,0,original
16,S2409392__S2409392,0,0,original
17,S2039743__S20-39743-L-PLHE_1,1,0,original
18,S2128633__S2128633--DEEP,1,0,original
19,S2434918__S24-34918-_-BIOPSY,1,0,original
20,S2535840__S2535840_0_BP1A2021,0,0,original
21,S19-40316__S19-40316,1,0,original
22,S2504719__S25-04719-_-DEEP_1,0,0,original
23,S19-40316__S19-40316,1,0,original
24,S2235518__S22-35518-_-BIOPSY,0,0,original
25,S2434918__S24-34918-_-BIOPSY,1,0,original
26,S16-17719__S16-17719,1,0,original
27,S18-18746__S18-18746,1,0,original
28,S2039743__S20-39743-L-PLHE_1,1,0,original
29,S2522994__S2522994_0_BP1A2021,0,0,original
30,S18-18746__S18-18746,1,0,original
31,S2039743__S20-39743-C-PLHE_0,1,0,original
32,S19-19367__S19-19367,1,0,original
33,S2521240__S2521240_0_BP1A2021,1,0,original
34,S2530991__S2530991_0_BP1A2021,0,0,original
35,S2513846__S25-13846_0_BP1A2021_131523,0,0,original
36,S2513846__S25-13846_0_BP1A2021_161650,0,0,original
37,S16-17719__S16-17719,1,0,original
38,S2415689__S24-15689-_-BIOPSY,1,0,original
39,S2434918__S24-34918-_-BIOPSY,1,0,original
40,S2415689__S24-15689-_-BIOPSY,1,0,original
41,S18-18746__S18-18746,1,0,original
42,S2535840__S2535840_0_BP1A2021,0,0,original
43,S2352429__S23-52429-_-RECUT_1,0,0,original
44,S2524760__S2524760_0_BP1A2021,0,0,original
45,S2352429__S23-52429-_-RECUT_1,0,0,original
46,S2526362__S2526362_0_BP1A2021,0,0,original
47,S2415689__S24-15689-_-BIOPSY,1,0,original
48,S17-42935__S17-42935,1,0,original
49,S2134277__S2134277,1,0,original
50,S19-19367__S19-19367,1,0,original
51,S2434918__S24-34918-_-BIOPSY,1,0,original
52,S2134277__S2134277,1,0,original
53,S19-19367__S19-19367,1,0,original
54,S2513847__S25-13847_0_BP1A2021_131603,0,0,original
55,S2527323__S2527323_0_BP1A2021,0,0,original
56,S2039743__S20-39743-P-PLHE_3,1,0,original
57,S2524760__S2524760_0_BP1A2021,0,0,original
58,S2237603__S22-37603-_-_1,0,0,original
59,S2128633__S2128633--DEEP,1,0,original
60,S19-40063__S19-40063,0,0,original
61,S2531989__S2531989_0_BP1A2021,0,0,original
62,S2406038__S2406038,0,0,original
63,S2424259__S2424259,0,0,original
64,S2247860__S22-47860-_-DEEP_1,1,0,original
65,S2511008__S25-11008_0_BP1A2021_052339,1,0,original
66,S2513846__S25-13846_0_BP1A2021_161650,0,0,original
67,S19-19367__S19-19367,1,0,original
68,S2513848__S25-13848_0_BP1A2021_131436,0,0,original
69,S17-42935__S17-42935,1,0,original
70,S2039743__S20-39743-L-PLHE_1,1,0,original
71,S2352429__S23-52429-_-BIOPSY,0,0,original
72,S2425843__S24-25843-_-BIOPSY,0,0,original
73,S2513846__S25-13846_0_BP1A2021_131523,0,0,original
74,S2427695__S24-27695-_-BIOPSY,0,0,original
75,S16-17719__S16-17719,1,0,original
76,S2352429__S23-52429-_-RECUT_1,0,0,original
77,S2530063__S2530063_0_BP1A2021,0,0,original
78,S2247860__S22-47860-_-DEEP_1,1,0,original
79,S19-40316__S19-40316,1,0,original
80,S2521240__S2521240_0_BP1A2021,1,0,original
81,S2521240__S2521240_0_BP1A2021,1,0,original
82,S2039743__S20-39743-L-PLHE_1,1,0,original
83,S2409390__S2409390,0,0,original
84,S18-18746__S18-18746,1,0,original
85,S2530991__S2530991_0_BP1A2021,0,0,original
86,S2406753__S24-06753-_-DEEP_1,0,0,original
87,S2237603__S22-37603-_-_1,0,0,original
88,S2531989__S2531989_0_BP1A2021,0,0,original
89,S2427695__S24-27695-_-BIOPSY,0,0,original
90,S19-19367__S19-19367,1,0,original
91,S2352429__S23-52429-_-BIOPSY,0,0,original
92,S2134277__S2134277,1,0,original
93,S2406753__S24-06753-_-DEEP_1,0,0,original
94,S2424259__S2424259,0,0,original
95,S2524760__S2524760_0_BP1A2021,0,0,original
96,S2406753__S24-06753-_-SERIAL_2,0,0,original
97,S2527323__S2527323_0_BP1A2021,0,0,original
98,S2434918__S24-34918-_-BIOPSY,1,0,original
99,S2352429__S23-52429-_-RECUT_1,0,0,original
100,S2513846__S25-13846_0_BP1A2021_161650,0,0,original
101,S2521240__S2521240_0_BP1A2021,1,0,original
102,S19-19367__S19-19367,1,0,original
103,S2513848__S25-13848_0_BP1A2021_131436,0,0,original
104,S2513848__S25-13848_0_BP1A2021_131436,0,0,original
105,S2128633__S2128633--DEEP,1,0,original
106,S2511008__S25-11008_0_BP1A2021_052339,1,0,original
107,S18-18746__S18-18746,1,0,original
108,S2406753__S24-06753-_-SERIAL_2,0,0,original
109,S2247860__S22-47860-_-DEEP_1,1,0,original
110,S2039743__S20-39743-P-PLHE_3,1,0,original
111,S19-40316__S19-40316,1,0,original
112,S2352429__S23-52429-_-RECUT_1,0,0,original
113,S2515598__S25-15598_0__144202,0,0,original
114,S2247860__S22-47860-_-DEEP_1,1,0,original
115,S2039743__S20-39743-C-PLHE_0,1,0,original
116,S2511859__S25-11859_0_BP1A2021_150616,0,0,original
117,S17-42935__S17-42935,1,0,original
118,S17-42935__S17-42935,1,0,original
119,S18-18746__S18-18746,1,0,original
120,S2434918__S24-34918-_-BIOPSY,1,0,original
121,S2352429__S23-52429-_-RECUT_1,0,0,original
122,S2235518__S22-35518-_-BIOPSY,0,0,original
123,S2039743__S20-39743-P-PLHE_3,1,0,original
124,S2530049__S2530049_0_BP1A2021,0,0,original
125,S2511008__S25-11008_0_BP1A2021_052339,1,0,original
126,S2529112__S2529112_0_BP1A2021,0,0,original
127,S19-40063__S19-40063,0,0,original
128,S2524760__S2524760_0_BP1A2021,0,0,original
129,S2424259__S2424259,0,0,original
130,S2039743__S20-39743-C-PLHE_0,1,0,original
131,S2434918__S24-34918-_-BIOPSY,1,0,original
132,S2039743__S20-39743-C-PLHE_0,1,0,original
133,S17-42935__S17-42935,1,0,original
134,S2522994__S2522994_0_BP1A2021,0,0,original
135,S2513846__S25-13846_0_BP1A2021_161650,0,0,original
136,S2504719__S25-04719-_-DEEP_1,0,0,original
137,S2530049__S2530049_0_BP1A2021,0,0,original
138,S2522980__S2522980_0_BP1A2021,0,0,original
139,S2415689__S24-15689-_-BIOPSY,1,0,original
140,S2513848__S25-13848_0_BP1A2021_131436,0,0,original
141,S19-40316__S19-40316,1,0,original
142,S2511859__S25-11859_0_BP1A2021_150616,0,0,original
143,S2134277__S2134277,1,0,original
144,S2434918__S24-34918-_-BIOPSY,1,0,original
145,S2415689__S24-15689-_-BIOPSY,1,0,original
146,S2434918__S24-34918-_-BIOPSY,1,0,original
147,S2529112__S2529112_0_BP1A2021,0,0,original
148,S2039743__S20-39743-C-PLHE_0,1,0,original
149,S2522980__S2522980_0_BP1A2021,0,0,original
150,S2521240__S2521240_0_BP1A2021,1,0,original
151,S2409390__S2409390,0,0,original
152,S2237603__S22-37603-_-_1,0,0,original
153,S16-17719__S16-17719,1,0,original
154,S2425843__S24-25843-_-BIOPSY,0,0,original
155,S2511006__S25-11006_0_BP1A2021_052242,0,0,original
156,S2247860__S22-47860-_-DEEP_1,1,0,original
157,S2134277__S2134277,1,0,original
158,S2409392__S2409392,0,0,original
159,S19-19367__S19-19367,1,0,original
160,S2406753__S24-06753-_-SERIAL_2,0,0,original
161,S19-19367__S19-19367,1,0,original
162,S18-18746__S18-18746,1,0,original
163,S2504719__S25-04719-_-DEEP_1,0,0,original
164,S2423618__S24-23618-_-RECUT_2,0,0,original
165,S2247860__S22-47860-_-DEEP_1,1,0,original
166,S19-19367__S19-19367,1,0,original
167,S2423618__S24-23618-_-RECUT_2,0,0,original
168,S2039743__S20-39743-C-PLHE_0,1,0,original
169,S2511006__S25-11006_0_BP1A2021_052242,0,0,original
170,S2352429__S23-52429-_-BIOPSY,0,0,original
171,S19-40316__S19-40316,1,0,original
172,S17-42935__S17-42935,1,0,original
173,S2530991__S2530991_0_BP1A2021,0,0,original
174,S2511859__S25-11859_0_BP1A2021_150616,0,0,original
175,S19-40063__S19-40063,0,0,original
176,S2513848__S25-13848_0_BP1A2021_131436,0,0,original
177,S2524760__S2524760_0_BP1A2021,0,0,original
178,S19-40316__S19-40316,1,0,original
179,S2235518__S22-35518-_-BIOPSY,0,0,original
180,S19-40316__S19-40316,1,0,original
181,S18-18746__S18-18746,1,0,original
182,S2533022__S2533022_0_BP1A2021,0,0,original
183,S16-17719__S16-17719,1,0,original
184,S2424258__S2424258,0,0,original
185,S2247860__S22-47860-_-DEEP_1,1,0,original
186,S2511006__S25-11006_0_BP1A2021_052242,0,0,original
187,S16-17719__S16-17719,1,0,original
188,S2515598__S25-15598_0__144202,0,0,original
189,S2352429__S23-52429-_-BIOPSY,0,0,original
190,S2423618__S24-23618-_-RECUT_2,0,0,original
191,S2039743__S20-39743-L-PLHE_1,1,0,original
192,S2527323__S2527323_0_BP1A2021,0,0,original
193,S2434918__S24-34918-_-BIOPSY,1,0,original
194,S2521240__S2521240_0_BP1A2021,1,0,original
195,S2515598__S25-15598_0__144202,0,0,original
196,S2134277__S2134277,1,0,original
197,S17-42935__S17-42935,1,0,original
198,S2521239__S2521239_0_BP1A2021,0,0,original
199,S2039743__S20-39743-P-PLHE_3,1,0,original
200,S2511006__S25-11006_0_BP1A2021_052242,0,0,original
201,S2526362__S2526362_0_BP1A2021,0,0,original
202,S2434918__S24-34918-_-BIOPSY,1,0,original
203,S19-19367__S19-19367,1,0,original
204,S2530991__S2530991_0_BP1A2021,0,0,original
205,S2504719__S25-04719-_-DEEP_1,0,0,original
206,S2039743__S20-39743-L-PLHE_1,1,0,original
207,S19-40316__S19-40316,1,0,original
208,S2247860__S22-47860-_-DEEP_1,1,0,original
209,S2424250__S2424250,0,0,original
210,S2237603__S22-37603-_-_1,0,0,original
211,S2039743__S20-39743-L-PLHE_1,1,0,original
212,S2247860__S22-47860-_-DEEP_1,1,0,original
213,S17-42935__S17-42935,1,0,original
214,S18-18746__S18-18746,1,0,original
215,S2415689__S24-15689-_-BIOPSY,1,0,original
216,S19-40316__S19-40316,1,0,original
217,S2128633__S2128633--DEEP,1,0,original
218,S2406753__S24-06753-_-SERIAL_2,0,0,original
219,S17-42935__S17-42935,1,0,original
220,S2521240__S2521240_0_BP1A2021,1,0,original
221,S2526362__S2526362_0_BP1A2021,0,0,original
222,S2521239__S2521239_0_BP1A2021,0,0,original
223,S2415689__S24-15689-_-BIOPSY,1,0,original
224,S2521240__S2521240_0_BP1A2021,1,0,original
225,S2531989__S2531989_0_BP1A2021,0,0,original
226,S2513847__S25-13847_0_BP1A2021_131603,0,0,original
227,S2513846__S25-13846_0_BP1A2021_161650,0,0,original
228,S2524760__S2524760_0_BP1A2021,0,0,original
229,S17-42935__S17-42935,1,0,original
230,S2134277__S2134277,1,0,original
231,S2533022__S2533022_0_BP1A2021,0,0,original
232,S2513846__S25-13846_0_BP1A2021_161650,0,0,original
233,S2039743__S20-39743-L-PLHE_1,1,0,original
234,S2128633__S2128633--DEEP,1,0,original
235,S16-17719__S16-17719,1,0,original
236,S2531989__S2531989_0_BP1A2021,0,0,original
237,S2535840__S2535840_0_BP1A2021,0,0,original
238,S2415689__S24-15689-_-BIOPSY,1,0,original
239,S2511008__S25-11008_0_BP1A2021_052339,1,0,original
240,S16-17719__S16-17719,1,0,original
241,S2039743__S20-39743-L-PLHE_1,1,0,original
242,S2346179__S23-46179-_-BIOPSY,1,0,original
243,S2247860__S22-47860-_-DEEP_1,1,0,original
244,S2235518__S22-35518-_-BIOPSY,0,0,original
245,S2423618__S24-23618-_-RECUT_2,0,0,original
246,S2423618__S24-23618-_-RECUT_2,0,0,original
247,S2521240__S2521240_0_BP1A2021,1,0,original
248,S2235518__S22-35518-_-BIOPSY,0,0,original
249,S2134277__S2134277,1,0,original
250,S2346179__S23-46179-_-BIOPSY,1,0,original
251,S2522980__S2522980_0_BP1A2021,0,0,original
252,S2409390__S2409390,0,0,original
253,S2352429__S23-52429-_-BIOPSY,0,0,original
254,S2521239__S2521239_0_BP1A2021,0,0,original
255,S2134277__S2134277,1,0,original
256,S2326329__S23-26329-_-BIOPSY,0,0,original
257,S2511008__S25-11008_0_BP1A2021_052339,1,0,original
258,S2521240__S2521240_0_BP1A2021,1,0,original
259,S2504719__S25-04719-_-DEEP_1,0,0,original
260,S2521239__S2521239_0_BP1A2021,0,0,original
261,S2425843__S24-25843-_-BIOPSY,0,0,original
262,S2424258__S2424258,0,0,original
263,S2415689__S24-15689-_-BIOPSY,1,0,original
264,S2406038__S2406038,0,0,original
265,S2326329__S23-26329-_-BIOPSY,0,0,original
266,S18-18746__S18-18746,1,0,original
267,S2530049__S2530049_0_BP1A2021,0,0,original
268,S2039743__S20-39743-C-PLHE_0,1,0,original
269,S2237603__S22-37603-_-_1,0,0,original
270,S2424250__S2424250,0,0,original
271,S2530991__S2530991_0_BP1A2021,0,0,original
272,S2529112__S2529112_0_BP1A2021,0,0,original
273,S2513848__S25-13848_0_BP1A2021_131436,0,0,original
274,S2247860__S22-47860-_-DEEP_1,1,0,original
275,S2235518__S22-35518-_-BIOPSY,0,0,original
276,S2423618__S24-23618-_-RECUT_2,0,0,original
277,S2039743__S20-39743-L-PLHE_1,1,0,original
278,S2530063__S2530063_0_BP1A2021,0,0,original
279,S2425843__S24-25843-_-BIOPSY,0,0,original
280,S2352429__S23-52429-_-RECUT_1,0,0,original
281,S19-19367__S19-19367,1,0,original
282,S19-19367__S19-19367,1,0,original
283,S19-40316__S19-40316,1,0,original
284,S2521239__S2521239_0_BP1A2021,0,0,original
285,S2409390__S2409390,0,0,original
286,S2531989__S2531989_0_BP1A2021,0,0,original
287,S19-40316__S19-40316,1,0,original
288,S2415689__S24-15689-_-BIOPSY,1,0,original
289,S2530049__S2530049_0_BP1A2021,0,0,original
290,S2039743__S20-39743-L-PLHE_1,1,0,original
291,S2415689__S24-15689-_-BIOPSY,1,0,original
292,S19-19367__S19-19367,1,0,original
293,S2434918__S24-34918-_-BIOPSY,1,0,original
294,S2247860__S22-47860-_-DEEP_1,1,0,original
295,S2425843__S24-25843-_-BIOPSY,0,0,original
296,S2352429__S23-52429-_-BIOPSY,0,0,original
297,S2511008__S25-11008_0_BP1A2021_052339,1,0,original
298,S2346179__S23-46179-_-BIOPSY,1,0,original
299,S2533022__S2533022_0_BP1A2021,0,0,original
300,S19-40316__S19-40316,1,0,original
301,S19-40316__S19-40316,1,0,original
302,S2513846__S25-13846_0_BP1A2021_131523,0,0,original
303,S2415689__S24-15689-_-BIOPSY,1,0,original
304,S2522980__S2522980_0_BP1A2021,0,0,original
305,S2513846__S25-13846_0_BP1A2021_161650,0,0,original
306,S2529112__S2529112_0_BP1A2021,0,0,original
307,S2415689__S24-15689-_-BIOPSY,1,0,original
308,S2406038__S2406038,0,0,original
309,S2128633__S2128633--DEEP,1,0,original
310,S2425843__S24-25843-_-BIOPSY,0,0,original
311,S2522980__S2522980_0_BP1A2021,0,0,original
312,S2409390__S2409390,0,0,original
313,S2134277__S2134277,1,0,original
314,S2039743__S20-39743-C-PLHE_0,1,0,original
315,S2039743__S20-39743-C-PLHE_0,1,0,original
316,S19-40063__S19-40063,0,0,original
317,S2527323__S2527323_0_BP1A2021,0,0,original
318,S2409392__S2409392,0,0,original
319,S2346179__S23-46179-_-BIOPSY,1,0,original
320,S2511859__S25-11859_0_BP1A2021_150616,0,0,original
321,S2427695__S2427695_BP1B27_C_14045_3,0,0,original
322,S2352429__S23-52429-_-RECUT_1,0,0,original
323,S2522994__S2522994_0_BP1A2021,0,0,original
324,S2039743__S20-39743-L-PLHE_1,1,0,original
325,S2513846__S25-13846_0_BP1A2021_131523,0,0,original
326,S2134277__S2134277,1,0,original
327,S2530063__S2530063_0_BP1A2021,0,0,original
328,S2424259__S2424259,0,0,original
329,S2531989__S2531989_0_BP1A2021,0,0,original
330,S18-18746__S18-18746,1,0,original
331,S2346179__S23-46179-_-BIOPSY,1,0,original
332,S2352429__S23-52429-_-RECUT_1,0,0,original
333,S2511008__S25-11008_0_BP1A2021_052339,1,0,original
334,S2533022__S2533022_0_BP1A2021,0,0,original
335,S2039743__S20-39743-L-PLHE_1,1,0,original
336,S2247860__S22-47860-_-DEEP_1,1,0,original
337,S19-40316__S19-40316,1,0,original
338,S2134277__S2134277,1,0,original
339,S2530063__S2530063_0_BP1A2021,0,0,original
340,S2406753__S24-06753-_-DEEP_1,0,0,original
341,S2513846__S25-13846_0_BP1A2021_131523,0,0,original
342,S2529112__S2529112_0_BP1A2021,0,0,original
343,S2346179__S23-46179-_-BIOPSY,1,0,original
344,S2406753__S24-06753-_-SERIAL_2,0,0,original
345,S2529112__S2529112_0_BP1A2021,0,0,original
346,S18-18746__S18-18746,1,0,original
347,S16-17719__S16-17719,1,0,original
348,S2511008__S25-11008_0_BP1A2021_052339,1,0,original
349,S2524760__S2524760_0_BP1A2021,0,0,original
350,S2522994__S2522994_0_BP1A2021,0,0,original
351,S2527323__S2527323_0_BP1A2021,0,0,original
352,S2039743__S20-39743-P-PLHE_3,1,0,original
353,S2434918__S24-34918-_-BIOPSY,1,0,original
354,S2352429__S23-52429-_-RECUT_1,0,0,original
355,S2415689__S24-15689-_-BIOPSY,1,0,original
356,S2247860__S22-47860-_-DEEP_1,1,0,original
357,S16-17719__S16-17719,1,0,original
358,S2346179__S23-46179-_-BIOPSY,1,0,original
359,S2515598__S25-15598_0__144202,0,0,original
360,S2128633__S2128633--DEEP,1,0,original
361,S2513846__S25-13846_0_BP1A2021_161650,0,0,original
362,S2237603__S22-37603-_-_1,0,0,original
363,S2513848__S25-13848_0_BP1A2021_131436,0,0,original
364,S2521239__S2521239_0_BP1A2021,0,0,original
365,S2346179__S23-46179-_-BIOPSY,1,0,original
366,S2511008__S25-11008_0_BP1A2021_052339,1,0,original
367,S2515598__S25-15598_0__144202,0,0,original
368,S2409390__S2409390,0,0,original
369,S2039743__S20-39743-P-PLHE_3,1,0,original
370,S16-17719__S16-17719,1,0,original
371,S2530063__S2530063_0_BP1A2021,0,0,original
372,S2522980__S2522980_0_BP1A2021,0,0,original
373,S2247860__S22-47860-_-DEEP_1,1,0,original
374,S2424250__S2424250,0,0,original
375,S2409392__S2409392,0,0,original
376,S2352429__S23-52429-_-RECUT_1,0,0,original
377,S18-18746__S18-18746,1,0,original
378,S2352429__S23-52429-_-RECUT_1,0,0,original
379,S2415689__S24-15689-_-BIOPSY,1,0,original
380,S16-17719__S16-17719,1,0,original
381,S2039743__S20-39743-C-PLHE_0,1,0,original
382,S2513848__S25-13848_0_BP1A2021_131436,0,0,original
383,S18-18746__S18-18746,1,0,original
384,S2504719__S25-04719-_-DEEP_1,0,0,original
385,S2039743__S20-39743-C-PLHE_0,1,0,original
386,S2504719__S25-04719-_-DEEP_1,0,0,original
387,S2039743__S20-39743-P-PLHE_3,1,0,original
388,S2513847__S25-13847_0_BP1A2021_131603,0,0,original
389,S17-42935__S17-42935,1,0,original
390,S2530063__S2530063_0_BP1A2021,0,0,original
391,S19-40316__S19-40316,1,0,original
392,S2434918__S24-34918-_-BIOPSY,1,0,original
393,S2406038__S2406038,0,0,original
394,S2237603__S22-37603-_-_1,0,0,original
395,S2134277__S2134277,1,0,original
396,S19-40063__S19-40063,0,0,original
397,S2235518__S22-35518-_-BIOPSY,0,0,original
398,S2533022__S2533022_0_BP1A2021,0,0,original
399,S2504719__S25-04719-_-DEEP_1,0,0,original
400,S2039743__S20-39743-L-PLHE_1,1,0,original
401,S2530991__S2530991_0_BP1A2021,0,0,original
402,S2424258__S2424258,0,0,original
403,S2513848__S25-13848_0_BP1A2021_131436,0,0,original
404,S2409392__S2409392,0,0,original
405,S2522994__S2522994_0_BP1A2021,0,0,original
406,S2039743__S20-39743-L-PLHE_1,1,0,original
407,S18-18746__S18-18746,1,0,original
408,S2134277__S2134277,1,0,original
409,S2415689__S24-15689-_-BIOPSY,1,0,original
410,S2039743__S20-39743-L-PLHE_1,1,0,original
411,S2531989__S2531989_0_BP1A2021,0,0,original
412,S2511008__S25-11008_0_BP1A2021_052339,1,0,original
413,S2039743__S20-39743-P-PLHE_3,1,0,original
414,S2513847__S25-13847_0_BP1A2021_131603,0,0,original
415,S2530049__S2530049_0_BP1A2021,0,0,original
416,S2527323__S2527323_0_BP1A2021,0,0,original
417,S2527323__S2527323_0_BP1A2021,0,0,original
418,S2524760__S2524760_0_BP1A2021,0,0,original
419,S2406038__S2406038,0,0,original
420,S2237603__S22-37603-_-_1,0,0,original
421,S2424258__S2424258,0,0,original
422,S2521240__S2521240_0_BP1A2021,1,0,original
423,S2423618__S24-23618-_-RECUT_2,0,0,original
424,S2247860__S22-47860-_-DEEP_1,1,0,original
425,S2346179__S23-46179-_-BIOPSY,1,0,original
426,S2039743__S20-39743-L-PLHE_1,1,0,original
427,S2039743__S20-39743-C-PLHE_0,1,0,original
428,S2346179__S23-46179-_-BIOPSY,1,0,original
429,S2434918__S24-34918-_-BIOPSY,1,0,original
430,S17-42935__S17-42935,1,0,original
431,S2425843__S24-25843-_-BIOPSY,0,0,original
432,S2128633__S2128633--DEEP,1,0,original
433,S19-19367__S19-19367,1,0,original
434,S19-19367__S19-19367,1,0,original
435,S2527323__S2527323_0_BP1A2021,0,0,original
436,S19-40063__S19-40063,0,0,original
437,S2533022__S2533022_0_BP1A2021,0,0,original
438,S16-17719__S16-17719,1,0,original
439,S19-40316__S19-40316,1,0,original
440,S18-18746__S18-18746,1,0,original
441,S2522994__S2522994_0_BP1A2021,0,0,original
442,S2511006__S25-11006_0_BP1A2021_052242,0,0,original
443,S2134277__S2134277,1,0,original
444,S2511008__S25-11008_0_BP1A2021_052339,1,0,original
445,S19-40063__S19-40063,0,0,original
446,S16-17719__S16-17719,1,0,original
447,S2346179__S23-46179-_-BIOPSY,1,0,original
448,S2409390__S2409390,0,0,original
449,S2522980__S2522980_0_BP1A2021,0,0,original
450,S2134277__S2134277,1,0,original
451,S2521239__S2521239_0_BP1A2021,0,0,original
452,S2513847__S25-13847_0_BP1A2021_131603,0,0,original
453,S2511006__S25-11006_0_BP1A2021_052242,0,0,original
454,S17-42935__S17-42935,1,0,original
455,S2352429__S23-52429-_-RECUT_1,0,0,original
456,S2415689__S24-15689-_-BIOPSY,1,0,original
457,S2511859__S25-11859_0_BP1A2021_150616,0,0,original
458,S2511008__S25-11008_0_BP1A2021_052339,1,0,original
459,S19-40063__S19-40063,0,0,original
460,S2513846__S25-13846_0_BP1A2021_161650,0,0,original
461,S2134277__S2134277,1,0,original
462,S2406753__S24-06753-_-SERIAL_2,0,0,original
463,S2424250__S2424250,0,0,original
464,S2346179__S23-46179-_-BIOPSY,1,0,original
465,S2427695__S24-27695-_-BIOPSY,0,0,original
466,S2134277__S2134277,1,0,original
467,S2515598__S25-15598_0__144202,0,0,original
468,S2406753__S24-06753-_-DEEP_1,0,0,original
469,S2504719__S25-04719-_-DEEP_1,0,0,original
470,S2039743__S20-39743-P-PLHE_3,1,0,original
471,S2235518__S22-35518-_-BIOPSY,0,0,original
472,S2434918__S24-34918-_-BIOPSY,1,0,original
473,S2039743__S20-39743-C-PLHE_0,1,0,original
474,S2515598__S25-15598_0__144202,0,0,original
475,S2247860__S22-47860-_-DEEP_1,1,0,original
476,S2427695__S24-27695-_-BIOPSY,0,0,original
477,S2134277__S2134277,1,0,original
478,S2511008__S25-11008_0_BP1A2021_052339,1,0,original
479,S19-40063__S19-40063,0,0,original
480,S2513846__S25-13846_0_BP1A2021_161650,0,0,original
481,S2526362__S2526362_0_BP1A2021,0,0,original
482,S19-40316__S19-40316,1,0,original
483,S2415689__S24-15689-_-BIOPSY,1,0,original
484,S2039743__S20-39743-L-PLHE_1,1,0,original
485,S2326329__S23-26329-_-BIOPSY,0,0,original
486,S2427695__S2427695_BP1B27_C_14045_3,0,0,original
487,S2409392__S2409392,0,0,original
488,S2039743__S20-39743-C-PLHE_0,1,0,original
489,S18-18746__S18-18746,1,0,original
490,S2427695__S24-27695-_-BIOPSY,0,0,original
491,S2415689__S24-15689-_-BIOPSY,1,0,original
492,S2346179__S23-46179-_-BIOPSY,1,0,original
493,S2346179__S23-46179-_-BIOPSY,1,0,original
494,S19-40316__S19-40316,1,0,original
495,S2326329__S23-26329-_-BIOPSY,0,0,original
496,S2424259__S2424259,0,0,original
497,S2434918__S24-34918-_-BIOPSY,1,0,original
498,S16-17719__S16-17719,1,0,original
499,S2247860__S22-47860-_-DEEP_1,1,0,original
500,S2427695__S2427695_BP1B27_C_14045_3,0,0,original
501,S19-19367__S19-19367,1,0,original
502,S2406038__S2406038,0,0,original
503,S2434918__S24-34918-_-BIOPSY,1,0,original
504,S2415689__S24-15689-_-BIOPSY,1,0,original
505,S2434918__S24-34918-_-BIOPSY,1,0,original
506,S19-19367__S19-19367,1,0,original
507,S2511006__S25-11006_0_BP1A2021_052242,0,0,original
508,S2039743__S20-39743-C-PLHE_0,1,0,original
509,S2039743__S20-39743-P-PLHE_3,1,0,original
510,S2128633__S2128633--DEEP,1,0,original
511,S19-40316__S19-40316,1,0,original
512,S2513848__S25-13848_0_BP1A2021_131436,0,0,original
513,S2434918__S24-34918-_-BIOPSY,1,0,original
514,S2434918__S24-34918-_-BIOPSY,1,0,original
515,S2346179__S23-46179-_-BIOPSY,1,0,original
516,S2406038__S2406038,0,0,original
517,S2039743__S20-39743-P-PLHE_3,1,0,original
518,S2531989__S2531989_0_BP1A2021,0,0,original
519,S2128633__S2128633--DEEP,1,0,original
520,S2529112__S2529112_0_BP1A2021,0,0,original
521,S2530991__S2530991_0_BP1A2021,0,0,original
522,S2529112__S2529112_0_BP1A2021,0,0,original
523,S2352429__S23-52429-_-RECUT_1,0,0,original
524,S2406038__S2406038,0,0,original
525,S17-42935__S17-42935,1,0,original
526,S2423618__S24-23618-_-RECUT_2,0,0,original
527,S2247860__S22-47860-_-DEEP_1,1,0,original
528,S2533022__S2533022_0_BP1A2021,0,0,original
529,S2530049__S2530049_0_BP1A2021,0,0,original
530,S2424258__S2424258,0,0,original
531,S2527323__S2527323_0_BP1A2021,0,0,original
532,S2247860__S22-47860-_-DEEP_1,1,0,original
533,S16-17719__S16-17719,1,0,original
534,S2521239__S2521239_0_BP1A2021,0,0,original
535,S2415689__S24-15689-_-BIOPSY,1,0,original
536,S16-17719__S16-17719,1,0,original
537,S2409390__S2409390,0,0,original
538,S2406753__S24-06753-_-DEEP_1,0,0,original
539,S2039743__S20-39743-C-PLHE_0,1,0,original
540,S17-42935__S17-42935,1,0,original
541,S2521240__S2521240_0_BP1A2021,1,0,original
542,S2511008__S25-11008_0_BP1A2021_052339,1,0,original
543,S18-18746__S18-18746,1,0,original
544,S2533022__S2533022_0_BP1A2021,0,0,original
545,S2409392__S2409392,0,0,original
546,S18-18746__S18-18746,1,0,original
547,S19-40316__S19-40316,1,0,original
548,S18-18746__S18-18746,1,0,original
549,S2529112__S2529112_0_BP1A2021,0,0,original
550,S2513848__S25-13848_0_BP1A2021_131436,0,0,original
551,S2134277__S2134277,1,0,original
552,S2346179__S23-46179-_-BIOPSY,1,0,original
553,S19-40316__S19-40316,1,0,original
554,S2524760__S2524760_0_BP1A2021,0,0,original
555,S18-18746__S18-18746,1,0,original
556,S2521239__S2521239_0_BP1A2021,0,0,original
557,S2346179__S23-46179-_-BIOPSY,1,0,original
558,S18-18746__S18-18746,1,0,original
559,S2513846__S25-13846_0_BP1A2021_131523,0,0,original
560,S2409392__S2409392,0,0,original
561,S16-17719__S16-17719,1,0,original
562,S2535840__S2535840_0_BP1A2021,0,0,original
563,S2406038__S2406038,0,0,original
564,S2526362__S2526362_0_BP1A2021,0,0,original
565,S2527323__S2527323_0_BP1A2021,0,0,original
566,S2511859__S25-11859_0_BP1A2021_150616,0,0,original
567,S2409392__S2409392,0,0,original
568,S2515598__S25-15598_0__144202,0,0,original
569,S2128633__S2128633--DEEP,1,0,original
570,S2504719__S25-04719-_-DEEP_1,0,0,original
571,S2521239__S2521239_0_BP1A2021,0,0,original
572,S2039743__S20-39743-C-PLHE_0,1,0,original
573,S2039743__S20-39743-P-PLHE_3,1,0,original
574,S2530049__S2530049_0_BP1A2021,0,0,original
575,S2427695__S2427695_BP1B27_C_14045_3,0,0,original
576,S2521240__S2521240_0_BP1A2021,1,0,original
577,S2128633__S2128633--DEEP,1,0,original
578,S2128633__S2128633--DEEP,1,0,original
579,S2425843__S24-25843-_-BIOPSY,0,0,original
580,S2237603__S22-37603-_-_1,0,0,original
581,S17-42935__S17-42935,1,0,original
582,S2423618__S24-23618-_-RECUT_2,0,0,original
583,S2247860__S22-47860-_-DEEP_1,1,0,original
584,S2409392__S2409392,0,0,original
585,S2352429__S23-52429-_-BIOPSY,0,0,original
586,S16-17719__S16-17719,1,0,original
587,S2531989__S2531989_0_BP1A2021,0,0,original
588,S2513846__S25-13846_0_BP1A2021_161650,0,0,original
589,S16-17719__S16-17719,1,0,original
590,S2424250__S2424250,0,0,original
591,S2434918__S24-34918-_-BIOPSY,1,0,original
592,S2434918__S24-34918-_-BIOPSY,1,0,original
593,S2526362__S2526362_0_BP1A2021,0,0,original
594,S2039743__S20-39743-L-PLHE_1,1,0,original
595,S19-19367__S19-19367,1,0,original
596,S16-17719__S16-17719,1,0,original
597,S2533022__S2533022_0_BP1A2021,0,0,original
598,S2415689__S24-15689-_-BIOPSY,1,0,original
599,S2530049__S2530049_0_BP1A2021,0,0,original
600,S2504719__S25-04719-_-DEEP_1,0,0,original
601,S2415689__S24-15689-_-BIOPSY,1,0,original
602,S2237603__S22-37603-_-_1,0,0,original
603,S2521240__S2521240_0_BP1A2021,1,0,original
604,S2511859__S25-11859_0_BP1A2021_150616,0,0,original
605,S2415689__S24-15689-_-BIOPSY,1,0,original
606,S2423618__S24-23618-_-RECUT_2,0,0,original
607,S2527323__S2527323_0_BP1A2021,0,0,original
608,S16-17719__S16-17719,1,0,original
609,S2352429__S23-52429-_-RECUT_1,0,0,original
610,S19-19367__S19-19367,1,0,original
611,S2533022__S2533022_0_BP1A2021,0,0,original
612,S2409392__S2409392,0,0,original
613,S2530063__S2530063_0_BP1A2021,0,0,original
614,S2530049__S2530049_0_BP1A2021,0,0,original
615,S2423618__S24-23618-_-RECUT_2,0,0,original
616,S2128633__S2128633--DEEP,1,0,original
617,S2511008__S25-11008_0_BP1A2021_052339,1,0,original
618,S18-18746__S18-18746,1,0,original
619,S2530049__S2530049_0_BP1A2021,0,0,original
620,S2423618__S24-23618-_-RECUT_2,0,0,original
621,S2530991__S2530991_0_BP1A2021,0,0,original
622,S19-40316__S19-40316,1,0,original
623,S2531989__S2531989_0_BP1A2021,0,0,original
624,S2522994__S2522994_0_BP1A2021,0,0,original
625,S2531989__S2531989_0_BP1A2021,0,0,original
626,S2409392__S2409392,0,0,original
627,S18-18746__S18-18746,1,0,original
628,S18-18746__S18-18746,1,0,original
629,S2352429__S23-52429-_-BIOPSY,0,0,original
630,S16-17719__S16-17719,1,0,original
631,S2424250__S2424250,0,0,original
632,S2513846__S25-13846_0_BP1A2021_161650,0,0,original
633,S2247860__S22-47860-_-DEEP_1,1,0,original
634,S2530991__S2530991_0_BP1A2021,0,0,original
635,S2434918__S24-34918-_-BIOPSY,1,0,original
636,S2522980__S2522980_0_BP1A2021,0,0,original
637,S2515598__S25-15598_0__144202,0,0,original
638,S2504719__S25-04719-_-DEEP_1,0,0,original
639,S2039743__S20-39743-L-PLHE_1,1,0,original
640,S2409392__S2409392,0,0,original
641,S2352429__S23-52429-_-BIOPSY,0,0,original
642,S2128633__S2128633--DEEP,1,0,original
643,S2128633__S2128633--DEEP,1,0,original
644,S2237603__S22-37603-_-_1,0,0,original
645,S2134277__S2134277,1,0,original
646,S2522980__S2522980_0_BP1A2021,0,0,original
647,S2513847__S25-13847_0_BP1A2021_131603,0,0,original
648,S2504719__S25-04719-_-DEEP_1,0,0,original
649,S2346179__S23-46179-_-BIOPSY,1,0,original
650,S2134277__S2134277,1,0,original
651,S2247860__S22-47860-_-DEEP_1,1,0,original
652,S19-19367__S19-19367,1,0,original
653,S2524760__S2524760_0_BP1A2021,0,0,original
654,S2513847__S25-13847_0_BP1A2021_131603,0,0,original
655,S2039743__S20-39743-C-PLHE_0,1,0,original
656,S2511006__S25-11006_0_BP1A2021_052242,0,0,original
657,S18-18746__S18-18746,1,0,original
658,S2039743__S20-39743-L-PLHE_1,1,0,original
659,S2346179__S23-46179-_-BIOPSY,1,0,original
660,S2039743__S20-39743-C-PLHE_0,1,0,original
661,S18-18746__S18-18746,1,0,original
662,S2511859__S25-11859_0_BP1A2021_150616,0,0,original
663,S19-40063__S19-40063,0,0,original
664,S2039743__S20-39743-C-PLHE_0,1,0,original
665,S2513846__S25-13846_0_BP1A2021_131523,0,0,original
666,S2415689__S24-15689-_-BIOPSY,1,0,original
667,S2427695__S2427695_BP1B27_C_14045_3,0,0,original
668,S2128633__S2128633--DEEP,1,0,original
669,S2521240__S2521240_0_BP1A2021,1,0,original
670,S2346179__S23-46179-_-BIOPSY,1,0,original
671,S2235518__S22-35518-_-BIOPSY,0,0,original
672,S2513846__S25-13846_0_BP1A2021_131523,0,0,original
673,S2530063__S2530063_0_BP1A2021,0,0,original
674,S16-17719__S16-17719,1,0,original
675,S2134277__S2134277,1,0,original
676,S2409392__S2409392,0,0,original
677,S2423618__S24-23618-_-RECUT_2,0,0,original
678,S2128633__S2128633--DEEP,1,0,original
679,S2039743__S20-39743-L-PLHE_1,1,0,original
680,S18-18746__S18-18746,1,0,original
681,S2352429__S23-52429-_-BIOPSY,0,0,original
682,S2409392__S2409392,0,0,original
683,S2515598__S25-15598_0__144202,0,0,original
684,S2406753__S24-06753-_-DEEP_1,0,0,original
685,S2039743__S20-39743-C-PLHE_0,1,0,original
686,S2504719__S25-04719-_-DEEP_1,0,0,original
687,S2513847__S25-13847_0_BP1A2021_131603,0,0,original
688,S2039743__S20-39743-P-PLHE_3,1,0,original
689,S2513846__S25-13846_0_BP1A2021_161650,0,0,original
690,S2352429__S23-52429-_-RECUT_1,0,0,original
691,S2513848__S25-13848_0_BP1A2021_131436,0,0,original
692,S2039743__S20-39743-L-PLHE_1,1,0,original
693,S19-40316__S19-40316,1,0,original
694,S2427695__S24-27695-_-BIOPSY,0,0,original
695,S2522980__S2522980_0_BP1A2021,0,0,original
696,S2406038__S2406038,0,0,original
697,S19-40316__S19-40316,1,0,original
698,S2530049__S2530049_0_BP1A2021,0,0,original
699,S2352429__S23-52429-_-RECUT_1,0,0,original
700,S19-40316__S19-40316,1,0,original
701,S2247860__S22-47860-_-DEEP_1,1,0,original
702,S18-18746__S18-18746,1,0,original
703,S2237603__S22-37603-_-_1,0,0,original
704,S2533022__S2533022_0_BP1A2021,0,0,original
705,S2530063__S2530063_0_BP1A2021,0,0,original
706,S2409390__S2409390,0,0,original
707,S19-19367__S19-19367,1,0,original
708,S2247860__S22-47860-_-DEEP_1,1,0,original
709,S17-42935__S17-42935,1,0,original
710,S17-42935__S17-42935,1,0,original
711,S2424258__S2424258,0,0,original
712,S2134277__S2134277,1,0,original
713,S2529112__S2529112_0_BP1A2021,0,0,original
714,S2424259__S2424259,0,0,original
715,S19-19367__S19-19367,1,0,original
716,S17-42935__S17-42935,1,0,original
717,S2134277__S2134277,1,0,original
718,S2434918__S24-34918-_-BIOPSY,1,0,original
719,S2513848__S25-13848_0_BP1A2021_131436,0,0,original
720,S2531989__S2531989_0_BP1A2021,0,0,original
721,S2424259__S2424259,0,0,original
722,S2529112__S2529112_0_BP1A2021,0,0,original
723,S2409392__S2409392,0,0,original
724,S2515598__S25-15598_0__144202,0,0,original
725,S2424258__S2424258,0,0,original
726,S2039743__S20-39743-L-PLHE_1,1,0,original
727,S16-17719__S16-17719,1,0,original
728,S2415689__S24-15689-_-BIOPSY,1,0,original
729,S2511006__S25-11006_0_BP1A2021_052242,0,0,original
730,S2522980__S2522980_0_BP1A2021,0,0,original
731,S2511008__S25-11008_0_BP1A2021_052339,1,0,original
732,S2406753__S24-06753-_-SERIAL_2,0,0,original
733,S2521240__S2521240_0_BP1A2021,1,0,original
734,S2039743__S20-39743-P-PLHE_3,1,0,original
735,S2424258__S2424258,0,0,original
736,S2521239__S2521239_0_BP1A2021,0,0,original
737,S2511006__S25-11006_0_BP1A2021_052242,0,0,original
738,S2235518__S22-35518-_-BIOPSY,0,0,original
739,S19-19367__S19-19367,1,0,original
740,S2346179__S23-46179-_-BIOPSY,1,0,original
741,S2424259__S2424259,0,0,original
742,S2427695__S24-27695-_-BIOPSY,0,0,original
743,S2521240__S2521240_0_BP1A2021,1,0,original
744,S2530063__S2530063_0_BP1A2021,0,0,original
745,S2406753__S24-06753-_-SERIAL_2,0,0,original
746,S19-40316__S19-40316,1,0,original
747,S2039743__S20-39743-C-PLHE_0,1,0,original
748,S2522980__S2522980_0_BP1A2021,0,0,original
749,S2406753__S24-06753-_-DEEP_1,0,0,original
750,S2511006__S25-11006_0_BP1A2021_052242,0,0,original
751,S2039743__S20-39743-C-PLHE_0,1,0,original
752,S18-18746__S18-18746,1,0,original
753,S2513847__S25-13847_0_BP1A2021_131603,0,0,original
754,S2406038__S2406038,0,0,original
755,S2531989__S2531989_0_BP1A2021,0,0,original
756,S2247860__S22-47860-_-DEEP_1,1,0,original
757,S18-18746__S18-18746,1,0,original
758,S2530991__S2530991_0_BP1A2021,0,0,original
759,S2406038__S2406038,0,0,original
760,S2247860__S22-47860-_-DEEP_1,1,0,original
761,S2535840__S2535840_0_BP1A2021,0,0,original
762,S2039743__S20-39743-P-PLHE_3,1,0,original
763,S2352429__S23-52429-_-RECUT_1,0,0,original
764,S2128633__S2128633--DEEP,1,0,original
765,S16-17719__S16-17719,1,0,original
766,S2423618__S24-23618-_-RECUT_2,0,0,original
767,S19-40316__S19-40316,1,0,original
768,S2531989__S2531989_0_BP1A2021,0,0,original
769,S16-17719__S16-17719,1,0,original
770,S2423618__S24-23618-_-RECUT_2,0,0,original
771,S2531989__S2531989_0_BP1A2021,0,0,original
772,S2039743__S20-39743-L-PLHE_1,1,0,original
773,S2128633__S2128633--DEEP,1,0,original
774,S2039743__S20-39743-P-PLHE_3,1,0,original
775,S16-17719__S16-17719,1,0,original
776,S2511008__S25-11008_0_BP1A2021_052339,1,0,original
777,S2409390__S2409390,0,0,original
778,S18-18746__S18-18746,1,0,original
779,S17-42935__S17-42935,1,0,original
780,S2134277__S2134277,1,0,original
781,S2346179__S23-46179-_-BIOPSY,1,0,original
782,S2346179__S23-46179-_-BIOPSY,1,0,original
783,S2247860__S22-47860-_-DEEP_1,1,0,original
784,S2527323__S2527323_0_BP1A2021,0,0,original
785,S2409390__S2409390,0,0,original
786,S2423618__S24-23618-_-RECUT_2,0,0,original
787,S2524760__S2524760_0_BP1A2021,0,0,original
788,S2530049__S2530049_0_BP1A2021,0,0,original
789,S17-42935__S17-42935,1,0,original
790,S2533022__S2533022_0_BP1A2021,0,0,original
791,S2409390__S2409390,0,0,original
792,S2235518__S22-35518-_-BIOPSY,0,0,original
793,S2425843__S24-25843-_-BIOPSY,0,0,original
794,S2533022__S2533022_0_BP1A2021,0,0,original
795,S2521240__S2521240_0_BP1A2021,1,0,original
796,S2529112__S2529112_0_BP1A2021,0,0,original
797,S2427695__S2427695_BP1B27_C_14045_3,0,0,original
798,S2039743__S20-39743-P-PLHE_3,1,0,original
799,S2235518__S22-35518-_-BIOPSY,0,0,original
800,S19-19367__S19-19367,1,0,original
801,S2415689__S24-15689-_-BIOPSY,1,0,original
802,S2406753__S24-06753-_-SERIAL_2,0,0,original
803,S2237603__S22-37603-_-_1,0,0,original
804,S2530049__S2530049_0_BP1A2021,0,0,original
805,S2427695__S24-27695-_-BIOPSY,0,0,original
806,S2513847__S25-13847_0_BP1A2021_131603,0,0,original
807,S2415689__S24-15689-_-BIOPSY,1,0,original
808,S19-40316__S19-40316,1,0,original
809,S2526362__S2526362_0_BP1A2021,0,0,original
810,S2427695__S2427695_BP1B27_C_14045_3,0,0,original
811,S17-42935__S17-42935,1,0,original
812,S19-40063__S19-40063,0,0,original
813,S2039743__S20-39743-C-PLHE_0,1,0,original
814,S2237603__S22-37603-_-_1,0,0,original
815,S2039743__S20-39743-L-PLHE_1,1,0,original
816,S18-18746__S18-18746,1,0,original
817,S2039743__S20-39743-C-PLHE_0,1,0,original
818,S2409390__S2409390,0,0,original
819,S2406038__S2406038,0,0,original
820,S2530063__S2530063_0_BP1A2021,0,0,original
821,S2039743__S20-39743-P-PLHE_3,1,0,original
822,S16-17719__S16-17719,1,0,original
823,S18-18746__S18-18746,1,0,original
824,S2513848__S25-13848_0_BP1A2021_131436,0,0,original
