event_key,case_id,event_id,biopsy_date,slide_count,source_dataset,acr_grade,amr_grade,event_index,patient_event_count,acr_positive,acr_high_grade,amr_positive,any_rejection,previous_biopsy_date,next_biopsy_date,days_since_previous,days_to_next,next_acr_grade,next_amr_grade,next_acr_positive,next_acr_high_grade,next_amr_positive,next_any_rejection
S2135430,patient_005b214a5e658965,S2135430,2021-08-17,1,exp3,0R,pAMR0,1,2,False,False,False,False,,2021-11-16,,91.0,1R,pAMR0,True,False,False,True
S2149398,patient_005b214a5e658965,S2149398,2021-11-16,1,exp3,1R,pAMR0,2,2,True,False,False,True,2021-08-17,,91.0,,,,,,,
S2329754,patient_0349492572c92ab0,S2329754,2023-07-11,4,exp3,0R,pAMR0,1,3,False,False,False,False,,2023-07-25,,14.0,1R,pAMR0,True,False,False,True
S2332143,patient_0349492572c92ab0,S2332143,2023-07-25,3,exp3,1R,pAMR0,2,3,True,False,False,True,2023-07-11,2023-10-05,14.0,72.0,0R,pAMR0,False,False,False,False
S2342914,patient_0349492572c92ab0,S2342914,2023-10-05,5,exp3,0R,pAMR0,3,3,False,False,False,False,2023-07-25,,72.0,,,,,,,
S2241828,patient_07f9942bff0e9697,S2241828,2022-10-05,1,exp3,1R,pAMR0,1,1,True,False,False,True,,,,,,,,,,
S2306849,patient_0941abb556cbec79,S2306849,2023-02-14,6,exp3,1R,pAMR0,1,7,True,False,False,True,,2023-02-28,,14.0,1R,pAMR0,True,False,False,True
S2309075,patient_0941abb556cbec79,S2309075,2023-02-28,5,exp3,1R,pAMR0,2,7,True,False,False,True,2023-02-14,2023-03-29,14.0,29.0,0R,pAMR0,False,False,False,False
S2313664,patient_0941abb556cbec79,S2313664,2023-03-29,1,exp3,0R,pAMR0,3,7,False,False,False,False,2023-02-28,2023-05-09,29.0,41.0,0R,pAMR0,False,False,False,False
S2319879,patient_0941abb556cbec79,S2319879,2023-05-09,5,exp3,0R,pAMR0,4,7,False,False,False,False,2023-03-29,2023-08-08,41.0,91.0,1R,pAMR0,True,False,False,True
S2334389,patient_0941abb556cbec79,S2334389,2023-08-08,2,exp3,1R,pAMR0,5,7,True,False,False,True,2023-05-09,2023-11-07,91.0,91.0,0R,pAMR0,False,False,False,False
S2347458,patient_0941abb556cbec79,S2347458,2023-11-07,2,exp3,0R,pAMR0,6,7,False,False,False,False,2023-08-08,2024-02-06,91.0,91.0,0R,pAMR0,False,False,False,False
S2406040,patient_0941abb556cbec79,S2406040,2024-02-06,1,exp3,0R,pAMR0,7,7,False,False,False,False,2023-11-07,,91.0,,,,,,,
S2129802,patient_0cf9d90c530cbd0b,S2129802,2021-07-12,3,exp3,1R,pAMR0,1,7,True,False,False,True,,2021-08-17,,36.0,1R,pAMR0,True,False,False,True
S2135431,patient_0cf9d90c530cbd0b,S2135431,2021-08-17,1,exp3,1R,pAMR0,2,7,True,False,False,True,2021-07-12,2021-09-28,36.0,42.0,1R,pAMR0,True,False,False,True
S2141805,patient_0cf9d90c530cbd0b,S2141805,2021-09-28,1,exp3,1R,pAMR0,3,7,True,False,False,True,2021-08-17,2021-11-16,42.0,49.0,1R,pAMR0,True,False,False,True
S2149394,patient_0cf9d90c530cbd0b,S2149394,2021-11-16,1,exp3,1R,pAMR0,4,7,True,False,False,True,2021-09-28,2021-12-28,49.0,42.0,0R,pAMR0,False,False,False,False
S2156022,patient_0cf9d90c530cbd0b,S2156022,2021-12-28,1,exp3,0R,pAMR0,5,7,False,False,False,False,2021-11-16,2022-03-15,42.0,77.0,0R,pAMR0,False,False,False,False
S2210199,patient_0cf9d90c530cbd0b,S2210199,2022-03-15,1,exp3,0R,pAMR0,6,7,False,False,False,False,2021-12-28,2022-06-14,77.0,91.0,0R,pAMR0,False,False,False,False
S2224007,patient_0cf9d90c530cbd0b,S2224007,2022-06-14,1,exp3,0R,pAMR0,7,7,False,False,False,False,2022-03-15,,91.0,,,,,,,
S1818746,patient_0e0a62c163c44d2b,S1818746,2018-01-03,3,exp3+mrxs13,2R,pAMR0,1,1,True,True,False,True,,,,,,,,,,
S2143765,patient_0e7d27760a108f4e,S2143765,2021-10-12,1,exp3,0R,pAMR0,1,1,False,False,False,False,,,,,,,,,,
S2314590,patient_110e1e825f43e305,S2314590,2023-04-04,5,exp3,1R,pAMR0,1,7,True,False,False,True,,2023-04-25,,21.0,0R,pAMR0,False,False,False,False
S2318026,patient_110e1e825f43e305,S2318026,2023-04-25,1,exp3,0R,pAMR0,2,7,False,False,False,False,2023-04-04,2023-06-27,21.0,63.0,0R,pAMR0,False,False,False,False
S2327486,patient_110e1e825f43e305,S2327486,2023-06-27,4,exp3,0R,pAMR0,3,7,False,False,False,False,2023-04-25,2023-08-08,63.0,42.0,1R,pAMR0,True,False,False,True
S2334385,patient_110e1e825f43e305,S2334385,2023-08-08,2,exp3,1R,pAMR0,4,7,True,False,False,True,2023-06-27,2023-09-19,42.0,42.0,1R,pAMR0,True,False,False,True
S2340935,patient_110e1e825f43e305,S2340935,2023-09-19,2,exp3,1R,pAMR0,5,7,True,False,False,True,2023-08-08,2023-12-19,42.0,91.0,1R,pAMR0,True,False,False,True
S2353996,patient_110e1e825f43e305,S2353996,2023-12-19,1,exp3,1R,pAMR0,6,7,True,False,False,True,2023-09-19,2024-03-26,91.0,98.0,0R,pAMR0,False,False,False,False
S2410453,patient_110e1e825f43e305,S2410453,2024-03-26,1,exp3,0R,pAMR0,7,7,False,False,False,False,2023-12-19,,98.0,,,,,,,
S2015087,patient_12246dc5c38ef515,S2015087,2020-04-14,3,exp3,0R,pAMR2,1,1,False,False,True,True,,,,,,,,,,
S2026723,patient_19d05fccc0aac48d,S2026723,2020-07-07,3,exp3,1R,pAMR0,1,2,True,False,False,True,,2020-07-21,,14.0,1R,pAMR1,True,False,True,True
S2028920,patient_19d05fccc0aac48d,S2028920,2020-07-21,3,exp3,1R,pAMR1,2,2,True,False,True,True,2020-07-07,,14.0,,,,,,,
S2228789,patient_1bb6673f07107d9c,S2228789,2022-07-12,1,exp3,0R,pAMR0,1,5,False,False,False,False,,2022-07-26,,14.0,1R,pAMR0,True,False,False,True
S2231091,patient_1bb6673f07107d9c,S2231091,2022-07-26,2,exp3,1R,pAMR0,2,5,True,False,False,True,2022-07-12,2022-08-16,14.0,21.0,0R,pAMR0,False,False,False,False
S2234199,patient_1bb6673f07107d9c,S2234199,2022-08-16,1,exp3,0R,pAMR0,3,5,False,False,False,False,2022-07-26,2022-09-27,21.0,42.0,0R,pAMR0,False,False,False,False
S2240726,patient_1bb6673f07107d9c,S2240726,2022-09-27,1,exp3,0R,pAMR0,4,5,False,False,False,False,2022-08-16,2023-03-14,42.0,168.0,0R,pAMR0,False,False,False,False
S2311236,patient_1bb6673f07107d9c,S2311236,2023-03-14,1,exp3,0R,pAMR0,5,5,False,False,False,False,2022-09-27,,168.0,,,,,,,
S2429062,patient_1d9bc9798ff5fad2,S2429062,2024-10-08,7,exp3,0R,pAMR0,1,6,False,False,False,False,,2024-12-03,,56.0,1R,pAMR0,True,False,False,True
S2434915,patient_1d9bc9798ff5fad2,S2434915,2024-12-03,2,exp3,1R,pAMR0,2,6,True,False,False,True,2024-10-08,2025-01-14,56.0,42.0,0R,pAMR0,False,False,False,False
S2501300,patient_1d9bc9798ff5fad2,S2501300,2025-01-14,6,exp3,0R,pAMR0,3,6,False,False,False,False,2024-12-03,2025-02-25,42.0,42.0,0R,pAMR0,False,False,False,False
S2505507,patient_1d9bc9798ff5fad2,S2505507,2025-02-25,1,exp3,0R,pAMR0,4,6,False,False,False,False,2025-01-14,2025-06-10,42.0,105.0,0R,pAMR0,False,False,False,False
S2516971,patient_1d9bc9798ff5fad2,S2516971,2025-06-10,6,exp3,0R,pAMR0,5,6,False,False,False,False,2025-02-25,2025-09-09,105.0,91.0,0R,pAMR0,False,False,False,False
S2528218,patient_1d9bc9798ff5fad2,S2528218,2025-09-09,6,exp3,0R,pAMR0,6,6,False,False,False,False,2025-06-10,,91.0,,,,,,,
S2416977,patient_1db7fb03763dab37,S2416977,2024-06-11,2,exp3,0R,pAMR0,1,6,False,False,False,False,,2024-07-16,,35.0,0R,pAMR0,False,False,False,False
S2420601,patient_1db7fb03763dab37,S2420601,2024-07-16,2,exp3,0R,pAMR0,2,6,False,False,False,False,2024-06-11,2024-08-13,35.0,28.0,0R,pAMR0,False,False,False,False
S2423618,patient_1db7fb03763dab37,S2423618,2024-08-13,2,exp3,0R,pAMR0,3,6,False,False,False,False,2024-07-16,2024-10-08,28.0,56.0,0R,pAMR0,False,False,False,False
S2429063,patient_1db7fb03763dab37,S2429063,2024-10-08,2,exp3,0R,pAMR0,4,6,False,False,False,False,2024-08-13,2024-11-19,56.0,42.0,0R,pAMR0,False,False,False,False
S2433341,patient_1db7fb03763dab37,S2433341,2024-11-19,2,exp3,0R,pAMR0,5,6,False,False,False,False,2024-10-08,2025-05-13,42.0,175.0,0R,pAMR0,False,False,False,False
S2513847,patient_1db7fb03763dab37,S2513847,2025-05-13,2,exp3,0R,pAMR0,6,6,False,False,False,False,2024-11-19,,175.0,,,,,,,
S2433344,patient_1f1d5d53d578938e,S2433344,2024-11-19,2,exp3,0R,pAMR0,1,7,False,False,False,False,,2024-12-03,,14.0,0R,pAMR0,False,False,False,False
S2434919,patient_1f1d5d53d578938e,S2434919,2024-12-03,2,exp3,0R,pAMR0,2,7,False,False,False,False,2024-11-19,2025-01-07,14.0,35.0,0R,pAMR0,False,False,False,False
S2500522,patient_1f1d5d53d578938e,S2500522,2025-01-07,7,exp3,0R,pAMR0,3,7,False,False,False,False,2024-12-03,2025-02-11,35.0,35.0,0R,pAMR0,False,False,False,False
S2503983,patient_1f1d5d53d578938e,S2503983,2025-02-11,2,exp3,0R,pAMR0,4,7,False,False,False,False,2025-01-07,2025-03-18,35.0,35.0,0R,pAMR0,False,False,False,False
S2507799,patient_1f1d5d53d578938e,S2507799,2025-03-18,1,exp3,0R,pAMR0,5,7,False,False,False,False,2025-02-11,2025-04-22,35.0,35.0,0R,pAMR0,False,False,False,False
S2511859,patient_1f1d5d53d578938e,S2511859,2025-04-22,1,exp3,0R,pAMR0,6,7,False,False,False,False,2025-03-18,2025-07-29,35.0,98.0,0R,pAMR0,False,False,False,False
S2522980,patient_1f1d5d53d578938e,S2522980,2025-07-29,1,exp3,0R,pAMR0,7,7,False,False,False,False,2025-04-22,,98.0,,,,,,,
S2222061,patient_228507d0242d624c,S2222061,2022-05-31,3,exp3,1R,pAMR0,1,8,True,False,False,True,,2022-06-21,,21.0,1R,pAMR0,True,False,False,True
S2225225,patient_228507d0242d624c,S2225225,2022-06-21,1,exp3,1R,pAMR0,2,8,True,False,False,True,2022-05-31,2022-08-02,21.0,42.0,0R,pAMR0,False,False,False,False
S2232192,patient_228507d0242d624c,S2232192,2022-08-02,1,exp3,0R,pAMR0,3,8,False,False,False,False,2022-06-21,2022-10-04,42.0,63.0,1R,pAMR0,True,False,False,True
S2241562,patient_228507d0242d624c,S2241562,2022-10-04,1,exp3,1R,pAMR0,4,8,True,False,False,True,2022-08-02,2022-11-15,63.0,42.0,2R,pAMR0,True,True,False,True
S2247860,patient_228507d0242d624c,S2247860,2022-11-15,4,exp3,2R,pAMR0,5,8,True,True,False,True,2022-10-04,2022-12-13,42.0,28.0,0R,pAMR0,False,False,False,False
S2252333,patient_228507d0242d624c,S2252333,2022-12-13,1,exp3,0R,pAMR0,6,8,False,False,False,False,2022-11-15,2023-02-14,28.0,63.0,0R,pAMR0,False,False,False,False
S2306847,patient_228507d0242d624c,S2306847,2023-02-14,1,exp3,0R,pAMR0,7,8,False,False,False,False,2022-12-13,2023-05-16,63.0,91.0,2R,pAMR0,True,True,False,True
S2320993,patient_228507d0242d624c,S2320993,2023-05-16,4,exp3,2R,pAMR0,8,8,True,True,False,True,2023-02-14,,91.0,,,,,,,
S2154954,patient_23ee3df4f656b033,S2154954,2021-12-20,1,exp3,0R,pAMR0,1,7,False,False,False,False,,2022-01-18,,29.0,0R,pAMR0,False,False,False,False
S2202563,patient_23ee3df4f656b033,S2202563,2022-01-18,1,exp3,0R,pAMR0,2,7,False,False,False,False,2021-12-20,2022-02-22,29.0,35.0,0R,pAMR0,False,False,False,False
S2207352,patient_23ee3df4f656b033,S2207352,2022-02-22,1,exp3,0R,pAMR0,3,7,False,False,False,False,2022-01-18,2022-04-05,35.0,42.0,0R,pAMR0,False,False,False,False
S2213276,patient_23ee3df4f656b033,S2213276,2022-04-05,1,exp3,0R,pAMR0,4,7,False,False,False,False,2022-02-22,2022-05-31,42.0,56.0,1R,pAMR0,True,False,False,True
S2222064,patient_23ee3df4f656b033,S2222064,2022-05-31,1,exp3,1R,pAMR0,5,7,True,False,False,True,2022-04-05,2022-08-16,56.0,77.0,0R,pAMR0,False,False,False,False
S2234198,patient_23ee3df4f656b033,S2234198,2022-08-16,1,exp3,0R,pAMR0,6,7,False,False,False,False,2022-05-31,2022-11-22,77.0,98.0,0R,pAMR0,False,False,False,False
S2248986,patient_23ee3df4f656b033,S2248986,2022-11-22,1,exp3,0R,pAMR0,7,7,False,False,False,False,2022-08-16,,98.0,,,,,,,
S2434918,patient_26aacc71cff347a1,S2434918,2024-12-03,3,exp3,1R,pAMR0,1,1,True,False,False,True,,,,,,,,,,
S2227604,patient_26f6ecd90ed41f9d,S2227604,2022-07-05,3,exp3,1R,pAMR0,1,5,True,False,False,True,,2022-10-19,,106.0,1R,pAMR0,True,False,False,True
S2243826,patient_26f6ecd90ed41f9d,S2243826,2022-10-19,1,exp3,1R,pAMR0,2,5,True,False,False,True,2022-07-05,2023-01-17,106.0,90.0,1R,pAMR0,True,False,False,True
S2302643,patient_26f6ecd90ed41f9d,S2302643,2023-01-17,7,exp3,1R,pAMR0,3,5,True,False,False,True,2022-10-19,2023-03-07,90.0,49.0,0R,pAMR0,False,False,False,False
S2310080,patient_26f6ecd90ed41f9d,S2310080,2023-03-07,5,exp3,0R,pAMR0,4,5,False,False,False,False,2023-01-17,2023-05-30,49.0,84.0,0R,pAMR0,False,False,False,False
S2323107,patient_26f6ecd90ed41f9d,S2323107,2023-05-30,2,exp3,0R,pAMR0,5,5,False,False,False,False,2023-03-07,,84.0,,,,,,,
S2108730,patient_2999b7afa4f16b6d,S2108730,2021-03-02,1,exp3,0R,pAMR0,1,3,False,False,False,False,,2021-07-20,,140.0,0R,pAMR0,False,False,False,False
S2130897,patient_2999b7afa4f16b6d,S2130897,2021-07-20,1,exp3,0R,pAMR0,2,3,False,False,False,False,2021-03-02,2021-10-12,140.0,84.0,1R,pAMR0,True,False,False,True
S2143767,patient_2999b7afa4f16b6d,S2143767,2021-10-12,1,exp3,1R,pAMR0,3,3,True,False,False,True,2021-07-20,,84.0,,,,,,,
S2133154,patient_29c1ec61f11c3c6d,S2133154,2021-08-03,1,exp3,0R,pAMR0,1,4,False,False,False,False,,2021-10-05,,63.0,0R,pAMR0,False,False,False,False
S2142821,patient_29c1ec61f11c3c6d,S2142821,2021-10-05,1,exp3,0R,pAMR0,2,4,False,False,False,False,2021-08-03,2021-12-28,63.0,84.0,0R,pAMR0,False,False,False,False
S2156020,patient_29c1ec61f11c3c6d,S2156020,2021-12-28,1,exp3,0R,pAMR0,3,4,False,False,False,False,2021-10-05,2022-03-15,84.0,77.0,0R,pAMR0,False,False,False,False
S2210205,patient_29c1ec61f11c3c6d,S2210205,2022-03-15,1,exp3,0R,pAMR0,4,4,False,False,False,False,2021-12-28,,77.0,,,,,,,
S2133162,patient_2b3a49d49419f139,S2133162,2021-08-03,1,exp3,0R,pAMR0,1,4,False,False,False,False,,2021-10-05,,63.0,0R,pAMR0,False,False,False,False
S2142820,patient_2b3a49d49419f139,S2142820,2021-10-05,1,exp3,0R,pAMR0,2,4,False,False,False,False,2021-08-03,2021-12-21,63.0,77.0,0R,pAMR0,False,False,False,False
S2154959,patient_2b3a49d49419f139,S2154959,2021-12-21,1,exp3,0R,pAMR0,3,4,False,False,False,False,2021-10-05,2022-03-08,77.0,77.0,0R,pAMR0,False,False,False,False
S2209237,patient_2b3a49d49419f139,S2209237,2022-03-08,1,exp3,0R,pAMR0,4,4,False,False,False,False,2021-12-21,,77.0,,,,,,,
S2233279,patient_2c0945e38263a664,S2233279,2022-08-09,3,exp3,1R,pAMR0,1,7,True,False,False,True,,2022-08-23,,14.0,0R,pAMR0,False,False,False,False
S2235318,patient_2c0945e38263a664,S2235318,2022-08-23,4,exp3,0R,pAMR0,2,7,False,False,False,False,2022-08-09,2022-11-08,14.0,77.0,0R,pAMR0,False,False,False,False
S2246785,patient_2c0945e38263a664,S2246785,2022-11-08,3,exp3,0R,pAMR0,3,7,False,False,False,False,2022-08-23,2022-12-27,77.0,49.0,0R,pAMR0,False,False,False,False
S2254659,patient_2c0945e38263a664,S2254659,2022-12-27,3,exp3,0R,pAMR0,4,7,False,False,False,False,2022-11-08,2023-02-21,49.0,56.0,0R,pAMR0,False,False,False,False
S2308045,patient_2c0945e38263a664,S2308045,2023-02-21,5,exp3,0R,pAMR0,5,7,False,False,False,False,2022-12-27,2023-05-02,56.0,70.0,2R,pAMR0,True,True,False,True
S2318956,patient_2c0945e38263a664,S2318956,2023-05-02,4,exp3,2R,pAMR0,6,7,True,True,False,True,2023-02-21,2023-07-25,70.0,84.0,0R,pAMR0,False,False,False,False
S2332142,patient_2c0945e38263a664,S2332142,2023-07-25,3,exp3,0R,pAMR0,7,7,False,False,False,False,2023-05-02,,84.0,,,,,,,
S2039743,patient_2e5d461d7873e6f4,S2039743,2020-10-20,6,exp3,1R,pAMR0,1,6,True,False,False,True,,2021-07-19,,272.0,0R,pAMR0,False,False,False,False
S2130898,patient_2e5d461d7873e6f4,S2130898,2021-07-19,1,exp3,0R,pAMR0,2,6,False,False,False,False,2020-10-20,2021-10-05,272.0,78.0,1R,pAMR0,True,False,False,True
S2142815,patient_2e5d461d7873e6f4,S2142815,2021-10-05,1,exp3,1R,pAMR0,3,6,True,False,False,True,2021-07-19,2022-10-25,78.0,385.0,0R,pAMR1,False,False,True,True
S2244727,patient_2e5d461d7873e6f4,S2244727,2022-10-25,3,exp3,0R,pAMR1,4,6,False,False,True,True,2021-10-05,2022-12-20,385.0,56.0,1R,pAMR0,True,False,False,True
S2253528,patient_2e5d461d7873e6f4,S2253528,2022-12-20,6,exp3,1R,pAMR0,5,6,True,False,False,True,2022-10-25,2023-03-14,56.0,84.0,0R,pAMR0,False,False,False,False
S2311235,patient_2e5d461d7873e6f4,S2311235,2023-03-14,1,exp3,0R,pAMR0,6,6,False,False,False,False,2022-12-20,,84.0,,,,,,,
S2243621,patient_2f50930b460ea9d0,S2243621,2022-10-18,3,exp3,0R,pAMR1,1,5,False,False,True,True,,2022-10-25,,7.0,1R,pAMR0,True,False,False,True
S2244728,patient_2f50930b460ea9d0,S2244728,2022-10-25,3,exp3,1R,pAMR0,2,5,True,False,False,True,2022-10-18,2023-02-21,7.0,119.0,0R,pAMR0,False,False,False,False
S2308041,patient_2f50930b460ea9d0,S2308041,2023-02-21,1,exp3,0R,pAMR0,3,5,False,False,False,False,2022-10-25,2023-04-18,119.0,56.0,0R,pAMR0,False,False,False,False
S2316899,patient_2f50930b460ea9d0,S2316899,2023-04-18,1,exp3,0R,pAMR0,4,5,False,False,False,False,2023-02-21,2023-07-18,56.0,91.0,0R,pAMR0,False,False,False,False
S2330987,patient_2f50930b460ea9d0,S2330987,2023-07-18,1,exp3,0R,pAMR0,5,5,False,False,False,False,2023-04-18,,91.0,,,,,,,
S2202564,patient_30b34f698447ae86,S2202564,2022-01-18,1,exp3,0R,pAMR0,1,9,False,False,False,False,,2022-02-15,,28.0,0R,pAMR0,False,False,False,False
S2206288,patient_30b34f698447ae86,S2206288,2022-02-15,2,exp3,0R,pAMR0,2,9,False,False,False,False,2022-01-18,2022-03-08,28.0,21.0,0R,pAMR0,False,False,False,False
S2209232,patient_30b34f698447ae86,S2209232,2022-03-08,1,exp3,0R,pAMR0,3,9,False,False,False,False,2022-02-15,2022-04-12,21.0,35.0,0R,pAMR0,False,False,False,False
S2214324,patient_30b34f698447ae86,S2214324,2022-04-12,1,exp3,0R,pAMR0,4,9,False,False,False,False,2022-03-08,2022-05-24,35.0,42.0,0R,pAMR0,False,False,False,False
S2220927,patient_30b34f698447ae86,S2220927,2022-05-24,1,exp3,0R,pAMR0,5,9,False,False,False,False,2022-04-12,2022-07-05,42.0,42.0,1R,pAMR0,True,False,False,True
S2227621,patient_30b34f698447ae86,S2227621,2022-07-05,1,exp3,1R,pAMR0,6,9,True,False,False,True,2022-05-24,2022-10-04,42.0,91.0,1R,pAMR0,True,False,False,True
S2241564,patient_30b34f698447ae86,S2241564,2022-10-04,1,exp3,1R,pAMR0,7,9,True,False,False,True,2022-07-05,2023-01-03,91.0,91.0,0R,pAMR0,False,False,False,False
S2300331,patient_30b34f698447ae86,S2300331,2023-01-03,2,exp3,0R,pAMR0,8,9,False,False,False,False,2022-10-04,2023-06-20,91.0,168.0,0R,pAMR0,False,False,False,False
S2326330,patient_30b34f698447ae86,S2326330,2023-06-20,3,exp3,0R,pAMR0,9,9,False,False,False,False,2023-01-03,,168.0,,,,,,,
S2134277,patient_31c1f5ecc6982b2b,S2134277,2021-08-10,1,exp3,2R,pAMR0,1,4,True,True,False,True,,2021-08-17,,7.0,1R,pAMR0,True,False,False,True
S2135433,patient_31c1f5ecc6982b2b,S2135433,2021-08-17,1,exp3,1R,pAMR0,2,4,True,False,False,True,2021-08-10,2021-10-05,7.0,49.0,0R,pAMR0,False,False,False,False
S2142838,patient_31c1f5ecc6982b2b,S2142838,2021-10-05,1,exp3,0R,pAMR0,3,4,False,False,False,False,2021-08-17,2022-07-26,49.0,294.0,0R,pAMR0,False,False,False,False
S2231090,patient_31c1f5ecc6982b2b,S2231090,2022-07-26,4,exp3,0R,pAMR0,4,4,False,False,False,False,2021-10-05,,294.0,,,,,,,
S2434571,patient_33180b505ac426fd,S2434571,2024-11-28,6,exp3,0R,pAMR0,1,6,False,False,False,False,,2025-01-14,,47.0,0R,pAMR0,False,False,False,False
S2501301,patient_33180b505ac426fd,S2501301,2025-01-14,3,exp3,0R,pAMR0,2,6,False,False,False,False,2024-11-28,2025-02-04,47.0,21.0,0R,pAMR0,False,False,False,False
S2503128,patient_33180b505ac426fd,S2503128,2025-02-04,3,exp3,0R,pAMR0,3,6,False,False,False,False,2025-01-14,2025-04-15,21.0,70.0,1R,pAMR0,True,False,False,True
S2511008,patient_33180b505ac426fd,S2511008,2025-04-15,9,exp3,1R,pAMR0,4,6,True,False,False,True,2025-02-04,2025-05-27,70.0,42.0,0R,pAMR0,False,False,False,False
S2515598,patient_33180b505ac426fd,S2515598,2025-05-27,1,exp3,0R,pAMR0,5,6,False,False,False,False,2025-04-15,2025-07-15,42.0,49.0,1R,pAMR0,True,False,False,True
S2521240,patient_33180b505ac426fd,S2521240,2025-07-15,1,exp3,1R,pAMR0,6,6,True,False,False,True,2025-05-27,,49.0,,,,,,,
S2129803,patient_331a649dfec3ede4,S2129803,2021-07-13,1,exp3,0R,pAMR0,1,3,False,False,False,False,,2021-09-14,,63.0,1R,pAMR0,True,False,False,True
S2140144,patient_331a649dfec3ede4,S2140144,2021-09-14,1,exp3,1R,pAMR0,2,3,True,False,False,True,2021-07-13,2022-03-15,63.0,182.0,0R,pAMR0,False,False,False,False
S2210207,patient_331a649dfec3ede4,S2210207,2022-03-15,1,exp3,0R,pAMR0,3,3,False,False,False,False,2021-09-14,,182.0,,,,,,,
S2245753,patient_37a67c1ae4e8ad43,S2245753,2022-11-01,1,exp3,0R,pAMR0,1,8,False,False,False,False,,2022-12-06,,35.0,0R,pAMR0,False,False,False,False
S2251252,patient_37a67c1ae4e8ad43,S2251252,2022-12-06,1,exp3,0R,pAMR0,2,8,False,False,False,False,2022-11-01,2023-01-03,35.0,28.0,1R,pAMR0,True,False,False,True
S2300360,patient_37a67c1ae4e8ad43,S2300360,2023-01-03,2,exp3,1R,pAMR0,3,8,True,False,False,True,2022-12-06,2023-01-31,28.0,28.0,0R,pAMR0,False,False,False,False
S2304560,patient_37a67c1ae4e8ad43,S2304560,2023-01-31,1,exp3,0R,pAMR0,4,8,False,False,False,False,2023-01-03,2023-04-04,28.0,63.0,0R,pAMR0,False,False,False,False
S2314588,patient_37a67c1ae4e8ad43,S2314588,2023-04-04,1,exp3,0R,pAMR0,5,8,False,False,False,False,2023-01-31,2023-07-04,63.0,91.0,0R,pAMR0,False,False,False,False
S2328623,patient_37a67c1ae4e8ad43,S2328623,2023-07-04,1,exp3,0R,pAMR0,6,8,False,False,False,False,2023-04-04,2023-10-31,91.0,119.0,0R,pAMR0,False,False,False,False
S2346543,patient_37a67c1ae4e8ad43,S2346543,2023-10-31,1,exp3,0R,pAMR0,7,8,False,False,False,False,2023-07-04,2024-02-27,119.0,119.0,0R,pAMR0,False,False,False,False
S2408481,patient_37a67c1ae4e8ad43,S2408481,2024-02-27,1,exp3,0R,pAMR0,8,8,False,False,False,False,2023-10-31,,119.0,,,,,,,
S2222833,patient_3840f67f21017b79,S2222833,2022-06-07,3,exp3,0R,pAMR0,1,8,False,False,False,False,,2022-06-21,,14.0,1R,pAMR0,True,False,False,True
S2225223,patient_3840f67f21017b79,S2225223,2022-06-21,3,exp3,1R,pAMR0,2,8,True,False,False,True,2022-06-07,2022-07-19,14.0,28.0,1R,pAMR0,True,False,False,True
S2229971,patient_3840f67f21017b79,S2229971,2022-07-19,1,exp3,1R,pAMR0,3,8,True,False,False,True,2022-06-21,2022-08-23,28.0,35.0,1R,pAMR0,True,False,False,True
S2235317,patient_3840f67f21017b79,S2235317,2022-08-23,3,exp3,1R,pAMR0,4,8,True,False,False,True,2022-07-19,2022-10-04,35.0,42.0,1R,pAMR0,True,False,False,True
S2241563,patient_3840f67f21017b79,S2241563,2022-10-04,3,exp3,1R,pAMR0,5,8,True,False,False,True,2022-08-23,2022-11-29,42.0,56.0,1R,pAMR0,True,False,False,True
S2250152,patient_3840f67f21017b79,S2250152,2022-11-29,3,exp3,1R,pAMR0,6,8,True,False,False,True,2022-10-04,2023-02-21,56.0,84.0,0R,pAMR0,False,False,False,False
S2308042,patient_3840f67f21017b79,S2308042,2023-02-21,1,exp3,0R,pAMR0,7,8,False,False,False,False,2022-11-29,2023-05-30,84.0,98.0,0R,pAMR0,False,False,False,False
S2323102,patient_3840f67f21017b79,S2323102,2023-05-30,1,exp3,0R,pAMR0,8,8,False,False,False,False,2023-02-21,,98.0,,,,,,,
S2435852,patient_3a8355eba1c06de9,S2435852,2024-12-11,2,exp3,0R,pAMR0,1,1,False,False,False,False,,,,,,,,,,
S2032124,patient_3b33f0c3a0f54d90,S2032124,2020-08-11,1,exp3,0R,pAMR0,1,2,False,False,False,False,,2020-11-27,,108.0,1R,pAMR2,True,False,True,True
S2047227,patient_3b33f0c3a0f54d90,S2047227,2020-11-27,3,exp3,1R,pAMR2,2,2,True,False,True,True,2020-08-11,,108.0,,,,,,,
S2202569,patient_3fc4b14a03335d7f,S2202569,2022-01-18,7,exp3,1R,pAMR0,1,7,True,False,False,True,,2022-01-25,,7.0,1R,pAMR0,True,False,False,True
S2203739,patient_3fc4b14a03335d7f,S2203739,2022-01-25,5,exp3,1R,pAMR0,2,7,True,False,False,True,2022-01-18,2022-02-15,7.0,21.0,0R,pAMR0,False,False,False,False
S2206286,patient_3fc4b14a03335d7f,S2206286,2022-02-15,3,exp3,0R,pAMR0,3,7,False,False,False,False,2022-01-25,2022-03-29,21.0,42.0,1R,pAMR0,True,False,False,True
S2212215,patient_3fc4b14a03335d7f,S2212215,2022-03-29,1,exp3,1R,pAMR0,4,7,True,False,False,True,2022-02-15,2022-05-03,42.0,35.0,0R,pAMR0,False,False,False,False
S2217673,patient_3fc4b14a03335d7f,S2217673,2022-05-03,1,exp3,0R,pAMR0,5,7,False,False,False,False,2022-03-29,2022-06-21,35.0,49.0,0R,pAMR0,False,False,False,False
S2225224,patient_3fc4b14a03335d7f,S2225224,2022-06-21,1,exp3,0R,pAMR0,6,7,False,False,False,False,2022-05-03,2022-09-27,49.0,98.0,1R,pAMR0,True,False,False,True
S2240720,patient_3fc4b14a03335d7f,S2240720,2022-09-27,1,exp3,1R,pAMR0,7,7,True,False,False,True,2022-06-21,,98.0,,,,,,,
S2208404,patient_42421b21c776ccc1,S2208404,2022-03-02,1,exp3,0R,pAMR0,1,1,False,False,False,False,,,,,,,,,,
S2207462,patient_437c15068dd69e36,S2207462,2022-02-22,1,exp3,0R,pAMR0,1,1,False,False,False,False,,,,,,,,,,
S2208362,patient_441646021a546773,S2208362,2022-03-02,1,exp3,0R,pAMR0,1,9,False,False,False,False,,2022-03-15,,13.0,0R,pAMR0,False,False,False,False
S2210206,patient_441646021a546773,S2210206,2022-03-15,1,exp3,0R,pAMR0,2,9,False,False,False,False,2022-03-02,2022-04-19,13.0,35.0,0R,pAMR0,False,False,False,False
S2215454,patient_441646021a546773,S2215454,2022-04-19,1,exp3,0R,pAMR0,3,9,False,False,False,False,2022-03-15,2022-05-17,35.0,28.0,0R,pAMR0,False,False,False,False
S2219753,patient_441646021a546773,S2219753,2022-05-17,1,exp3,0R,pAMR0,4,9,False,False,False,False,2022-04-19,2022-06-28,28.0,42.0,0R,pAMR0,False,False,False,False
S2226370,patient_441646021a546773,S2226370,2022-06-28,1,exp3,0R,pAMR0,5,9,False,False,False,False,2022-05-17,2022-08-23,42.0,56.0,0R,pAMR0,False,False,False,False
S2235315,patient_441646021a546773,S2235315,2022-08-23,1,exp3,0R,pAMR0,6,9,False,False,False,False,2022-06-28,2022-11-22,56.0,91.0,0R,pAMR0,False,False,False,False
S2248988,patient_441646021a546773,S2248988,2022-11-22,1,exp3,0R,pAMR0,7,9,False,False,False,False,2022-08-23,2023-02-14,91.0,84.0,0R,pAMR0,False,False,False,False
S2306850,patient_441646021a546773,S2306850,2023-02-14,1,exp3,0R,pAMR0,8,9,False,False,False,False,2022-11-22,2023-05-26,84.0,101.0,0R,pAMR0,False,False,False,False
S2322861,patient_441646021a546773,S2322861,2023-05-26,4,exp3,0R,pAMR0,9,9,False,False,False,False,2023-02-14,,101.0,,,,,,,
S2506966,patient_4610d334819bbd61,S2506966,2025-03-11,1,exp3,0R,pAMR0,1,3,False,False,False,False,,2025-04-01,,21.0,0R,pAMR0,False,False,False,False
S2509420,patient_4610d334819bbd61,S2509420,2025-04-01,5,exp3,0R,pAMR0,2,3,False,False,False,False,2025-03-11,2025-05-13,21.0,42.0,0R,pAMR0,False,False,False,False
S2513846,patient_4610d334819bbd61,S2513846,2025-05-13,7,exp3,0R,pAMR0,3,3,False,False,False,False,2025-04-01,,42.0,,,,,,,
S2350728,patient_46cfa1714c823433,S2350728,2023-11-28,1,exp3,0R,pAMR0,1,4,False,False,False,False,,2023-12-19,,21.0,0R,pAMR0,False,False,False,False
S2353999,patient_46cfa1714c823433,S2353999,2023-12-19,1,exp3,0R,pAMR0,2,4,False,False,False,False,2023-11-28,2024-05-21,21.0,154.0,0R,pAMR0,False,False,False,False
S2414957,patient_46cfa1714c823433,S2414957,2024-05-21,2,exp3,0R,pAMR0,3,4,False,False,False,False,2023-12-19,2024-08-13,154.0,84.0,0R,pAMR0,False,False,False,False
S2423619,patient_46cfa1714c823433,S2423619,2024-08-13,2,exp3,0R,pAMR0,4,4,False,False,False,False,2024-05-21,,84.0,,,,,,,
S2306848,patient_4a2bd6cb3f9d710c,S2306848,2023-02-14,1,exp3,0R,pAMR0,1,5,False,False,False,False,,2023-03-07,,21.0,0R,pAMR0,False,False,False,False
S2310074,patient_4a2bd6cb3f9d710c,S2310074,2023-03-07,1,exp3,0R,pAMR0,2,5,False,False,False,False,2023-02-14,2023-04-11,21.0,35.0,1R,pAMR0,True,False,False,True
S2315838,patient_4a2bd6cb3f9d710c,S2315838,2023-04-11,2,exp3,1R,pAMR0,3,5,True,False,False,True,2023-03-07,2023-05-30,35.0,49.0,0R,pAMR0,False,False,False,False
S2323104,patient_4a2bd6cb3f9d710c,S2323104,2023-05-30,6,exp3,0R,pAMR0,4,5,False,False,False,False,2023-04-11,2024-02-13,49.0,259.0,0R,pAMR0,False,False,False,False
S2406755,patient_4a2bd6cb3f9d710c,S2406755,2024-02-13,1,exp3,0R,pAMR0,5,5,False,False,False,False,2023-05-30,,259.0,,,,,,,
S2214326,patient_4a9f4346155f3b62,S2214326,2022-04-12,3,exp3,0R,pAMR0,1,6,False,False,False,False,,2022-04-25,,13.0,1R,pAMR0,True,False,False,True
S2216629,patient_4a9f4346155f3b62,S2216629,2022-04-25,1,exp3,1R,pAMR0,2,6,True,False,False,True,2022-04-12,2022-05-31,13.0,36.0,0R,pAMR0,False,False,False,False
S2222063,patient_4a9f4346155f3b62,S2222063,2022-05-31,1,exp3,0R,pAMR0,3,6,False,False,False,False,2022-04-25,2022-08-23,36.0,84.0,2R,pAMR0,True,True,False,True
S2235319,patient_4a9f4346155f3b62,S2235319,2022-08-23,5,exp3,2R,pAMR0,4,6,True,True,False,True,2022-05-31,2022-10-11,84.0,49.0,0R,pAMR0,False,False,False,False
S2242499,patient_4a9f4346155f3b62,S2242499,2022-10-11,1,exp3,0R,pAMR0,5,6,False,False,False,False,2022-08-23,2023-03-21,49.0,161.0,0R,pAMR0,False,False,False,False
S2312318,patient_4a9f4346155f3b62,S2312318,2023-03-21,1,exp3,0R,pAMR0,6,6,False,False,False,False,2022-10-11,,161.0,,,,,,,
S2415689,patient_4ab30837cfd3692a,S2415689,2024-05-28,3,exp3,1R,pAMR0,1,4,True,False,False,True,,2024-06-18,,21.0,0R,pAMR0,False,False,False,False
S2417717,patient_4ab30837cfd3692a,S2417717,2024-06-18,2,exp3,0R,pAMR0,2,4,False,False,False,False,2024-05-28,2024-11-19,21.0,154.0,1R,pAMR0,True,False,False,True
S2433346,patient_4ab30837cfd3692a,S2433346,2024-11-19,2,exp3,1R,pAMR0,3,4,True,False,False,True,2024-06-18,2025-02-25,154.0,98.0,0R,pAMR0,False,False,False,False
S2505506,patient_4ab30837cfd3692a,S2505506,2025-02-25,1,exp3,0R,pAMR0,4,4,False,False,False,False,2024-11-19,,98.0,,,,,,,
S2345468,patient_4af3110fd801b611,S2345468,2023-10-24,1,exp3,0R,pAMR0,1,7,False,False,False,False,,2023-12-19,,56.0,0R,pAMR0,False,False,False,False
S2353995,patient_4af3110fd801b611,S2353995,2023-12-19,1,exp3,0R,pAMR0,2,7,False,False,False,False,2023-10-24,2024-01-16,56.0,28.0,0R,pAMR0,False,False,False,False
S2402481,patient_4af3110fd801b611,S2402481,2024-01-16,1,exp3,0R,pAMR0,3,7,False,False,False,False,2023-12-19,2024-02-27,28.0,42.0,0R,pAMR0,False,False,False,False
S2408486,patient_4af3110fd801b611,S2408486,2024-02-27,1,exp3,0R,pAMR0,4,7,False,False,False,False,2024-01-16,2024-04-16,42.0,49.0,0R,pAMR0,False,False,False,False
S2412060,patient_4af3110fd801b611,S2412060,2024-04-16,4,exp3,0R,pAMR0,5,7,False,False,False,False,2024-02-27,2024-07-16,49.0,91.0,0R,pAMR0,False,False,False,False
S2420602,patient_4af3110fd801b611,S2420602,2024-07-16,1,exp3,0R,pAMR0,6,7,False,False,False,False,2024-04-16,2024-10-15,91.0,91.0,0R,pAMR0,False,False,False,False
S2429676,patient_4af3110fd801b611,S2429676,2024-10-15,2,exp3,0R,pAMR0,7,7,False,False,False,False,2024-07-16,,91.0,,,,,,,
S2149397,patient_4cb9dbad2d74486f,S2149397,2021-11-16,1,exp3,0R,pAMR0,1,5,False,False,False,False,,2021-11-30,,14.0,1R,pAMR0,True,False,False,True
S2151616,patient_4cb9dbad2d74486f,S2151616,2021-11-30,1,exp3,1R,pAMR0,2,5,True,False,False,True,2021-11-16,2022-03-22,14.0,112.0,0R,pAMR0,False,False,False,False
S2211181,patient_4cb9dbad2d74486f,S2211181,2022-03-22,1,exp3,0R,pAMR0,3,5,False,False,False,False,2021-11-30,2022-06-28,112.0,98.0,0R,pAMR0,False,False,False,False
S2226371,patient_4cb9dbad2d74486f,S2226371,2022-06-28,1,exp3,0R,pAMR0,4,5,False,False,False,False,2022-03-22,2022-09-20,98.0,84.0,0R,pAMR0,False,False,False,False
S2239521,patient_4cb9dbad2d74486f,S2239521,2022-09-20,1,exp3,0R,pAMR0,5,5,False,False,False,False,2022-06-28,,84.0,,,,,,,
S2229537,patient_503148ddee5b72e0,S2229537,2022-07-15,4,exp3,1R,pAMR0,1,4,True,False,False,True,,2022-09-06,,53.0,0R,pAMR0,False,False,False,False
S2237601,patient_503148ddee5b72e0,S2237601,2022-09-06,1,exp3,0R,pAMR0,2,4,False,False,False,False,2022-07-15,2023-03-21,53.0,196.0,1R,pAMR0,True,False,False,True
S2312320,patient_503148ddee5b72e0,S2312320,2023-03-21,1,exp3,1R,pAMR0,3,4,True,False,False,True,2022-09-06,2023-06-27,196.0,98.0,0R,pAMR0,False,False,False,False
S2327485,patient_503148ddee5b72e0,S2327485,2023-06-27,2,exp3,0R,pAMR0,4,4,False,False,False,False,2023-03-21,,98.0,,,,,,,
S2209230,patient_5485a267cc6293c7,S2209230,2022-03-08,1,exp3,0R,pAMR0,1,1,False,False,False,False,,,,,,,,,,
S2237603,patient_572b285c8223738a,S2237603,2022-09-06,2,exp3,0R,pAMR0,1,1,False,False,False,False,,,,,,,,,,
S2235518,patient_5a68de4c65c56662,S2235518,2022-08-24,4,exp3,0R,pAMR0,1,5,False,False,False,False,,2022-09-13,,20.0,1R,pAMR0,True,False,False,True
S2238299,patient_5a68de4c65c56662,S2238299,2022-09-13,3,exp3,1R,pAMR0,2,5,True,False,False,True,2022-08-24,2022-10-11,20.0,28.0,0R,pAMR0,False,False,False,False
S2242500,patient_5a68de4c65c56662,S2242500,2022-10-11,1,exp3,0R,pAMR0,3,5,False,False,False,False,2022-09-13,2022-11-08,28.0,28.0,0R,pAMR0,False,False,False,False
S2246786,patient_5a68de4c65c56662,S2246786,2022-11-08,1,exp3,0R,pAMR0,4,5,False,False,False,False,2022-10-11,2022-12-28,28.0,50.0,0R,pAMR0,False,False,False,False
S2254886,patient_5a68de4c65c56662,S2254886,2022-12-28,3,exp3,0R,pAMR0,5,5,False,False,False,False,2022-11-08,,50.0,,,,,,,
S2334384,patient_5ad31502c2708b1a,S2334384,2023-08-08,2,exp3,0R,pAMR0,1,3,False,False,False,False,,2023-09-05,,28.0,0R,pAMR0,False,False,False,False
S2338781,patient_5ad31502c2708b1a,S2338781,2023-09-05,1,exp3,0R,pAMR0,2,3,False,False,False,False,2023-08-08,2023-10-04,28.0,29.0,0R,pAMR0,False,False,False,False
S2342677,patient_5ad31502c2708b1a,S2342677,2023-10-04,6,exp3,0R,pAMR0,3,3,False,False,False,False,2023-09-05,,29.0,,,,,,,
S2138905,patient_5d35983cfd191fff,S2138905,2021-09-07,2,exp3,1R,pAMR0,1,4,True,False,False,True,,2021-10-19,,42.0,0R,pAMR0,False,False,False,False
S2144969,patient_5d35983cfd191fff,S2144969,2021-10-19,1,exp3,0R,pAMR0,2,4,False,False,False,False,2021-09-07,2022-02-08,42.0,112.0,0R,pAMR0,False,False,False,False
S2205211,patient_5d35983cfd191fff,S2205211,2022-02-08,1,exp3,0R,pAMR0,3,4,False,False,False,False,2021-10-19,2022-04-26,112.0,77.0,0R,pAMR0,False,False,False,False
S2216605,patient_5d35983cfd191fff,S2216605,2022-04-26,1,exp3,0R,pAMR0,4,4,False,False,False,False,2022-02-08,,77.0,,,,,,,
S2315839,patient_5ee21afd8d2dea4c,S2315839,2023-04-11,4,exp3,1R,pAMR0,1,6,True,False,False,True,,2023-05-02,,21.0,1R,pAMR0,True,False,False,True
S2318954,patient_5ee21afd8d2dea4c,S2318954,2023-05-02,1,exp3,1R,pAMR0,2,6,True,False,False,True,2023-04-11,2023-06-13,21.0,42.0,1R,pAMR0,True,False,False,True
S2325144,patient_5ee21afd8d2dea4c,S2325144,2023-06-13,1,exp3,1R,pAMR0,3,6,True,False,False,True,2023-05-02,2023-07-18,42.0,35.0,0R,pAMR0,False,False,False,False
S2330988,patient_5ee21afd8d2dea4c,S2330988,2023-07-18,1,exp3,0R,pAMR0,4,6,False,False,False,False,2023-06-13,2023-09-05,35.0,49.0,0R,pAMR0,False,False,False,False
S2338782,patient_5ee21afd8d2dea4c,S2338782,2023-09-05,1,exp3,0R,pAMR0,5,6,False,False,False,False,2023-07-18,2024-03-05,49.0,182.0,0R,pAMR0,False,False,False,False
S2408854,patient_5ee21afd8d2dea4c,S2408854,2024-03-05,1,exp3,0R,pAMR0,6,6,False,False,False,False,2023-09-05,,182.0,,,,,,,
S2132028,patient_61128f527d32178f,S2132028,2021-07-27,1,exp3,0R,pAMR0,1,2,False,False,False,False,,2021-10-19,,84.0,0R,pAMR0,False,False,False,False
S2144966,patient_61128f527d32178f,S2144966,2021-10-19,1,exp3,0R,pAMR0,2,2,False,False,False,False,2021-07-27,,84.0,,,,,,,
S2206289,patient_69d6941869afda05,S2206289,2022-02-15,3,exp3,1R,pAMR0,1,8,True,False,False,True,,2022-03-15,,28.0,2R,pAMR0,True,True,False,True
S2210209,patient_69d6941869afda05,S2210209,2022-03-15,4,exp3,2R,pAMR0,2,8,True,True,False,True,2022-02-15,2022-04-12,28.0,28.0,0R,pAMR0,False,False,False,False
S2214323,patient_69d6941869afda05,S2214323,2022-04-12,1,exp3,0R,pAMR0,3,8,False,False,False,False,2022-03-15,2022-05-17,28.0,35.0,1R,pAMR0,True,False,False,True
S2219751,patient_69d6941869afda05,S2219751,2022-05-17,1,exp3,1R,pAMR0,4,8,True,False,False,True,2022-04-12,2022-06-14,35.0,28.0,1R,pAMR0,True,False,False,True
S2224010,patient_69d6941869afda05,S2224010,2022-06-14,1,exp3,1R,pAMR0,5,8,True,False,False,True,2022-05-17,2022-08-02,28.0,49.0,0R,pAMR0,False,False,False,False
S2232194,patient_69d6941869afda05,S2232194,2022-08-02,1,exp3,0R,pAMR0,6,8,False,False,False,False,2022-06-14,2022-10-04,49.0,63.0,0R,pAMR0,False,False,False,False
S2241565,patient_69d6941869afda05,S2241565,2022-10-04,1,exp3,0R,pAMR0,7,8,False,False,False,False,2022-08-02,2022-12-20,63.0,77.0,1R,pAMR0,True,False,False,True
S2253524,patient_69d6941869afda05,S2253524,2022-12-20,1,exp3,1R,pAMR0,8,8,True,False,False,True,2022-10-04,,77.0,,,,,,,
S2323108,patient_6d8c27caf7586f64,S2323108,2023-05-30,4,exp3,0R,pAMR0,1,3,False,False,False,False,,2023-06-20,,21.0,0R,pAMR0,False,False,False,False
S2326332,patient_6d8c27caf7586f64,S2326332,2023-06-20,5,exp3,0R,pAMR0,2,3,False,False,False,False,2023-05-30,2023-07-18,21.0,28.0,1R,pAMR0,True,False,False,True
S2330982,patient_6d8c27caf7586f64,S2330982,2023-07-18,1,exp3,1R,pAMR0,3,3,True,False,False,True,2023-06-20,,28.0,,,,,,,
S2419849,patient_6e23f91caa098b84,S2419849,2024-07-09,4,exp3,1R,pAMR0,1,6,True,False,False,True,,2024-07-30,,21.0,0R,pAMR0,False,False,False,False
S2422139,patient_6e23f91caa098b84,S2422139,2024-07-30,2,exp3,0R,pAMR0,2,6,False,False,False,False,2024-07-09,2024-09-24,21.0,56.0,0R,pAMR0,False,False,False,False
S2427693,patient_6e23f91caa098b84,S2427693,2024-09-24,6,exp3,0R,pAMR0,3,6,False,False,False,False,2024-07-30,2024-11-19,56.0,56.0,0R,pAMR0,False,False,False,False
S2433342,patient_6e23f91caa098b84,S2433342,2024-11-19,2,exp3,0R,pAMR0,4,6,False,False,False,False,2024-09-24,2024-12-31,56.0,42.0,0R,pAMR0,False,False,False,False
S2437880,patient_6e23f91caa098b84,S2437880,2024-12-31,1,exp3,0R,pAMR0,5,6,False,False,False,False,2024-11-19,2025-03-11,42.0,70.0,0R,pAMR0,False,False,False,False
S2506961,patient_6e23f91caa098b84,S2506961,2025-03-11,1,exp3,0R,pAMR0,6,6,False,False,False,False,2024-12-31,,70.0,,,,,,,
S2521239,patient_6e852ae1e67cc6a5,S2521239,2025-07-15,1,exp3,0R,pAMR0,1,4,False,False,False,False,,2025-07-29,,14.0,0R,pAMR0,False,False,False,False
S2522994,patient_6e852ae1e67cc6a5,S2522994,2025-07-29,1,exp3,0R,pAMR0,2,4,False,False,False,False,2025-07-15,2025-08-26,14.0,28.0,0R,pAMR0,False,False,False,False
S2526362,patient_6e852ae1e67cc6a5,S2526362,2025-08-26,5,exp3,0R,pAMR0,3,4,False,False,False,False,2025-07-29,2025-09-23,28.0,28.0,0R,pAMR0,False,False,False,False
S2530049,patient_6e852ae1e67cc6a5,S2530049,2025-09-23,2,exp3,0R,pAMR0,4,4,False,False,False,False,2025-08-26,,28.0,,,,,,,
S2508630,patient_70289ea84b1dd193,S2508630,2025-03-25,4,exp3,1R,pAMR0,1,5,True,False,False,True,,2025-04-15,,21.0,0R,pAMR0,False,False,False,False
S2511006,patient_70289ea84b1dd193,S2511006,2025-04-15,2,exp3,0R,pAMR0,2,5,False,False,False,False,2025-03-25,2025-05-13,21.0,28.0,0R,pAMR0,False,False,False,False
S2513848,patient_70289ea84b1dd193,S2513848,2025-05-13,6,exp3,0R,pAMR0,3,5,False,False,False,False,2025-04-15,2025-08-12,28.0,91.0,0R,pAMR0,False,False,False,False
S2524760,patient_70289ea84b1dd193,S2524760,2025-08-12,1,exp3,0R,pAMR0,4,5,False,False,False,False,2025-05-13,2025-10-14,91.0,63.0,0R,pAMR0,False,False,False,False
S2531989,patient_70289ea84b1dd193,S2531989,2025-10-14,5,exp3,0R,pAMR0,5,5,False,False,False,False,2025-08-12,,63.0,,,,,,,
S2222945,patient_71270218daad69ca,S2222945,2022-06-07,1,exp3,0R,pAMR0,1,2,False,False,False,False,,2023-08-08,,427.0,0R,pAMR0,False,False,False,False
S2334411,patient_71270218daad69ca,S2334411,2023-08-08,6,exp3,0R,pAMR0,2,2,False,False,False,False,2022-06-07,,427.0,,,,,,,
S1919367,patient_716d0609504bd61c,S1919367,2019-02-14,1,mrxs13,2R,pAMR0,1,1,True,True,False,True,,,,,,,,,,
S2409391,patient_718a20df543bc4dd,S2409391,2024-03-12,4,exp3,0R,pAMR0,1,6,False,False,False,False,,2024-03-26,,14.0,0R,pAMR0,False,False,False,False
S2410460,patient_718a20df543bc4dd,S2410460,2024-03-26,1,exp3,0R,pAMR0,2,6,False,False,False,False,2024-03-12,2024-04-23,14.0,28.0,0R,pAMR0,False,False,False,False
S2412725,patient_718a20df543bc4dd,S2412725,2024-04-23,2,exp3,0R,pAMR0,3,6,False,False,False,False,2024-03-26,2024-05-22,28.0,29.0,0R,pAMR0,False,False,False,False
S2415070,patient_718a20df543bc4dd,S2415070,2024-05-22,2,exp3,0R,pAMR0,4,6,False,False,False,False,2024-04-23,2024-08-20,29.0,90.0,0R,pAMR0,False,False,False,False
S2424259,patient_718a20df543bc4dd,S2424259,2024-08-20,2,exp3,0R,pAMR0,5,6,False,False,False,False,2024-05-22,2025-02-18,90.0,182.0,0R,pAMR0,False,False,False,False
S2504721,patient_718a20df543bc4dd,S2504721,2025-02-18,1,exp3,0R,pAMR0,6,6,False,False,False,False,2024-08-20,,182.0,,,,,,,
S2320992,patient_71a52624c9074da6,S2320992,2023-05-17,2,exp3,0R,pAMR0,1,6,False,False,False,False,,2023-06-13,,27.0,0R,pAMR0,False,False,False,False
S2325142,patient_71a52624c9074da6,S2325142,2023-06-13,1,exp3,0R,pAMR0,2,6,False,False,False,False,2023-05-17,2023-07-18,27.0,35.0,0R,pAMR0,False,False,False,False
S2330985,patient_71a52624c9074da6,S2330985,2023-07-18,1,exp3,0R,pAMR0,3,6,False,False,False,False,2023-06-13,2023-08-22,35.0,35.0,0R,pAMR0,False,False,False,False
S2336494,patient_71a52624c9074da6,S2336494,2023-08-22,1,exp3,0R,pAMR0,4,6,False,False,False,False,2023-07-18,2023-10-17,35.0,56.0,0R,pAMR0,False,False,False,False
S2344458,patient_71a52624c9074da6,S2344458,2023-10-17,1,exp3,0R,pAMR0,5,6,False,False,False,False,2023-08-22,2023-12-12,56.0,56.0,0R,pAMR0,False,False,False,False
S2352827,patient_71a52624c9074da6,S2352827,2023-12-12,1,exp3,0R,pAMR0,6,6,False,False,False,False,2023-10-17,,56.0,,,,,,,
S2339819,patient_780d5b318208b01a,S2339819,2023-09-12,3,exp3,1R,pAMR0,1,3,True,False,False,True,,2024-02-13,,154.0,0R,pAMR0,False,False,False,False
S2406753,patient_780d5b318208b01a,S2406753,2024-02-13,7,exp3,0R,pAMR0,2,3,False,False,False,False,2023-09-12,2024-08-13,154.0,182.0,0R,pAMR0,False,False,False,False
S2423616,patient_780d5b318208b01a,S2423616,2024-08-13,2,exp3,0R,pAMR0,3,3,False,False,False,False,2024-02-13,,182.0,,,,,,,
S2150492,patient_78e356d1740b4e11,S2150492,2021-11-23,3,exp3,1R,pAMR0,1,2,True,False,False,True,,2022-07-15,,234.0,1R,pAMR0,True,False,False,True
S2229536,patient_78e356d1740b4e11,S2229536,2022-07-15,3,exp3,1R,pAMR0,2,2,True,False,False,True,2021-11-23,,234.0,,,,,,,
S2352429,patient_79f0ef3e7f376fdb,S2352429,2023-12-08,3,exp3,0R,pAMR0,1,5,False,False,False,False,,2024-02-06,,60.0,0R,pAMR0,False,False,False,False
S2406038,patient_79f0ef3e7f376fdb,S2406038,2024-02-06,9,exp3,0R,pAMR0,2,5,False,False,False,False,2023-12-08,2024-03-12,60.0,35.0,0R,pAMR0,False,False,False,False
S2409390,patient_79f0ef3e7f376fdb,S2409390,2024-03-12,1,exp3,0R,pAMR0,3,5,False,False,False,False,2024-02-06,2024-05-07,35.0,56.0,0R,pAMR0,False,False,False,False
S2413768,patient_79f0ef3e7f376fdb,S2413768,2024-05-07,2,exp3,0R,pAMR0,4,5,False,False,False,False,2024-03-12,2024-11-05,56.0,182.0,0R,pAMR0,False,False,False,False
S2431862,patient_79f0ef3e7f376fdb,S2431862,2024-11-05,2,exp3,0R,pAMR0,5,5,False,False,False,False,2024-05-07,,182.0,,,,,,,
S2421437,patient_7b8c5e3e158230df,S2421437,2024-07-23,2,exp3,0R,pAMR0,1,3,False,False,False,False,,2024-08-20,,28.0,0R,pAMR0,False,False,False,False
S2424255,patient_7b8c5e3e158230df,S2424255,2024-08-20,6,exp3,0R,pAMR0,2,3,False,False,False,False,2024-07-23,2024-09-10,28.0,21.0,0R,pAMR0,False,False,False,False
S2426615,patient_7b8c5e3e158230df,S2426615,2024-09-10,6,exp3,0R,pAMR0,3,3,False,False,False,False,2024-08-20,,21.0,,,,,,,
S2141806,patient_7d29fcd258114554,S2141806,2021-09-28,3,exp3,0R,pAMR0,1,7,False,False,False,False,,2021-10-12,,14.0,0R,pAMR0,False,False,False,False
S2143769,patient_7d29fcd258114554,S2143769,2021-10-12,1,exp3,0R,pAMR0,2,7,False,False,False,False,2021-09-28,2021-11-16,14.0,35.0,1R,pAMR0,True,False,False,True
S2149396,patient_7d29fcd258114554,S2149396,2021-11-16,1,exp3,1R,pAMR0,3,7,True,False,False,True,2021-10-12,2021-12-21,35.0,35.0,1R,pAMR0,True,False,False,True
S2154957,patient_7d29fcd258114554,S2154957,2021-12-21,1,exp3,1R,pAMR0,4,7,True,False,False,True,2021-11-16,2022-01-25,35.0,35.0,0R,pAMR0,False,False,False,False
S2203734,patient_7d29fcd258114554,S2203734,2022-01-25,1,exp3,0R,pAMR0,5,7,False,False,False,False,2021-12-21,2022-03-15,35.0,49.0,0R,pAMR0,False,False,False,False
S2210203,patient_7d29fcd258114554,S2210203,2022-03-15,1,exp3,0R,pAMR0,6,7,False,False,False,False,2022-01-25,2022-09-20,49.0,189.0,1R,pAMR0,True,False,False,True
S2239522,patient_7d29fcd258114554,S2239522,2022-09-20,3,exp3,1R,pAMR0,7,7,True,False,False,True,2022-03-15,,189.0,,,,,,,
S2310075,patient_7e13e7a4752983ed,S2310075,2023-03-07,4,exp3,0R,pAMR1,1,4,False,False,True,True,,2023-03-21,,14.0,1R,pAMR1,True,False,True,True
S2312322,patient_7e13e7a4752983ed,S2312322,2023-03-21,5,exp3,1R,pAMR1,2,4,True,False,True,True,2023-03-07,2023-04-11,14.0,21.0,0R,pAMR1,False,False,True,True
S2315844,patient_7e13e7a4752983ed,S2315844,2023-04-11,7,exp3,0R,pAMR1,3,4,False,False,True,True,2023-03-21,2023-05-16,21.0,35.0,0R,pAMR0,False,False,False,False
S2320991,patient_7e13e7a4752983ed,S2320991,2023-05-16,7,exp3,0R,pAMR0,4,4,False,False,False,False,2023-04-11,,35.0,,,,,,,
S2136522,patient_7ea5ec2f6c847fc5,S2136522,2021-08-24,2,exp3,0R,pAMR0,1,3,False,False,False,False,,2021-11-08,,76.0,1R,pAMR0,True,False,False,True
S2148219,patient_7ea5ec2f6c847fc5,S2148219,2021-11-08,2,exp3,1R,pAMR0,2,3,True,False,False,True,2021-08-24,2022-02-22,76.0,106.0,0R,pAMR0,False,False,False,False
S2207353,patient_7ea5ec2f6c847fc5,S2207353,2022-02-22,2,exp3,0R,pAMR0,3,3,False,False,False,False,2021-11-08,,106.0,,,,,,,
S2530063,patient_7fb8c2b1e117173f,S2530063,2025-09-23,2,exp3,0R,pAMR0,1,2,False,False,False,False,,2025-10-21,,28.0,0R,pAMR0,False,False,False,False
S2533022,patient_7fb8c2b1e117173f,S2533022,2025-10-21,8,exp3,0R,pAMR0,2,2,False,False,False,False,2025-09-23,,28.0,,,,,,,
S1940316,patient_7ff6d1678a27a551,S1940316,2012-11-16,1,mrxs13,2R,pAMR0,1,1,True,True,False,True,,,,,,,,,,
S2527323,patient_88518ae12a01280d,S2527323,2025-09-02,1,exp3,0R,pAMR0,1,3,False,False,False,False,,2025-09-30,,28.0,0R,pAMR0,False,False,False,False
S2530991,patient_88518ae12a01280d,S2530991,2025-09-30,1,exp3,0R,pAMR0,2,3,False,False,False,False,2025-09-02,2025-11-11,28.0,42.0,0R,pAMR0,False,False,False,False
S2535840,patient_88518ae12a01280d,S2535840,2025-11-11,5,exp3,0R,pAMR0,3,3,False,False,False,False,2025-09-30,,42.0,,,,,,,
S2102543,patient_886cef649f01f586,S2102543,2021-01-19,2,exp3,0R,pAMR0,1,2,False,False,False,False,,2022-01-04,,350.0,0R,pAMR0,False,False,False,False
S2200309,patient_886cef649f01f586,S2200309,2022-01-04,2,exp3,0R,pAMR0,2,2,False,False,False,False,2021-01-19,,350.0,,,,,,,
S2107860,patient_895c9f3c4b1870d6,S2107860,2021-02-23,3,exp3,1R,pAMR0,1,6,True,False,False,True,,2021-07-06,,133.0,2R,pAMR0,True,True,False,True
S2128633,patient_895c9f3c4b1870d6,S2128633,2021-07-06,2,exp3,2R,pAMR0,2,6,True,True,False,True,2021-02-23,2021-08-10,133.0,35.0,2R,pAMR0,True,True,False,True
S2134279,patient_895c9f3c4b1870d6,S2134279,2021-08-10,1,exp3,2R,pAMR0,3,6,True,True,False,True,2021-07-06,2021-09-28,35.0,49.0,1R,pAMR0,True,False,False,True
S2141807,patient_895c9f3c4b1870d6,S2141807,2021-09-28,1,exp3,1R,pAMR0,4,6,True,False,False,True,2021-08-10,2021-11-09,49.0,42.0,2R,pAMR0,True,True,False,True
S2148221,patient_895c9f3c4b1870d6,S2148221,2021-11-09,2,exp3,2R,pAMR0,5,6,True,True,False,True,2021-09-28,2022-02-08,42.0,91.0,0R,pAMR0,False,False,False,False
S2205208,patient_895c9f3c4b1870d6,S2205208,2022-02-08,1,exp3,0R,pAMR0,6,6,False,False,False,False,2021-11-09,,91.0,,,,,,,
S2409389,patient_897fc368fe7593b2,S2409389,2024-03-12,4,exp3,0R,pAMR0,1,8,False,False,False,False,,2024-03-26,,14.0,0R,pAMR0,False,False,False,False
S2410451,patient_897fc368fe7593b2,S2410451,2024-03-26,1,exp3,0R,pAMR0,2,8,False,False,False,False,2024-03-12,2024-04-30,14.0,35.0,0R,pAMR0,False,False,False,False
S2413342,patient_897fc368fe7593b2,S2413342,2024-04-30,2,exp3,0R,pAMR0,3,8,False,False,False,False,2024-03-26,2024-05-21,35.0,21.0,0R,pAMR0,False,False,False,False
S2414955,patient_897fc368fe7593b2,S2414955,2024-05-21,2,exp3,0R,pAMR0,4,8,False,False,False,False,2024-04-30,2024-07-08,21.0,48.0,0R,pAMR0,False,False,False,False
S2419848,patient_897fc368fe7593b2,S2419848,2024-07-08,2,exp3,0R,pAMR0,5,8,False,False,False,False,2024-05-21,2024-08-20,48.0,43.0,0R,pAMR0,False,False,False,False
S2424250,patient_897fc368fe7593b2,S2424250,2024-08-20,2,exp3,0R,pAMR0,6,8,False,False,False,False,2024-07-08,2024-11-05,43.0,77.0,0R,pAMR0,False,False,False,False
S2431866,patient_897fc368fe7593b2,S2431866,2024-11-05,2,exp3,0R,pAMR0,7,8,False,False,False,False,2024-08-20,2025-02-18,77.0,105.0,0R,pAMR0,False,False,False,False
S2504719,patient_897fc368fe7593b2,S2504719,2025-02-18,7,exp3,0R,pAMR0,8,8,False,False,False,False,2024-11-05,,105.0,,,,,,,
S2151614,patient_8a989ce38f711fa1,S2151614,2021-11-30,3,exp3,0R,pAMR0,1,8,False,False,False,False,,2021-12-21,,21.0,0R,pAMR0,False,False,False,False
S2154958,patient_8a989ce38f711fa1,S2154958,2021-12-21,3,exp3,0R,pAMR0,2,8,False,False,False,False,2021-11-30,2022-01-18,21.0,28.0,0R,pAMR0,False,False,False,False
S2202568,patient_8a989ce38f711fa1,S2202568,2022-01-18,1,exp3,0R,pAMR0,3,8,False,False,False,False,2021-12-21,2022-02-22,28.0,35.0,0R,pAMR0,False,False,False,False
S2207350,patient_8a989ce38f711fa1,S2207350,2022-02-22,1,exp3,0R,pAMR0,4,8,False,False,False,False,2022-01-18,2022-04-05,35.0,42.0,0R,pAMR0,False,False,False,False
S2213274,patient_8a989ce38f711fa1,S2213274,2022-04-05,1,exp3,0R,pAMR0,5,8,False,False,False,False,2022-02-22,2022-05-31,42.0,56.0,0R,pAMR0,False,False,False,False
S2222062,patient_8a989ce38f711fa1,S2222062,2022-05-31,1,exp3,0R,pAMR0,6,8,False,False,False,False,2022-04-05,2022-08-16,56.0,77.0,0R,pAMR0,False,False,False,False
S2234200,patient_8a989ce38f711fa1,S2234200,2022-08-16,1,exp3,0R,pAMR0,7,8,False,False,False,False,2022-05-31,2022-11-22,77.0,98.0,0R,pAMR0,False,False,False,False
S2248983,patient_8a989ce38f711fa1,S2248983,2022-11-22,1,exp3,0R,pAMR0,8,8,False,False,False,False,2022-08-16,,98.0,,,,,,,
S2300363,patient_937267369badf303,S2300363,2023-01-03,2,exp3,0R,pAMR0,1,4,False,False,False,False,,2023-02-21,,49.0,1R,pAMR0,True,False,False,True
S2308043,patient_937267369badf303,S2308043,2023-02-21,1,exp3,1R,pAMR0,2,4,True,False,False,True,2023-01-03,2023-03-21,49.0,28.0,0R,pAMR0,False,False,False,False
S2312323,patient_937267369badf303,S2312323,2023-03-21,1,exp3,0R,pAMR0,3,4,False,False,False,False,2023-02-21,2023-05-09,28.0,49.0,0R,pAMR0,False,False,False,False
S2319878,patient_937267369badf303,S2319878,2023-05-09,1,exp3,0R,pAMR0,4,4,False,False,False,False,2023-03-21,,49.0,,,,,,,
S2250149,patient_93ac78fffd137473,S2250149,2022-11-29,3,exp3,1R,pAMR0,1,2,True,False,False,True,,2023-07-11,,224.0,0R,pAMR0,False,False,False,False
S2329753,patient_93ac78fffd137473,S2329753,2023-07-11,1,exp3,0R,pAMR0,2,2,False,False,False,False,2022-11-29,,224.0,,,,,,,
S2530985,patient_9665aa8b62656cf9,S2530985,2025-09-30,1,exp3,0R,pAMR0,1,2,False,False,False,False,,2025-10-14,,14.0,0R,pAMR0,False,False,False,False
S2531985,patient_9665aa8b62656cf9,S2531985,2025-10-14,1,exp3,0R,pAMR0,2,2,False,False,False,False,2025-09-30,,14.0,,,,,,,
S2424258,patient_9801877d2987cc96,S2424258,2024-08-20,4,exp3,0R,pAMR0,1,1,False,False,False,False,,,,,,,,,,
S2133158,patient_98877b8b3d3e8763,S2133158,2021-08-03,1,exp3,0R,pAMR0,1,6,False,False,False,False,,2021-09-13,,41.0,1R,pAMR0,True,False,False,True
S2140147,patient_98877b8b3d3e8763,S2140147,2021-09-13,1,exp3,1R,pAMR0,2,6,True,False,False,True,2021-08-03,2021-11-02,41.0,50.0,1R,pAMR0,True,False,False,True
S2147205,patient_98877b8b3d3e8763,S2147205,2021-11-02,2,exp3,1R,pAMR0,3,6,True,False,False,True,2021-09-13,2022-01-10,50.0,69.0,0R,pAMR0,False,False,False,False
S2201380,patient_98877b8b3d3e8763,S2201380,2022-01-10,2,exp3,0R,pAMR0,4,6,False,False,False,False,2021-11-02,2022-03-22,69.0,71.0,0R,pAMR0,False,False,False,False
S2211180,patient_98877b8b3d3e8763,S2211180,2022-03-22,1,exp3,0R,pAMR0,5,6,False,False,False,False,2022-01-10,2022-06-21,71.0,91.0,0R,pAMR0,False,False,False,False
S2225226,patient_98877b8b3d3e8763,S2225226,2022-06-21,1,exp3,0R,pAMR0,6,6,False,False,False,False,2022-03-22,,91.0,,,,,,,
S2111062,patient_9b81a2766f087b27,S2111062,2021-03-16,3,exp3,1R,pAMR0,1,5,True,False,False,True,,2021-04-06,,21.0,0R,pAMR0,False,False,False,False
S2114402,patient_9b81a2766f087b27,S2114402,2021-04-06,1,exp3,0R,pAMR0,2,5,False,False,False,False,2021-03-16,2021-05-11,21.0,35.0,0R,pAMR2,False,False,True,True
S2119964,patient_9b81a2766f087b27,S2119964,2021-05-11,3,exp3,0R,pAMR2,3,5,False,False,True,True,2021-04-06,2021-11-23,35.0,196.0,1R,pAMR1,True,False,True,True
S2150495,patient_9b81a2766f087b27,S2150495,2021-11-23,3,exp3,1R,pAMR1,4,5,True,False,True,True,2021-05-11,2022-03-08,196.0,105.0,0R,pAMR0,False,False,False,False
S2209234,patient_9b81a2766f087b27,S2209234,2022-03-08,3,exp3,0R,pAMR0,5,5,False,False,False,False,2021-11-23,,105.0,,,,,,,
S2332144,patient_a533d77edf530d7d,S2332144,2023-07-25,5,exp3,0R,pAMR0,1,9,False,False,False,False,,2023-08-08,,14.0,0R,pAMR0,False,False,False,False
S2334386,patient_a533d77edf530d7d,S2334386,2023-08-08,2,exp3,0R,pAMR0,2,9,False,False,False,False,2023-07-25,2023-09-05,14.0,28.0,1R,pAMR0,True,False,False,True
S2338786,patient_a533d77edf530d7d,S2338786,2023-09-05,1,exp3,1R,pAMR0,3,9,True,False,False,True,2023-08-08,2023-10-11,28.0,36.0,0R,pAMR0,False,False,False,False
S2343314,patient_a533d77edf530d7d,S2343314,2023-10-11,1,exp3,0R,pAMR0,4,9,False,False,False,False,2023-09-05,2023-10-27,36.0,16.0,1R,pAMR0,True,False,False,True
S2346179,patient_a533d77edf530d7d,S2346179,2023-10-27,5,exp3,1R,pAMR0,5,9,True,False,False,True,2023-10-11,2023-11-14,16.0,18.0,0R,pAMR0,False,False,False,False
S2348398,patient_a533d77edf530d7d,S2348398,2023-11-14,1,exp3,0R,pAMR0,6,9,False,False,False,False,2023-10-27,2023-12-12,18.0,28.0,1R,pAMR0,True,False,False,True
S2352825,patient_a533d77edf530d7d,S2352825,2023-12-12,1,exp3,1R,pAMR0,7,9,True,False,False,True,2023-11-14,2024-01-16,28.0,35.0,0R,pAMR0,False,False,False,False
S2402484,patient_a533d77edf530d7d,S2402484,2024-01-16,6,exp3,0R,pAMR0,8,9,False,False,False,False,2023-12-12,2024-07-16,35.0,182.0,0R,pAMR0,False,False,False,False
S2420603,patient_a533d77edf530d7d,S2420603,2024-07-16,3,exp3,0R,pAMR0,9,9,False,False,False,False,2024-01-16,,182.0,,,,,,,
S2524777,patient_a73e0921802886c1,S2524777,2025-08-12,2,exp3,0R,pAMR0,1,1,False,False,False,False,,,,,,,,,,
S2253529,patient_ab45843e8e5c5823,S2253529,2022-12-20,1,exp3,0R,pAMR0,1,8,False,False,False,False,,2023-01-03,,14.0,0R,pAMR0,False,False,False,False
S2300361,patient_ab45843e8e5c5823,S2300361,2023-01-03,2,exp3,0R,pAMR0,2,8,False,False,False,False,2022-12-20,2023-02-08,14.0,36.0,1R,pAMR0,True,False,False,True
S2306015,patient_ab45843e8e5c5823,S2306015,2023-02-08,1,exp3,1R,pAMR0,3,8,True,False,False,True,2023-01-03,2023-03-07,36.0,27.0,0R,pAMR0,False,False,False,False
S2310079,patient_ab45843e8e5c5823,S2310079,2023-03-07,1,exp3,0R,pAMR0,4,8,False,False,False,False,2023-02-08,2023-04-11,27.0,35.0,1R,pAMR0,True,False,False,True
S2315841,patient_ab45843e8e5c5823,S2315841,2023-04-11,2,exp3,1R,pAMR0,5,8,True,False,False,True,2023-03-07,2023-06-13,35.0,63.0,0R,pAMR0,False,False,False,False
S2325143,patient_ab45843e8e5c5823,S2325143,2023-06-13,1,exp3,0R,pAMR0,6,8,False,False,False,False,2023-04-11,2023-09-12,63.0,91.0,0R,pAMR0,False,False,False,False
S2339820,patient_ab45843e8e5c5823,S2339820,2023-09-12,1,exp3,0R,pAMR0,7,8,False,False,False,False,2023-06-13,2023-12-05,91.0,84.0,1R,pAMR0,True,False,False,True
S2351751,patient_ab45843e8e5c5823,S2351751,2023-12-05,1,exp3,1R,pAMR0,8,8,True,False,False,True,2023-09-12,,84.0,,,,,,,
S2142816,patient_aca1fffca0191542,S2142816,2021-10-05,1,exp3,0R,pAMR0,1,3,False,False,False,False,,2022-03-22,,168.0,0R,pAMR0,False,False,False,False
S2211179,patient_aca1fffca0191542,S2211179,2022-03-22,1,exp3,0R,pAMR0,2,3,False,False,False,False,2021-10-05,2023-08-01,168.0,497.0,0R,pAMR0,False,False,False,False
S2333273,patient_aca1fffca0191542,S2333273,2023-08-01,4,exp3,0R,pAMR0,3,3,False,False,False,False,2022-03-22,,497.0,,,,,,,
S2314591,patient_ad7be783b5ff7f03,S2314591,2023-04-04,3,exp3,0R,pAMR0,1,4,False,False,False,False,,2023-04-18,,14.0,0R,pAMR0,False,False,False,False
S2316900,patient_ad7be783b5ff7f03,S2316900,2023-04-18,1,exp3,0R,pAMR0,2,4,False,False,False,False,2023-04-04,2023-07-11,14.0,84.0,1R,pAMR0,True,False,False,True
S2329756,patient_ad7be783b5ff7f03,S2329756,2023-07-11,3,exp3,1R,pAMR0,3,4,True,False,False,True,2023-04-18,2024-03-26,84.0,259.0,0R,pAMR0,False,False,False,False
S2410458,patient_ad7be783b5ff7f03,S2410458,2024-03-26,1,exp3,0R,pAMR0,4,4,False,False,False,False,2023-07-11,,259.0,,,,,,,
S2153833,patient_ae0f85572ff16638,S2153833,2021-12-14,1,exp3,0R,pAMR0,1,2,False,False,False,False,,2023-03-14,,455.0,0R,pAMR0,False,False,False,False
S2311234,patient_ae0f85572ff16638,S2311234,2023-03-14,1,exp3,0R,pAMR0,2,2,False,False,False,False,2021-12-14,,455.0,,,,,,,
S1617719,patient_b23d492122e26e1e,S1617719,2015-09-12,1,mrxs13,2R,pAMR0,1,1,True,True,False,True,,,,,,,,,,
S2140143,patient_b2bad17607c44f10,S2140143,2021-09-14,1,exp3,0R,pAMR0,1,1,False,False,False,False,,,,,,,,,,
S2152682,patient_b708165a33e7dbc1,S2152682,2021-12-07,3,exp3,0R,pAMR0,1,1,False,False,False,False,,,,,,,,,,
S2149393,patient_b824bfb064fb2de4,S2149393,2021-11-16,3,exp3,0R,pAMR0,1,5,False,False,False,False,,2022-01-04,,49.0,1R,pAMR0,True,False,False,True
S2200310,patient_b824bfb064fb2de4,S2200310,2022-01-04,2,exp3,1R,pAMR0,2,5,True,False,False,True,2021-11-16,2022-02-15,49.0,42.0,1R,pAMR0,True,False,False,True
S2206287,patient_b824bfb064fb2de4,S2206287,2022-02-15,1,exp3,1R,pAMR0,3,5,True,False,False,True,2022-01-04,2022-03-15,42.0,28.0,1R,pAMR0,True,False,False,True
S2210202,patient_b824bfb064fb2de4,S2210202,2022-03-15,4,exp3,1R,pAMR0,4,5,True,False,False,True,2022-02-15,2022-04-26,28.0,42.0,0R,pAMR0,False,False,False,False
S2216631,patient_b824bfb064fb2de4,S2216631,2022-04-26,3,exp3,0R,pAMR0,5,5,False,False,False,False,2022-03-15,,42.0,,,,,,,
S1952033,patient_bcb7482156d628d4,S1952033,2019-12-03,1,exp3,2R,pAMR0,1,1,True,True,False,True,,,,,,,,,,
S2436454,patient_bdc3f4ebb82da82e,S2436454,2024-12-17,2,exp3,0R,pAMR0,1,5,False,False,False,False,,2024-12-31,,14.0,0R,pAMR1,False,False,True,True
S2437882,patient_bdc3f4ebb82da82e,S2437882,2024-12-31,6,exp3,0R,pAMR1,2,5,False,False,True,True,2024-12-17,2025-02-04,14.0,35.0,1R,pAMR0,True,False,False,True
S2503127,patient_bdc3f4ebb82da82e,S2503127,2025-02-04,5,exp3,1R,pAMR0,3,5,True,False,False,True,2024-12-31,2025-03-11,35.0,35.0,1R,pAMR0,True,False,False,True
S2506960,patient_bdc3f4ebb82da82e,S2506960,2025-03-11,5,exp3,1R,pAMR0,4,5,True,False,False,True,2025-02-04,2025-06-10,35.0,91.0,1R,pAMR0,True,False,False,True
S2516970,patient_bdc3f4ebb82da82e,S2516970,2025-06-10,6,exp3,1R,pAMR0,5,5,True,False,False,True,2025-03-11,,91.0,,,,,,,
S2400070,patient_c18ca7616a5ad1b6,S2400070,2024-01-02,1,exp3,0R,pAMR0,1,6,False,False,False,False,,2024-01-31,,29.0,0R,pAMR0,False,False,False,False
S2405217,patient_c18ca7616a5ad1b6,S2405217,2024-01-31,1,exp3,0R,pAMR0,2,6,False,False,False,False,2024-01-02,2024-02-27,29.0,27.0,0R,pAMR0,False,False,False,False
S2408482,patient_c18ca7616a5ad1b6,S2408482,2024-02-27,1,exp3,0R,pAMR0,3,6,False,False,False,False,2024-01-31,2024-04-16,27.0,49.0,0R,pAMR0,False,False,False,False
S2412061,patient_c18ca7616a5ad1b6,S2412061,2024-04-16,2,exp3,0R,pAMR0,4,6,False,False,False,False,2024-02-27,2024-05-21,49.0,35.0,0R,pAMR0,False,False,False,False
S2414954,patient_c18ca7616a5ad1b6,S2414954,2024-05-21,2,exp3,0R,pAMR0,5,6,False,False,False,False,2024-04-16,2024-11-26,35.0,189.0,0R,pAMR0,False,False,False,False
S2434134,patient_c18ca7616a5ad1b6,S2434134,2024-11-26,2,exp3,0R,pAMR0,6,6,False,False,False,False,2024-05-21,,189.0,,,,,,,
S2420604,patient_c2ec040a2ccee825,S2420604,2024-07-16,2,exp3,0R,pAMR0,1,5,False,False,False,False,,2024-08-06,,21.0,0R,pAMR0,False,False,False,False
S2422845,patient_c2ec040a2ccee825,S2422845,2024-08-06,2,exp3,0R,pAMR0,2,5,False,False,False,False,2024-07-16,2025-01-21,21.0,168.0,0R,pAMR0,False,False,False,False
S2502090,patient_c2ec040a2ccee825,S2502090,2025-01-21,1,exp3,0R,pAMR0,3,5,False,False,False,False,2024-08-06,2025-04-15,168.0,84.0,1R,pAMR0,True,False,False,True
S2511010,patient_c2ec040a2ccee825,S2511010,2025-04-15,2,exp3,1R,pAMR0,4,5,True,False,False,True,2025-01-21,2025-07-08,84.0,84.0,0R,pAMR0,False,False,False,False
S2520404,patient_c2ec040a2ccee825,S2520404,2025-07-08,3,exp3,0R,pAMR0,5,5,False,False,False,False,2025-04-15,,84.0,,,,,,,
S2023420,patient_c36c6085637e7294,S2023420,2020-06-16,1,exp3,1R,pAMR0,1,1,True,False,False,True,,,,,,,,,,
S2228787,patient_c37c171d859fe24a,S2228787,2022-07-12,1,exp3,0R,pAMR0,1,7,False,False,False,False,,2022-08-30,,49.0,0R,pAMR0,False,False,False,False
S2236494,patient_c37c171d859fe24a,S2236494,2022-08-30,3,exp3,0R,pAMR0,2,7,False,False,False,False,2022-07-12,2022-10-25,49.0,56.0,0R,pAMR0,False,False,False,False
S2244729,patient_c37c171d859fe24a,S2244729,2022-10-25,1,exp3,0R,pAMR0,3,7,False,False,False,False,2022-08-30,2022-12-06,56.0,42.0,1R,pAMR0,True,False,False,True
S2251247,patient_c37c171d859fe24a,S2251247,2022-12-06,1,exp3,1R,pAMR0,4,7,True,False,False,True,2022-10-25,2023-01-17,42.0,42.0,0R,pAMR0,False,False,False,False
S2302644,patient_c37c171d859fe24a,S2302644,2023-01-17,1,exp3,0R,pAMR0,5,7,False,False,False,False,2022-12-06,2023-03-28,42.0,70.0,1R,pAMR0,True,False,False,True
S2313436,patient_c37c171d859fe24a,S2313436,2023-03-28,1,exp3,1R,pAMR0,6,7,True,False,False,True,2023-01-17,2023-06-20,70.0,84.0,0R,pAMR0,False,False,False,False
S2326329,patient_c37c171d859fe24a,S2326329,2023-06-20,1,exp3,0R,pAMR0,7,7,False,False,False,False,2023-03-28,,84.0,,,,,,,
S2026719,patient_c3e63af2007e7042,S2026719,2020-02-05,1,mrxs13,2R,pAMR0,1,1,True,True,False,True,,,,,,,,,,
S2144972,patient_c6c209e2aecc9280,S2144972,2021-10-19,3,exp3,0R,pAMR0,1,1,False,False,False,False,,,,,,,,,,
S2147204,patient_c78561b4938dbb4c,S2147204,2021-11-02,4,exp3,0R,pAMR0,1,5,False,False,False,False,,2021-11-23,,21.0,1R,pAMR0,True,False,False,True
S2150493,patient_c78561b4938dbb4c,S2150493,2021-11-23,1,exp3,1R,pAMR0,2,5,True,False,False,True,2021-11-02,2022-03-08,21.0,105.0,0R,pAMR0,False,False,False,False
S2209236,patient_c78561b4938dbb4c,S2209236,2022-03-08,1,exp3,0R,pAMR0,3,5,False,False,False,False,2021-11-23,2022-04-19,105.0,42.0,0R,pAMR0,False,False,False,False
S2215450,patient_c78561b4938dbb4c,S2215450,2022-04-19,1,exp3,0R,pAMR0,4,5,False,False,False,False,2022-03-08,2022-10-25,42.0,189.0,0R,pAMR0,False,False,False,False
S2244730,patient_c78561b4938dbb4c,S2244730,2022-10-25,1,exp3,0R,pAMR0,5,5,False,False,False,False,2022-04-19,,189.0,,,,,,,
S2202565,patient_c85fe67257ac09be,S2202565,2022-01-18,1,exp3,0R,pAMR0,1,7,False,False,False,False,,2022-02-22,,35.0,0R,pAMR0,False,False,False,False
S2207349,patient_c85fe67257ac09be,S2207349,2022-02-22,1,exp3,0R,pAMR0,2,7,False,False,False,False,2022-01-18,2022-03-15,35.0,21.0,1R,pAMR0,True,False,False,True
S2210204,patient_c85fe67257ac09be,S2210204,2022-03-15,3,exp3,1R,pAMR0,3,7,True,False,False,True,2022-02-22,2022-04-26,21.0,42.0,0R,pAMR0,False,False,False,False
S2216630,patient_c85fe67257ac09be,S2216630,2022-04-26,2,exp3,0R,pAMR0,4,7,False,False,False,False,2022-03-15,2022-05-24,42.0,28.0,1R,pAMR0,True,False,False,True
S2220918,patient_c85fe67257ac09be,S2220918,2022-05-24,1,exp3,1R,pAMR0,5,7,True,False,False,True,2022-04-26,2022-07-05,28.0,42.0,1R,pAMR0,True,False,False,True
S2227608,patient_c85fe67257ac09be,S2227608,2022-07-05,3,exp3,1R,pAMR0,6,7,True,False,False,True,2022-05-24,2022-10-04,42.0,91.0,1R,pAMR0,True,False,False,True
S2241560,patient_c85fe67257ac09be,S2241560,2022-10-04,1,exp3,1R,pAMR0,7,7,True,False,False,True,2022-07-05,,91.0,,,,,,,
S2232190,patient_c9e9f5e0f0aab167,S2232190,2022-08-02,3,exp3,0R,pAMR1,1,6,False,False,True,True,,2022-08-16,,14.0,1R,pAMR0,True,False,False,True
S2234197,patient_c9e9f5e0f0aab167,S2234197,2022-08-16,3,exp3,1R,pAMR0,2,6,True,False,False,True,2022-08-02,2022-09-20,14.0,35.0,0R,pAMR0,False,False,False,False
S2239524,patient_c9e9f5e0f0aab167,S2239524,2022-09-20,3,exp3,0R,pAMR0,3,6,False,False,False,False,2022-08-16,2022-10-18,35.0,28.0,1R,pAMR0,True,False,False,True
S2243622,patient_c9e9f5e0f0aab167,S2243622,2022-10-18,3,exp3,1R,pAMR0,4,6,True,False,False,True,2022-09-20,2022-12-06,28.0,49.0,0R,pAMR0,False,False,False,False
S2251250,patient_c9e9f5e0f0aab167,S2251250,2022-12-06,3,exp3,0R,pAMR0,5,6,False,False,False,False,2022-10-18,2023-09-05,49.0,273.0,0R,pAMR0,False,False,False,False
S2338784,patient_c9e9f5e0f0aab167,S2338784,2023-09-05,6,exp3,0R,pAMR0,6,6,False,False,False,False,2022-12-06,,273.0,,,,,,,
S2212213,patient_cafa503bd84738e6,S2212213,2022-03-29,1,exp3,1R,pAMR0,1,8,True,False,False,True,,2022-04-19,,21.0,1R,pAMR0,True,False,False,True
S2215449,patient_cafa503bd84738e6,S2215449,2022-04-19,1,exp3,1R,pAMR0,2,8,True,False,False,True,2022-03-29,2022-05-17,21.0,28.0,0R,pAMR0,False,False,False,False
S2219754,patient_cafa503bd84738e6,S2219754,2022-05-17,1,exp3,0R,pAMR0,3,8,False,False,False,False,2022-04-19,2022-06-14,28.0,28.0,0R,pAMR0,False,False,False,False
S2224008,patient_cafa503bd84738e6,S2224008,2022-06-14,1,exp3,0R,pAMR0,4,8,False,False,False,False,2022-05-17,2022-08-02,28.0,49.0,1R,pAMR0,True,False,False,True
S2232193,patient_cafa503bd84738e6,S2232193,2022-08-02,1,exp3,1R,pAMR0,5,8,True,False,False,True,2022-06-14,2022-09-20,49.0,49.0,0R,pAMR0,False,False,False,False
S2239525,patient_cafa503bd84738e6,S2239525,2022-09-20,1,exp3,0R,pAMR0,6,8,False,False,False,False,2022-08-02,2022-12-20,49.0,91.0,0R,pAMR0,False,False,False,False
S2253527,patient_cafa503bd84738e6,S2253527,2022-12-20,1,exp3,0R,pAMR0,7,8,False,False,False,False,2022-09-20,2023-03-21,91.0,91.0,0R,pAMR0,False,False,False,False
S2312317,patient_cafa503bd84738e6,S2312317,2023-03-21,1,exp3,0R,pAMR0,8,8,False,False,False,False,2022-12-20,,91.0,,,,,,,
S2227605,patient_d074d89175786c47,S2227605,2022-07-05,1,exp3,0R,pAMR0,1,8,False,False,False,False,,2022-07-26,,21.0,0R,pAMR0,False,False,False,False
S2231089,patient_d074d89175786c47,S2231089,2022-07-26,2,exp3,0R,pAMR0,2,8,False,False,False,False,2022-07-05,2022-08-30,21.0,35.0,0R,pAMR0,False,False,False,False
S2236496,patient_d074d89175786c47,S2236496,2022-08-30,1,exp3,0R,pAMR0,3,8,False,False,False,False,2022-07-26,2022-10-11,35.0,42.0,0R,pAMR0,False,False,False,False
S2242501,patient_d074d89175786c47,S2242501,2022-10-11,1,exp3,0R,pAMR0,4,8,False,False,False,False,2022-08-30,2022-11-29,42.0,49.0,0R,pAMR0,False,False,False,False
S2250151,patient_d074d89175786c47,S2250151,2022-11-29,1,exp3,0R,pAMR0,5,8,False,False,False,False,2022-10-11,2023-01-31,49.0,63.0,0R,pAMR0,False,False,False,False
S2304564,patient_d074d89175786c47,S2304564,2023-01-31,1,exp3,0R,pAMR0,6,8,False,False,False,False,2022-11-29,2023-04-11,63.0,70.0,0R,pAMR0,False,False,False,False
S2315840,patient_d074d89175786c47,S2315840,2023-04-11,6,exp3,0R,pAMR0,7,8,False,False,False,False,2023-01-31,2023-06-27,70.0,77.0,0R,pAMR0,False,False,False,False
S2327489,patient_d074d89175786c47,S2327489,2023-06-27,6,exp3,0R,pAMR0,8,8,False,False,False,False,2023-04-11,,77.0,,,,,,,
S2025604,patient_d0ac17aca0bf514d,S2025604,2020-06-30,3,exp3,0R,pAMR1,1,2,False,False,True,True,,2020-07-21,,21.0,0R,pAMR1,False,False,True,True
S2028921,patient_d0ac17aca0bf514d,S2028921,2020-07-21,3,exp3,0R,pAMR1,2,2,False,False,True,True,2020-06-30,,21.0,,,,,,,
S2406754,patient_d4019523cc8c8335,S2406754,2024-02-13,8,exp3,0R,pAMR0,1,5,False,False,False,False,,2024-02-27,,14.0,0R,pAMR0,False,False,False,False
S2408480,patient_d4019523cc8c8335,S2408480,2024-02-27,1,exp3,0R,pAMR0,2,5,False,False,False,False,2024-02-13,2024-04-02,14.0,35.0,0R,pAMR0,False,False,False,False
S2411030,patient_d4019523cc8c8335,S2411030,2024-04-02,5,exp3,0R,pAMR0,3,5,False,False,False,False,2024-02-27,2024-07-02,35.0,91.0,0R,pAMR0,False,False,False,False
S2419119,patient_d4019523cc8c8335,S2419119,2024-07-02,2,exp3,0R,pAMR0,4,5,False,False,False,False,2024-04-02,2024-10-17,91.0,107.0,0R,pAMR0,False,False,False,False
S2430053,patient_d4019523cc8c8335,S2430053,2024-10-17,6,exp3,0R,pAMR0,5,5,False,False,False,False,2024-07-02,,107.0,,,,,,,
S2327690,patient_d48fc489086a470f,S2327690,2023-06-28,4,exp3,1R,pAMR0,1,6,True,False,False,True,,2023-07-18,,20.0,0R,pAMR0,False,False,False,False
S2330983,patient_d48fc489086a470f,S2330983,2023-07-18,2,exp3,0R,pAMR0,2,6,False,False,False,False,2023-06-28,2023-08-22,20.0,35.0,0R,pAMR0,False,False,False,False
S2336496,patient_d48fc489086a470f,S2336496,2023-08-22,1,exp3,0R,pAMR0,3,6,False,False,False,False,2023-07-18,2023-10-10,35.0,49.0,1R,pAMR0,True,False,False,True
S2343312,patient_d48fc489086a470f,S2343312,2023-10-10,1,exp3,1R,pAMR0,4,6,True,False,False,True,2023-08-22,2023-11-28,49.0,49.0,2R,pAMR0,True,True,False,True
S2350730,patient_d48fc489086a470f,S2350730,2023-11-28,4,exp3,2R,pAMR0,5,6,True,True,False,True,2023-10-10,2024-04-23,49.0,147.0,0R,pAMR0,False,False,False,False
S2412714,patient_d48fc489086a470f,S2412714,2024-04-23,2,exp3,0R,pAMR0,6,6,False,False,False,False,2023-11-28,,147.0,,,,,,,
S2413769,patient_d4c07874dec8cc11,S2413769,2024-05-07,9,exp3,0R,pAMR0,1,4,False,False,False,False,,2024-09-10,,126.0,0R,pAMR0,False,False,False,False
S2426614,patient_d4c07874dec8cc11,S2426614,2024-09-10,6,exp3,0R,pAMR0,2,4,False,False,False,False,2024-05-07,2024-11-26,126.0,77.0,1R,pAMR0,True,False,False,True
S2434133,patient_d4c07874dec8cc11,S2434133,2024-11-26,2,exp3,1R,pAMR0,3,4,True,False,False,True,2024-09-10,2025-02-25,77.0,91.0,0R,pAMR0,False,False,False,False
S2505508,patient_d4c07874dec8cc11,S2505508,2025-02-25,5,exp3,0R,pAMR0,4,4,False,False,False,False,2024-11-26,,91.0,,,,,,,
S2133159,patient_d66d976aaae8f399,S2133159,2021-08-03,3,exp3,0R,pAMR0,1,7,False,False,False,False,,2021-08-17,,14.0,1R,pAMR0,True,False,False,True
S2135429,patient_d66d976aaae8f399,S2135429,2021-08-17,1,exp3,1R,pAMR0,2,7,True,False,False,True,2021-08-03,2021-09-14,14.0,28.0,1R,pAMR0,True,False,False,True
S2140145,patient_d66d976aaae8f399,S2140145,2021-09-14,1,exp3,1R,pAMR0,3,7,True,False,False,True,2021-08-17,2021-10-11,28.0,27.0,1R,pAMR0,True,False,False,True
S2143764,patient_d66d976aaae8f399,S2143764,2021-10-11,1,exp3,1R,pAMR0,4,7,True,False,False,True,2021-09-14,2022-01-18,27.0,99.0,0R,pAMR0,False,False,False,False
S2202567,patient_d66d976aaae8f399,S2202567,2022-01-18,1,exp3,0R,pAMR0,5,7,False,False,False,False,2021-10-11,2022-04-05,99.0,77.0,0R,pAMR0,False,False,False,False
S2213275,patient_d66d976aaae8f399,S2213275,2022-04-05,1,exp3,0R,pAMR0,6,7,False,False,False,False,2022-01-18,2022-07-12,77.0,98.0,0R,pAMR0,False,False,False,False
S2228788,patient_d66d976aaae8f399,S2228788,2022-07-12,1,exp3,0R,pAMR0,7,7,False,False,False,False,2022-04-05,,98.0,,,,,,,
S1742935,patient_d6cfcefaa656e6ae,S1742935,2017-02-28,1,mrxs13,2R,pAMR0,1,1,True,True,False,True,,,,,,,,,,
S2133157,patient_d772dd268706e1cf,S2133157,2021-08-03,1,exp3,1R,pAMR0,1,4,True,False,False,True,,2021-11-23,,112.0,1R,pAMR0,True,False,False,True
S2150490,patient_d772dd268706e1cf,S2150490,2021-11-23,1,exp3,1R,pAMR0,2,4,True,False,False,True,2021-08-03,2022-01-25,112.0,63.0,0R,pAMR0,False,False,False,False
S2203737,patient_d772dd268706e1cf,S2203737,2022-01-25,1,exp3,0R,pAMR0,3,4,False,False,False,False,2021-11-23,2022-04-19,63.0,84.0,1R,pAMR0,True,False,False,True
S2215453,patient_d772dd268706e1cf,S2215453,2022-04-19,1,exp3,1R,pAMR0,4,4,True,False,False,True,2022-01-25,,84.0,,,,,,,
S2511009,patient_d7b8077abb2db045,S2511009,2025-04-15,2,exp3,0R,pAMR0,1,5,False,False,False,False,,2025-04-29,,14.0,0R,pAMR0,False,False,False,False
S2512685,patient_d7b8077abb2db045,S2512685,2025-04-29,2,exp3,0R,pAMR0,2,5,False,False,False,False,2025-04-15,2025-07-08,14.0,70.0,0R,pAMR0,False,False,False,False
S2520402,patient_d7b8077abb2db045,S2520402,2025-07-08,1,exp3,0R,pAMR0,3,5,False,False,False,False,2025-04-29,2025-08-19,70.0,42.0,0R,pAMR0,False,False,False,False
S2525436,patient_d7b8077abb2db045,S2525436,2025-08-19,1,exp3,0R,pAMR0,4,5,False,False,False,False,2025-07-08,2025-09-30,42.0,42.0,0R,pAMR0,False,False,False,False
S2530981,patient_d7b8077abb2db045,S2530981,2025-09-30,1,exp3,0R,pAMR0,5,5,False,False,False,False,2025-08-19,,42.0,,,,,,,
S2404885,patient_d82abebcfaf082f8,S2404885,2024-01-30,1,exp3,0R,pAMR0,1,3,False,False,False,False,,2024-02-20,,21.0,0R,pAMR0,False,False,False,False
S2407941,patient_d82abebcfaf082f8,S2407941,2024-02-20,3,exp3,0R,pAMR0,2,3,False,False,False,False,2024-01-30,2024-08-06,21.0,168.0,0R,pAMR0,False,False,False,False
S2422844,patient_d82abebcfaf082f8,S2422844,2024-08-06,2,exp3,0R,pAMR0,3,3,False,False,False,False,2024-02-20,,168.0,,,,,,,
S2108731,patient_d8e20f6cc2cd90d6,S2108731,2021-03-02,1,exp3,1R,pAMR0,1,3,True,False,False,True,,2021-08-17,,168.0,0R,pAMR0,False,False,False,False
S2135432,patient_d8e20f6cc2cd90d6,S2135432,2021-08-17,1,exp3,0R,pAMR0,2,3,False,False,False,False,2021-03-02,2021-10-05,168.0,49.0,1R,pAMR0,True,False,False,True
S2142818,patient_d8e20f6cc2cd90d6,S2142818,2021-10-05,1,exp3,1R,pAMR0,3,3,True,False,False,True,2021-08-17,,49.0,,,,,,,
S2330984,patient_dd2e6df63e5c36b4,S2330984,2023-07-18,3,exp3,0R,pAMR0,1,6,False,False,False,False,,2023-08-08,,21.0,0R,pAMR0,False,False,False,False
S2334388,patient_dd2e6df63e5c36b4,S2334388,2023-08-08,2,exp3,0R,pAMR0,2,6,False,False,False,False,2023-07-18,2023-09-05,21.0,28.0,0R,pAMR0,False,False,False,False
S2338783,patient_dd2e6df63e5c36b4,S2338783,2023-09-05,3,exp3,0R,pAMR0,3,6,False,False,False,False,2023-08-08,2023-10-10,28.0,35.0,0R,pAMR0,False,False,False,False
S2343311,patient_dd2e6df63e5c36b4,S2343311,2023-10-10,1,exp3,0R,pAMR0,4,6,False,False,False,False,2023-09-05,2024-02-20,35.0,133.0,0R,pAMR0,False,False,False,False
S2407940,patient_dd2e6df63e5c36b4,S2407940,2024-02-20,1,exp3,0R,pAMR0,5,6,False,False,False,False,2023-10-10,2024-07-23,133.0,154.0,0R,pAMR0,False,False,False,False
S2421430,patient_dd2e6df63e5c36b4,S2421430,2024-07-23,2,exp3,0R,pAMR0,6,6,False,False,False,False,2024-02-20,,154.0,,,,,,,
S2143766,patient_dd7e0e39c92e25b4,S2143766,2021-10-12,3,exp3,1R,pAMR0,1,7,True,False,False,True,,2021-11-23,,42.0,1R,pAMR0,True,False,False,True
S2150494,patient_dd7e0e39c92e25b4,S2150494,2021-11-23,1,exp3,1R,pAMR0,2,7,True,False,False,True,2021-10-12,2021-12-21,42.0,28.0,0R,pAMR0,False,False,False,False
S2154963,patient_dd7e0e39c92e25b4,S2154963,2021-12-21,1,exp3,0R,pAMR0,3,7,False,False,False,False,2021-11-23,2022-01-25,28.0,35.0,0R,pAMR0,False,False,False,False
S2203735,patient_dd7e0e39c92e25b4,S2203735,2022-01-25,1,exp3,0R,pAMR0,4,7,False,False,False,False,2021-12-21,2022-03-15,35.0,49.0,1R,pAMR0,True,False,False,True
S2210200,patient_dd7e0e39c92e25b4,S2210200,2022-03-15,1,exp3,1R,pAMR0,5,7,True,False,False,True,2022-01-25,2022-07-18,49.0,125.0,0R,pAMR0,False,False,False,False
S2229969,patient_dd7e0e39c92e25b4,S2229969,2022-07-18,1,exp3,0R,pAMR0,6,7,False,False,False,False,2022-03-15,2022-09-27,125.0,71.0,1R,pAMR0,True,False,False,True
S2240724,patient_dd7e0e39c92e25b4,S2240724,2022-09-27,1,exp3,1R,pAMR0,7,7,True,False,False,True,2022-07-18,,71.0,,,,,,,
S1940063,patient_deef732d6ff00a78,S1940063,2019-05-21,1,mrxs13,0R,pAMR0,1,1,False,False,False,False,,,,,,,,,,
S2129801,patient_dfafa5c41a0ad944,S2129801,2021-07-13,3,exp3,1R,pAMR0,1,3,True,False,False,True,,2021-10-19,,98.0,0R,pAMR0,False,False,False,False
S2144967,patient_dfafa5c41a0ad944,S2144967,2021-10-19,1,exp3,0R,pAMR0,2,3,False,False,False,False,2021-07-13,2022-03-08,98.0,140.0,1R,pAMR0,True,False,False,True
S2209229,patient_dfafa5c41a0ad944,S2209229,2022-03-08,1,exp3,1R,pAMR0,3,3,True,False,False,True,2021-10-19,,140.0,,,,,,,
S2435689,patient_e21a88b284b1508e,S2435689,2024-12-10,2,exp3,0R,pAMR0,1,3,False,False,False,False,,2024-12-24,,14.0,0R,pAMR0,False,False,False,False
S2437280,patient_e21a88b284b1508e,S2437280,2024-12-24,1,exp3,0R,pAMR0,2,3,False,False,False,False,2024-12-10,2025-01-17,14.0,24.0,0R,pAMR0,False,False,False,False
S2501777,patient_e21a88b284b1508e,S2501777,2025-01-17,6,exp3,0R,pAMR0,3,3,False,False,False,False,2024-12-24,,24.0,,,,,,,
S2418586,patient_e430ff1077ac4267,S2418586,2024-06-26,4,exp3,0R,pAMR0,1,6,False,False,False,False,,2024-07-23,,27.0,0R,pAMR0,False,False,False,False
S2421434,patient_e430ff1077ac4267,S2421434,2024-07-23,6,exp3,0R,pAMR0,2,6,False,False,False,False,2024-06-26,2024-10-08,27.0,77.0,0R,pAMR0,False,False,False,False
S2429064,patient_e430ff1077ac4267,S2429064,2024-10-08,6,exp3,0R,pAMR0,3,6,False,False,False,False,2024-07-23,2024-11-05,77.0,28.0,0R,pAMR0,False,False,False,False
S2431864,patient_e430ff1077ac4267,S2431864,2024-11-05,2,exp3,0R,pAMR0,4,6,False,False,False,False,2024-10-08,2024-12-17,28.0,42.0,0R,pAMR1,False,False,True,True
S2436456,patient_e430ff1077ac4267,S2436456,2024-12-17,4,exp3,0R,pAMR1,5,6,False,False,True,True,2024-11-05,2025-01-21,42.0,35.0,0R,pAMR0,False,False,False,False
S2502092,patient_e430ff1077ac4267,S2502092,2025-01-21,3,exp3,0R,pAMR0,6,6,False,False,False,False,2024-12-17,,35.0,,,,,,,
S2304561,patient_e6981a9104ac664d,S2304561,2023-01-31,3,exp3,1R,pAMR0,1,7,True,False,False,True,,2023-02-15,,15.0,0R,pAMR0,False,False,False,False
S2307080,patient_e6981a9104ac664d,S2307080,2023-02-15,1,exp3,0R,pAMR0,2,7,False,False,False,False,2023-01-31,2023-03-14,15.0,27.0,1R,pAMR0,True,False,False,True
S2311238,patient_e6981a9104ac664d,S2311238,2023-03-14,3,exp3,1R,pAMR0,3,7,True,False,False,True,2023-02-15,2023-05-30,27.0,77.0,1R,pAMR0,True,False,False,True
S2323112,patient_e6981a9104ac664d,S2323112,2023-05-30,2,exp3,1R,pAMR0,4,7,True,False,False,True,2023-03-14,2023-07-18,77.0,49.0,0R,pAMR0,False,False,False,False
S2330986,patient_e6981a9104ac664d,S2330986,2023-07-18,1,exp3,0R,pAMR0,5,7,False,False,False,False,2023-05-30,2023-10-17,49.0,91.0,0R,pAMR0,False,False,False,False
S2344461,patient_e6981a9104ac664d,S2344461,2023-10-17,1,exp3,0R,pAMR0,6,7,False,False,False,False,2023-07-18,2024-01-16,91.0,91.0,0R,pAMR0,False,False,False,False
S2402482,patient_e6981a9104ac664d,S2402482,2024-01-16,1,exp3,0R,pAMR0,7,7,False,False,False,False,2023-10-17,,91.0,,,,,,,
S2327689,patient_e918692d7c80e65c,S2327689,2023-06-28,1,exp3,0R,pAMR0,1,4,False,False,False,False,,2023-07-18,,20.0,0R,pAMR0,False,False,False,False
S2330980,patient_e918692d7c80e65c,S2330980,2023-07-18,1,exp3,0R,pAMR0,2,4,False,False,False,False,2023-06-28,2023-08-30,20.0,43.0,0R,pAMR0,False,False,False,False
S2337812,patient_e918692d7c80e65c,S2337812,2023-08-30,1,exp3,0R,pAMR0,3,4,False,False,False,False,2023-07-18,2023-09-26,43.0,27.0,0R,pAMR0,False,False,False,False
S2342016,patient_e918692d7c80e65c,S2342016,2023-09-26,1,exp3,0R,pAMR0,4,4,False,False,False,False,2023-08-30,,27.0,,,,,,,
S2228790,patient_e9984333ac68159c,S2228790,2022-07-12,1,exp3,0R,pAMR0,1,5,False,False,False,False,,2022-08-02,,21.0,1R,pAMR0,True,False,False,True
S2232191,patient_e9984333ac68159c,S2232191,2022-08-02,2,exp3,1R,pAMR0,2,5,True,False,False,True,2022-07-12,2022-08-30,21.0,28.0,1R,pAMR0,True,False,False,True
S2236493,patient_e9984333ac68159c,S2236493,2022-08-30,3,exp3,1R,pAMR0,3,5,True,False,False,True,2022-08-02,2022-11-15,28.0,77.0,1R,pAMR0,True,False,False,True
S2247859,patient_e9984333ac68159c,S2247859,2022-11-15,1,exp3,1R,pAMR0,4,5,True,False,False,True,2022-08-30,2023-03-28,77.0,133.0,0R,pAMR0,False,False,False,False
S2313440,patient_e9984333ac68159c,S2313440,2023-03-28,4,exp3,0R,pAMR0,5,5,False,False,False,False,2022-11-15,,133.0,,,,,,,
S2406264,patient_ead6420f83248981,S2406264,2024-02-07,7,exp3,0R,pAMR0,1,4,False,False,False,False,,2024-02-20,,13.0,0R,pAMR0,False,False,False,False
S2407939,patient_ead6420f83248981,S2407939,2024-02-20,1,exp3,0R,pAMR0,2,4,False,False,False,False,2024-02-07,2024-03-12,13.0,21.0,0R,pAMR0,False,False,False,False
S2409392,patient_ead6420f83248981,S2409392,2024-03-12,1,exp3,0R,pAMR0,3,4,False,False,False,False,2024-02-20,2024-04-23,21.0,42.0,0R,pAMR0,False,False,False,False
S2412713,patient_ead6420f83248981,S2412713,2024-04-23,6,exp3,0R,pAMR0,4,4,False,False,False,False,2024-03-12,,42.0,,,,,,,
S2413340,patient_ecb730efd06bee78,S2413340,2024-04-30,6,exp3,0R,pAMR0,1,1,False,False,False,False,,,,,,,,,,
S2140148,patient_ee9cd313a306b367,S2140148,2021-09-14,1,exp3,0R,pAMR0,1,1,False,False,False,False,,,,,,,,,,
S2506967,patient_f02086679c6d7438,S2506967,2025-03-11,1,exp3,0R,pAMR0,1,3,False,False,False,False,,2025-03-25,,14.0,0R,pAMR0,False,False,False,False
S2508631,patient_f02086679c6d7438,S2508631,2025-03-25,2,exp3,0R,pAMR0,2,3,False,False,False,False,2025-03-11,2025-04-15,14.0,21.0,0R,pAMR0,False,False,False,False
S2511007,patient_f02086679c6d7438,S2511007,2025-04-15,2,exp3,0R,pAMR0,3,3,False,False,False,False,2025-03-25,,21.0,,,,,,,
S2344462,patient_f1bc2d6d2b5c3421,S2344462,2023-10-17,1,exp3,0R,pAMR0,1,6,False,False,False,False,,2023-11-07,,21.0,1R,pAMR0,True,False,False,True
S2347457,patient_f1bc2d6d2b5c3421,S2347457,2023-11-07,2,exp3,1R,pAMR0,2,6,True,False,False,True,2023-10-17,2023-12-12,21.0,35.0,0R,pAMR0,False,False,False,False
S2352826,patient_f1bc2d6d2b5c3421,S2352826,2023-12-12,1,exp3,0R,pAMR0,3,6,False,False,False,False,2023-11-07,2024-01-23,35.0,42.0,1R,pAMR0,True,False,False,True
S2403702,patient_f1bc2d6d2b5c3421,S2403702,2024-01-23,2,exp3,1R,pAMR0,4,6,True,False,False,True,2023-12-12,2024-03-19,42.0,56.0,0R,pAMR0,False,False,False,False
S2409928,patient_f1bc2d6d2b5c3421,S2409928,2024-03-19,1,exp3,0R,pAMR0,5,6,False,False,False,False,2024-01-23,2024-05-28,56.0,70.0,0R,pAMR0,False,False,False,False
S2415692,patient_f1bc2d6d2b5c3421,S2415692,2024-05-28,2,exp3,0R,pAMR0,6,6,False,False,False,False,2024-03-19,,70.0,,,,,,,
S2251251,patient_f4a709d12cad57f1,S2251251,2022-12-06,5,exp3,1R,pAMR0,1,6,True,False,False,True,,2022-12-20,,14.0,1R,pAMR0,True,False,False,True
S2253525,patient_f4a709d12cad57f1,S2253525,2022-12-20,5,exp3,1R,pAMR0,2,6,True,False,False,True,2022-12-06,2023-02-21,14.0,63.0,1R,pAMR0,True,False,False,True
S2308044,patient_f4a709d12cad57f1,S2308044,2023-02-21,4,exp3,1R,pAMR0,3,6,True,False,False,True,2022-12-20,2023-04-25,63.0,63.0,0R,pAMR0,False,False,False,False
S2318025,patient_f4a709d12cad57f1,S2318025,2023-04-25,1,exp3,0R,pAMR0,4,6,False,False,False,False,2023-02-21,2023-08-01,63.0,98.0,0R,pAMR0,False,False,False,False
S2333274,patient_f4a709d12cad57f1,S2333274,2023-08-01,1,exp3,0R,pAMR0,5,6,False,False,False,False,2023-04-25,2023-11-21,98.0,112.0,0R,pAMR0,False,False,False,False
S2349547,patient_f4a709d12cad57f1,S2349547,2023-11-21,1,exp3,0R,pAMR0,6,6,False,False,False,False,2023-08-01,,112.0,,,,,,,
S2015922,patient_f5bca2eea3be8059,S2015922,2020-04-21,3,exp3,0R,pAMR2,1,2,False,False,True,True,,2020-07-21,,91.0,1R,pAMR0,True,False,False,True
S2028919,patient_f5bca2eea3be8059,S2028919,2020-07-21,3,exp3,1R,pAMR0,2,2,True,False,False,True,2020-04-21,,91.0,,,,,,,
S2028924,patient_f7021d86b1e9f623,S2028924,2020-01-22,1,mrxs13,0R,pAMR0,1,1,False,False,False,False,,,,,,,,,,
S2411029,patient_f73f7e4dab64291c,S2411029,2024-04-02,1,exp3,0R,pAMR0,1,4,False,False,False,False,,2024-05-28,,56.0,0R,pAMR0,False,False,False,False
S2415690,patient_f73f7e4dab64291c,S2415690,2024-05-28,2,exp3,0R,pAMR0,2,4,False,False,False,False,2024-04-02,2024-07-09,56.0,42.0,0R,pAMR0,False,False,False,False
S2419850,patient_f73f7e4dab64291c,S2419850,2024-07-09,2,exp3,0R,pAMR0,3,4,False,False,False,False,2024-05-28,2024-08-27,42.0,49.0,0R,pAMR0,False,False,False,False
S2425034,patient_f73f7e4dab64291c,S2425034,2024-08-27,2,exp3,0R,pAMR0,4,4,False,False,False,False,2024-07-09,,49.0,,,,,,,
S2425843,patient_f78d4288245eabd8,S2425843,2024-09-03,1,exp3,0R,pAMR0,1,5,False,False,False,False,,2024-09-24,,21.0,0R,pAMR0,False,False,False,False
S2427695,patient_f78d4288245eabd8,S2427695,2024-09-24,6,exp3,0R,pAMR0,2,5,False,False,False,False,2024-09-03,2024-12-17,21.0,84.0,0R,pAMR0,False,False,False,False
S2436453,patient_f78d4288245eabd8,S2436453,2024-12-17,2,exp3,0R,pAMR0,3,5,False,False,False,False,2024-09-24,2025-02-18,84.0,63.0,0R,pAMR0,False,False,False,False
S2504720,patient_f78d4288245eabd8,S2504720,2025-02-18,1,exp3,0R,pAMR0,4,5,False,False,False,False,2024-12-17,2025-09-16,63.0,210.0,0R,pAMR0,False,False,False,False
S2529112,patient_f78d4288245eabd8,S2529112,2025-09-16,4,exp3,0R,pAMR0,5,5,False,False,False,False,2025-02-18,,210.0,,,,,,,
S2401283,patient_f96b1f74a7f01e5a,S2401283,2024-01-09,5,exp3,0R,pAMR1,1,7,False,False,True,True,,2024-01-23,,14.0,0R,pAMR1,False,False,True,True
S2403700,patient_f96b1f74a7f01e5a,S2403700,2024-01-23,4,exp3,0R,pAMR1,2,7,False,False,True,True,2024-01-09,2024-02-27,14.0,35.0,1R,pAMR0,True,False,False,True
S2408484,patient_f96b1f74a7f01e5a,S2408484,2024-02-27,3,exp3,1R,pAMR0,3,7,True,False,False,True,2024-01-23,2024-03-26,35.0,28.0,0R,pAMR0,False,False,False,False
S2410463,patient_f96b1f74a7f01e5a,S2410463,2024-03-26,1,exp3,0R,pAMR0,4,7,False,False,False,False,2024-02-27,2024-05-21,28.0,56.0,1R,pAMR0,True,False,False,True
S2414950,patient_f96b1f74a7f01e5a,S2414950,2024-05-21,4,exp3,1R,pAMR0,5,7,True,False,False,True,2024-03-26,2024-10-15,56.0,147.0,1R,pAMR0,True,False,False,True
S2429677,patient_f96b1f74a7f01e5a,S2429677,2024-10-15,4,exp3,1R,pAMR0,6,7,True,False,False,True,2024-05-21,2024-12-17,147.0,63.0,0R,pAMR0,False,False,False,False
S2436457,patient_f96b1f74a7f01e5a,S2436457,2024-12-17,3,exp3,0R,pAMR0,7,7,False,False,False,False,2024-10-15,,63.0,,,,,,,
S2043434,patient_fc51a062525b3f86,S2043434,2020-11-03,3,exp3,0R,pAMR0,1,3,False,False,False,False,,2021-07-20,,259.0,1R,pAMR0,True,False,False,True
S2130900,patient_fc51a062525b3f86,S2130900,2021-07-20,1,exp3,1R,pAMR0,2,3,True,False,False,True,2020-11-03,2021-10-19,259.0,91.0,1R,pAMR0,True,False,False,True
S2144970,patient_fc51a062525b3f86,S2144970,2021-10-19,1,exp3,1R,pAMR0,3,3,True,False,False,True,2021-07-20,,91.0,,,,,,,
S2208365,patient_fe8ccc87e7ab7c65,S2208365,2022-03-02,4,exp3,1R,pAMR0,1,7,True,False,False,True,,2022-03-15,,13.0,1R,pAMR0,True,False,False,True
S2210201,patient_fe8ccc87e7ab7c65,S2210201,2022-03-15,3,exp3,1R,pAMR0,2,7,True,False,False,True,2022-03-02,2022-04-19,13.0,35.0,1R,pAMR0,True,False,False,True
S2215451,patient_fe8ccc87e7ab7c65,S2215451,2022-04-19,1,exp3,1R,pAMR0,3,7,True,False,False,True,2022-03-15,2022-06-28,35.0,70.0,0R,pAMR0,False,False,False,False
S2226375,patient_fe8ccc87e7ab7c65,S2226375,2022-06-28,1,exp3,0R,pAMR0,4,7,False,False,False,False,2022-04-19,2022-08-09,70.0,42.0,0R,pAMR0,False,False,False,False
S2233278,patient_fe8ccc87e7ab7c65,S2233278,2022-08-09,1,exp3,0R,pAMR0,5,7,False,False,False,False,2022-06-28,2022-11-15,42.0,98.0,0R,pAMR0,False,False,False,False
S2247858,patient_fe8ccc87e7ab7c65,S2247858,2022-11-15,1,exp3,0R,pAMR0,6,7,False,False,False,False,2022-08-09,2023-02-21,98.0,98.0,1R,pAMR0,True,False,False,True
S2308039,patient_fe8ccc87e7ab7c65,S2308039,2023-02-21,1,exp3,1R,pAMR0,7,7,True,False,False,True,2022-11-15,,98.0,,,,,,,
S2141808,patient_fee157011de45399,S2141808,2021-09-28,3,exp3,0R,pAMR2,1,7,False,False,True,True,,2021-11-09,,42.0,1R,pAMR0,True,False,False,True
S2148220,patient_fee157011de45399,S2148220,2021-11-09,4,exp3,1R,pAMR0,2,7,True,False,False,True,2021-09-28,2021-12-21,42.0,42.0,0R,pAMR0,False,False,False,False
S2154955,patient_fee157011de45399,S2154955,2021-12-21,3,exp3,0R,pAMR0,3,7,False,False,False,False,2021-11-09,2022-02-08,42.0,49.0,0R,pAMR0,False,False,False,False
S2205207,patient_fee157011de45399,S2205207,2022-02-08,1,exp3,0R,pAMR0,4,7,False,False,False,False,2021-12-21,2022-04-12,49.0,63.0,1R,pAMR0,True,False,False,True
S2214325,patient_fee157011de45399,S2214325,2022-04-12,1,exp3,1R,pAMR0,5,7,True,False,False,True,2022-02-08,2022-06-28,63.0,77.0,1R,pAMR0,True,False,False,True
S2226376,patient_fee157011de45399,S2226376,2022-06-28,1,exp3,1R,pAMR0,6,7,True,False,False,True,2022-04-12,2022-09-20,77.0,84.0,0R,pAMR0,False,False,False,False
S2239523,patient_fee157011de45399,S2239523,2022-09-20,1,exp3,0R,pAMR0,7,7,False,False,False,False,2022-06-28,,84.0,,,,,,,
