epoch,train_loss,stop_loss,draws,positive_draws,unique_events
1,0.16602176025970383,0.08397944384224472,370,8,370
2,0.10329345697739857,0.07976065519496157,370,8,370
3,0.12108085625858885,0.08178899901348256,370,8,370
4,0.10416224106514631,0.07223947547621504,370,8,370
5,0.08086922614284786,0.06913313153950919,370,8,370
6,0.09773584117961157,0.07047023865207623,370,8,370
7,0.08259516418986455,0.06320315881341856,370,8,370
8,0.08785699194985976,0.058951750385751185,370,8,370
9,0.08702646470234043,0.09412755796145048,370,8,370
10,0.08355106529977888,0.08101228586277895,370,8,370
11,0.069839539680665,0.03858118854877439,370,8,370
12,0.06176762893236045,0.028916702778558595,370,8,370
13,0.054261674241242674,0.024359378326653986,370,8,370
14,0.04356414829819659,0.01985459726103465,370,8,370
15,0.04176616183115287,0.018802065861134806,370,8,370
16,0.039787324519700594,0.016279964972185673,370,8,370
17,0.032773613357559496,0.020088502007294947,370,8,370
18,0.02538017131544398,0.05726532681128366,370,8,370
19,0.035295156579113404,0.012426327633244869,370,8,370
20,0.021414754236233603,0.02231539498669458,370,8,370
21,0.015195517571144894,0.04448581629481438,370,8,370
22,0.01319601245942667,0.021765971700341072,370,8,370
23,0.01419226390351202,0.020052023222879682,370,8,370
24,0.009189175608190795,0.02603517666953028,370,8,370
25,0.012667952622753702,0.023422796874904124,370,8,370
26,0.024875277740024737,0.02998391005492313,370,8,370
27,0.008787481178455642,0.019977383360460028,370,8,370
28,0.007212494487066022,0.006790567910758747,370,8,370
29,0.006151838826775721,0.006120799633539943,370,8,370
30,0.005200950067399665,0.0054807522561338496,370,8,370
31,0.006481615766354271,0.00741915847346385,370,8,370
32,0.009904133312084363,0.05018063658824866,370,8,370
33,0.07578032689412144,0.028874264105150087,370,8,370
34,0.007255353650141268,0.030539435205982207,370,8,370
35,0.00809476764507278,0.01648731235328419,370,8,370
36,0.005378632856910603,0.013433440856151297,370,8,370
37,0.005611002945060416,0.07189681155199988,370,8,370
38,0.0052368886112214,0.014098013256200704,370,8,370
39,0.00340923277492157,0.020610003399930195,370,8,370
40,0.0041001948127153106,0.02108596322667856,370,8,370
