slide_id,case_id,anchor_date,label,probability,fold
S2025604__S2025604--HE_0,future_patient_62bee30b86a85ac54014,2020-06-30,0,2.2656409726096172e-07,3
S2025604__S2025604-C4D,future_patient_62bee30b86a85ac54014,2020-06-30,0,3.490558447083458e-05,3
S2025604__S2025604-CD68,future_patient_62bee30b86a85ac54014,2020-06-30,0,0.0014222749741747975,3
S2028921__S2028921--HE_0,future_patient_62bee30b86a85ac54014,2020-07-21,0,5.105714535602601e-07,3
S2028921__S2028921-C4D,future_patient_62bee30b86a85ac54014,2020-07-21,0,8.795663234195672e-06,3
S2028921__S2028921-CD68,future_patient_62bee30b86a85ac54014,2020-07-21,0,2.373663846810814e-05,3
S2032124__S2032124--HE_0,future_patient_62ef7b6fa156c1134711,2020-08-11,0,6.592159706997336e-07,3
S2047227__I2030018_BP3B29_C_244888_1,future_patient_62ef7b6fa156c1134711,2020-11-27,0,0.0052406140603125095,3
S2047227__I2030018_BP3C20_C_244889_0,future_patient_62ef7b6fa156c1134711,2020-11-27,0,0.0008952394127845764,3
S2047227__S2047227--HE_0,future_patient_62ef7b6fa156c1134711,2020-11-27,0,8.872616774624476e-08,3
S2102543__I2102025_BP3C20_C_260110_0,future_patient_1bd376e53cccb323130c,2021-01-19,0,3.88913713322836e-06,3
S2102543__S2102543--HE_0,future_patient_1bd376e53cccb323130c,2021-01-19,0,2.082850869555841e-06,3
S2133157__S2133157--HE,future_patient_98311fbb07bf65c893ac,2021-08-03,0,0.0005770251736976206,3
S2133158__S2133158--HE,future_patient_eb308a134dbcff8ffa2e,2021-08-03,0,3.6782344636776543e-07,3
S2133162__S2133162--HE,future_patient_398e53a6167368edea19,2021-08-03,0,0.0005987099139019847,3
S2135430__S2135430--HE,future_patient_1859479130540082210b,2021-08-17,0,8.997065015137196e-05,3
S2140147__S2140147--HE,future_patient_eb308a134dbcff8ffa2e,2021-09-13,0,1.3152270184946246e-05,3
S2142820__S2142820--HE,future_patient_398e53a6167368edea19,2021-10-05,0,0.09295792132616043,3
S2147205__S2147205--HE,future_patient_eb308a134dbcff8ffa2e,2021-11-02,0,6.069362825655844e-06,3
S2147205__S2147205--M-T_1,future_patient_eb308a134dbcff8ffa2e,2021-11-02,0,6.353664048219798e-06,3
S2149397__S2149397--HE,future_patient_8eda02e339c780defeeb,2021-11-16,0,0.0007866357336752117,3
S2150490__S2150490--HE,future_patient_98311fbb07bf65c893ac,2021-11-23,0,0.00010986859706463292,3
S2151616__S2151616--HE,future_patient_8eda02e339c780defeeb,2021-11-30,0,0.00022621707466896623,3
S2154954__S2154954--HE,future_patient_df0bc3d8eed535f2d814,2021-12-20,0,0.00016207469161599874,3
S2154959__S2154959--HE,future_patient_398e53a6167368edea19,2021-12-21,0,0.00032728214864619076,3
S2201380__S2201380--HE,future_patient_eb308a134dbcff8ffa2e,2022-01-10,0,0.0002166884223697707,3
S2201380__S2201380--M-T_1,future_patient_eb308a134dbcff8ffa2e,2022-01-10,0,2.764307964753243e-06,3
S2202563__S2202563--HE,future_patient_df0bc3d8eed535f2d814,2022-01-18,0,0.010717927478253841,3
S2202564__S2202564--HE,future_patient_c74169b96a04d4b7998d,2022-01-18,0,4.6068748815741856e-06,3
S2203737__S2203737--HE,future_patient_98311fbb07bf65c893ac,2022-01-25,0,0.0004983686376363039,3
S2206288__S2206288--HE,future_patient_c74169b96a04d4b7998d,2022-02-15,0,0.00036947615444660187,3
S2206288__S2206288-CONGO_RED,future_patient_c74169b96a04d4b7998d,2022-02-15,0,0.009787739254534245,3
S2207352__S2207352--HE,future_patient_df0bc3d8eed535f2d814,2022-02-22,0,9.11508032004349e-05,3
S2209232__S2209232--HE,future_patient_c74169b96a04d4b7998d,2022-03-08,0,0.14069905877113342,3
S2211180__S2211180--HE,future_patient_eb308a134dbcff8ffa2e,2022-03-22,0,0.0006724937702529132,3
S2211181__S2211181--HE,future_patient_8eda02e339c780defeeb,2022-03-22,0,0.01726580411195755,3
S2213276__S2213276--HE,future_patient_df0bc3d8eed535f2d814,2022-04-05,0,0.00011795834143413231,3
S2214324__S2214324--HE,future_patient_c74169b96a04d4b7998d,2022-04-12,0,0.0030624093487858772,3
S2220927__S22-20927-_-HE,future_patient_c74169b96a04d4b7998d,2022-05-24,0,0.0032153758220374584,3
S2222064__S22-22064-_-HE,future_patient_df0bc3d8eed535f2d814,2022-05-31,0,6.472526729339734e-05,3
S2226371__S22-26371-_-HE,future_patient_8eda02e339c780defeeb,2022-06-28,0,4.6821201976854354e-05,3
S2227621__S22-27621-_-HE,future_patient_c74169b96a04d4b7998d,2022-07-05,0,0.00032585932058282197,3
S2234198__S22-34198-_-HE,future_patient_df0bc3d8eed535f2d814,2022-08-16,0,5.0771508540492505e-05,3
S2235518__E2200668,future_patient_5a1adefc38e8a0354ec1,2022-08-24,0,1.1494135776501935e-07,3
S2235518__I2225434_BP3B29_C_448913_1,future_patient_5a1adefc38e8a0354ec1,2022-08-24,0,0.045955754816532135,3
S2235518__I2225434_BP3C20_C_448914,future_patient_5a1adefc38e8a0354ec1,2022-08-24,0,0.0002537278342060745,3
S2235518__S22-35518-_-BIOPSY,future_patient_5a1adefc38e8a0354ec1,2022-08-24,0,0.019921422004699707,3
S2238299__I2227434_BP3B29_C_454726,future_patient_5a1adefc38e8a0354ec1,2022-09-13,0,0.0013491315767168999,3
S2238299__I2227434_BP3C20_C_454727_1,future_patient_5a1adefc38e8a0354ec1,2022-09-13,0,0.0003273233014624566,3
S2238299__S22-38299-_-HE,future_patient_5a1adefc38e8a0354ec1,2022-09-13,0,0.00021258469496387988,3
S2239521__S22-39521-_-HE,future_patient_8eda02e339c780defeeb,2022-09-20,0,0.010313448496162891,3
S2241564__S22-41564-_-HE,future_patient_c74169b96a04d4b7998d,2022-10-04,0,1.0888686119869817e-05,3
S2242500__S22-42500-_-HE,future_patient_5a1adefc38e8a0354ec1,2022-10-11,0,0.0007539780344814062,3
S2246786__S22-46786-_-HE,future_patient_5a1adefc38e8a0354ec1,2022-11-08,0,0.0011806052643805742,3
S2300331__S23-00331-_-HE,future_patient_c74169b96a04d4b7998d,2023-01-03,0,5.443415648187511e-05,3
S2300331__S23-00331-_-M-T_1,future_patient_c74169b96a04d4b7998d,2023-01-03,0,2.0167767615930643e-06,3
S2314590__I2311385_BP3B29_C_524281_1,future_patient_f49cd98ec4f46487488e,2023-04-04,0,7.434281724272296e-05,3
S2314590__I2311385_BP3B29_C_524281_2,future_patient_f49cd98ec4f46487488e,2023-04-04,0,0.0003968760429415852,3
S2314590__I2311385_BP3B29_C_524281_3,future_patient_f49cd98ec4f46487488e,2023-04-04,0,0.0004122821264900267,3
S2314590__I2311385_BP3C20_C_524280,future_patient_f49cd98ec4f46487488e,2023-04-04,0,7.068738341331482e-05,3
S2314590__S23-14590-_-HE,future_patient_f49cd98ec4f46487488e,2023-04-04,0,0.015342173166573048,3
S2318026__S23-18026-_-HE,future_patient_f49cd98ec4f46487488e,2023-04-25,0,6.946179928490892e-05,3
S2327486__I2321699_BP3B29_C_555396_1,future_patient_f49cd98ec4f46487488e,2023-06-27,0,0.00017347052926197648,3
S2327486__I2321699_BP3C20_C_555397,future_patient_f49cd98ec4f46487488e,2023-06-27,0,0.00021586213551927358,3
S2327486__S23-27486-_-HE,future_patient_f49cd98ec4f46487488e,2023-06-27,0,0.0008378041093237698,3
S2327486__S23-27486-_-M-T_1,future_patient_f49cd98ec4f46487488e,2023-06-27,0,2.8299204132054e-05,3
S2327690__I2321906_BP3B29_C_555987,future_patient_22315d73e5320426ffb7,2023-06-28,0,0.0006103261839598417,3
S2327690__I2321906_BP3C20_C_555988_1,future_patient_22315d73e5320426ffb7,2023-06-28,0,3.6706340324599296e-05,3
S2327690__S23-27690-_-HE,future_patient_22315d73e5320426ffb7,2023-06-28,0,0.0003955915744882077,3
S2327690__S2327690_BP1B11_C_7313_1,future_patient_22315d73e5320426ffb7,2023-06-28,0,0.0014930889010429382,3
S2330983__S23-30983-_-HE,future_patient_22315d73e5320426ffb7,2023-07-18,0,0.0002227601653430611,3
S2330983__S2330983_BP1B11_C_7700_1,future_patient_22315d73e5320426ffb7,2023-07-18,0,0.0001801411563064903,3
S2334384__S23-34384-_-HE,future_patient_2c7e8b36334281777fba,2023-08-08,0,0.0002670300018507987,3
S2334384__S23-34384-_-M-T_1,future_patient_2c7e8b36334281777fba,2023-08-08,0,1.0798291896207957e-06,3
S2334385__S23-34385-_-HE,future_patient_f49cd98ec4f46487488e,2023-08-08,0,4.7188452299451455e-05,3
S2334385__S23-34385-_-M-T_1,future_patient_f49cd98ec4f46487488e,2023-08-08,0,2.0423436808414408e-07,3
S2336496__S23-36496-_-HE,future_patient_22315d73e5320426ffb7,2023-08-22,0,0.000766440003644675,3
S2338781__S23-38781-_-HE,future_patient_2c7e8b36334281777fba,2023-09-05,0,0.00015446997713297606,3
S2340935__S23-40935-_-HE,future_patient_f49cd98ec4f46487488e,2023-09-19,0,0.00012077718565706164,3
S2340935__S23-40935-_-M-T_1,future_patient_f49cd98ec4f46487488e,2023-09-19,0,1.7485895398294815e-07,3
S2343312__S23-43312-_-HE,future_patient_22315d73e5320426ffb7,2023-10-10,1,0.00020996073726564646,3
S2344462__S23-44462-_-BIOPSY,future_patient_50c350ee1aaafc01ed3d,2023-10-17,0,6.4238756749546155e-06,3
S2347457__S23-47457-_-HE,future_patient_50c350ee1aaafc01ed3d,2023-11-07,0,0.0004661872808355838,3
S2347457__S23-47457-_-M-T_1,future_patient_50c350ee1aaafc01ed3d,2023-11-07,0,7.480369731638348e-06,3
S2350730__I2341053_BP3B29_C_615144,future_patient_22315d73e5320426ffb7,2023-11-28,0,0.00012402012362144887,3
S2350730__I2341053_BP3B36_B_615145_2,future_patient_22315d73e5320426ffb7,2023-11-28,0,5.09771125507541e-05,3
S2350730__I2341053_BP3B50_B_615143_1,future_patient_22315d73e5320426ffb7,2023-11-28,0,0.0006575211300514638,3
S2350730__S23-50730-_-HE,future_patient_22315d73e5320426ffb7,2023-11-28,0,8.017664367798716e-05,3
S2352826__S23-52826-_-HE,future_patient_50c350ee1aaafc01ed3d,2023-12-12,0,5.355914822757768e-07,3
S2353996__S23-53996-_-HE,future_patient_f49cd98ec4f46487488e,2023-12-19,0,9.743080227053724e-07,3
S2403702__S24-03702-_-HE,future_patient_50c350ee1aaafc01ed3d,2024-01-23,0,0.0019026814261451364,3
S2403702__S24-03702-_-M-T_1,future_patient_50c350ee1aaafc01ed3d,2024-01-23,0,1.3595790733234026e-06,3
S2409389__I2408120_BP3B29_C_652047,future_patient_ee37ec7312707165ab5c,2024-03-12,0,8.25244642328471e-05,3
S2409389__I2408120_BP3B29_C_652047_2,future_patient_ee37ec7312707165ab5c,2024-03-12,0,0.00029233141685836017,3
S2409389__I2408120_BP3C20_A_652048_1,future_patient_ee37ec7312707165ab5c,2024-03-12,0,9.912815585266799e-05,3
S2409389__S24-09389-_-HE,future_patient_ee37ec7312707165ab5c,2024-03-12,0,0.0018546864157542586,3
S2409928__S24-09928-_-HE,future_patient_50c350ee1aaafc01ed3d,2024-03-19,0,1.8184221062256256e-07,3
S2410451__S24-10451-_-HE,future_patient_ee37ec7312707165ab5c,2024-03-26,0,9.385923476656899e-06,3
S2412714__S24-12714-_-HE,future_patient_22315d73e5320426ffb7,2024-04-23,0,7.907838153187186e-06,3
S2412714__S2412714-MT,future_patient_22315d73e5320426ffb7,2024-04-23,0,1.7429235867894022e-06,3
S2413342__S24-13342-_-HE,future_patient_ee37ec7312707165ab5c,2024-04-30,0,6.650658178841695e-05,3
S2413342__S24-13342-M.T,future_patient_ee37ec7312707165ab5c,2024-04-30,0,1.96777563132855e-07,3
S2414955__S24-14955-_-HE,future_patient_ee37ec7312707165ab5c,2024-05-21,0,0.21365046501159668,3
S2414955__S2414955_BP1B20_C_12022_1,future_patient_ee37ec7312707165ab5c,2024-05-21,0,1.356835213073282e-07,3
S2415692__S24-15692-_-HE,future_patient_50c350ee1aaafc01ed3d,2024-05-28,0,1.1363468729541637e-05,3
S2415692__S2415692,future_patient_50c350ee1aaafc01ed3d,2024-05-28,0,2.348977403698882e-07,3
S2416977__S24-16977-_-HE,future_patient_d060dde1da00e9251324,2024-06-11,0,0.00016754101670812815,3
S2416977__S2416977_BP1B20_C_12288_1,future_patient_d060dde1da00e9251324,2024-06-11,0,1.4800082681176718e-05,3
S2419848__S24-19848-_-HE,future_patient_ee37ec7312707165ab5c,2024-07-08,0,2.1820698748342693e-05,3
S2419848__S2419848_BP1B20_C_12735_1,future_patient_ee37ec7312707165ab5c,2024-07-08,0,1.3789556874144182e-07,3
S2420601__S24-20601-_-HE_1,future_patient_d060dde1da00e9251324,2024-07-16,0,2.6838861231226474e-05,3
S2420601__S2420601_BP1B20_C_12810,future_patient_d060dde1da00e9251324,2024-07-16,0,5.395427251642104e-06,3
S2420604__S24-20604-_-HE,future_patient_961e1cfd76fe695ce5f6,2024-07-16,0,0.0003933799744118005,3
S2420604__S2420604_BP1B20_C_12813_1,future_patient_961e1cfd76fe695ce5f6,2024-07-16,0,5.468697509058984e-06,3
S2422845__S24-22845-_-HE,future_patient_961e1cfd76fe695ce5f6,2024-08-06,0,3.095201464020647e-05,3
S2422845__S2422845_BP1B20_C_13128_1,future_patient_961e1cfd76fe695ce5f6,2024-08-06,0,7.979875590535812e-06,3
S2423618__S24-23618-_-HE,future_patient_d060dde1da00e9251324,2024-08-13,0,0.004339659120887518,3
S2423618__S24-23618-_-RECUT_2,future_patient_d060dde1da00e9251324,2024-08-13,0,0.01925746724009514,3
S2424250__S2424250,future_patient_ee37ec7312707165ab5c,2024-08-20,0,2.4541139282518998e-05,3
S2424250__S2424250_BP1B20_C_13333,future_patient_ee37ec7312707165ab5c,2024-08-20,0,1.2345456923412712e-07,3
S2429063__S24-29063-_-HE,future_patient_d060dde1da00e9251324,2024-10-08,0,0.0007380532333627343,3
S2429063__S2429063_BP1B20_C_14173_1,future_patient_d060dde1da00e9251324,2024-10-08,0,2.1823320821567904e-06,3
S2431866__S24-31866-_-HE,future_patient_ee37ec7312707165ab5c,2024-11-05,0,9.128506462730002e-06,3
S2431866__S2431866_BP1B20_C_14818_1,future_patient_ee37ec7312707165ab5c,2024-11-05,0,1.3533523087971844e-05,3
S2433341__S24-33341-_-HE,future_patient_d060dde1da00e9251324,2024-11-19,0,2.84459702015738e-06,3
S2433341__S2433341_BP1B20_C_15014_1,future_patient_d060dde1da00e9251324,2024-11-19,0,2.5405336145922774e-06,3
S2433344__S24-33344-_-HE,future_patient_62308809a1133c245f5f,2024-11-19,0,1.8870671283366391e-06,3
S2433344__S2433344_BP1B20_C_15017_1,future_patient_62308809a1133c245f5f,2024-11-19,0,3.4288816550542833e-06,3
S2434919__S24-34919-_-HE,future_patient_62308809a1133c245f5f,2024-12-03,0,0.0016353186219930649,3
S2434919__S2434919_BP1B20_C_15239_1,future_patient_62308809a1133c245f5f,2024-12-03,0,1.7235415725735947e-06,3
S2436454__S24-36454-_-HE,future_patient_49e9046af565544ac294,2024-12-17,0,0.0015766465803608298,3
S2436454__S2436454_BP1B20_C_15461_1,future_patient_49e9046af565544ac294,2024-12-17,0,2.4353883532057807e-07,3
S2437882__I2500076_BP3B29_C_736003,future_patient_49e9046af565544ac294,2024-12-31,0,5.204489207244478e-05,3
S2437882__I2500076_BP3B36_A_736004_3,future_patient_49e9046af565544ac294,2024-12-31,0,1.906094894366106e-06,3
S2437882__I2500076_BP3B37_A_736005_1,future_patient_49e9046af565544ac294,2024-12-31,0,4.34960247730487e-06,3
S2437882__I2500076_BP3B50_A_736006_2,future_patient_49e9046af565544ac294,2024-12-31,0,4.514324700721772e-06,3
S2437882__I2500076_BP3C20_A_736007_4,future_patient_49e9046af565544ac294,2024-12-31,0,8.782034456089605e-06,3
S2437882__S24-37882-_-HE,future_patient_49e9046af565544ac294,2024-12-31,0,0.0003540523466654122,3
S2500522__I2500671_BP3B29_C_737906_1,future_patient_62308809a1133c245f5f,2025-01-07,0,0.0001827591477194801,3
S2500522__I2500671_BP3B36_B_737905_2,future_patient_62308809a1133c245f5f,2025-01-07,0,4.353814802016132e-06,3
S2500522__I2500671_BP3B37_B_737907_3,future_patient_62308809a1133c245f5f,2025-01-07,0,3.4511572266637813e-06,3
S2500522__I2500671_BP3B50_B_737904,future_patient_62308809a1133c245f5f,2025-01-07,0,1.0947254850179888e-05,3
S2500522__I2500671_BP3C20_B_737908_4,future_patient_62308809a1133c245f5f,2025-01-07,0,0.0008202067692764103,3
S2500522__S25-00522-_-HE,future_patient_62308809a1133c245f5f,2025-01-07,0,0.024483483284711838,3
S2500522__S2500522_BP1B20_C_15819_1,future_patient_62308809a1133c245f5f,2025-01-07,0,8.212684292630001e-07,3
S2502090__S25-02090-_-HE,future_patient_961e1cfd76fe695ce5f6,2025-01-21,0,0.00011115888628410175,3
S2503127__I2503378_BP3B29_C_746208_2,future_patient_49e9046af565544ac294,2025-02-04,0,0.0010177390649914742,3
S2503127__I2503378_BP3B36_A_746209,future_patient_49e9046af565544ac294,2025-02-04,0,7.584485501865856e-06,3
S2503127__I2503378_BP3B50_A_746210_3,future_patient_49e9046af565544ac294,2025-02-04,0,1.7156833564513363e-05,3
S2503127__I2503378_BP3C20_A_746211_1,future_patient_49e9046af565544ac294,2025-02-04,0,6.30077556706965e-05,3
S2503127__S25-03127-_-HE,future_patient_49e9046af565544ac294,2025-02-04,0,0.00171933532692492,3
S2503983__S25-03983-_-HE,future_patient_62308809a1133c245f5f,2025-02-11,0,0.00031513423891738057,3
S2503983__S2503983_BP1B20_C_16526_1,future_patient_62308809a1133c245f5f,2025-02-11,0,1.2682183978540706e-06,3
S2506960__I2507135_BP3B29_C_757809,future_patient_49e9046af565544ac294,2025-03-11,0,0.00044901209184899926,3
S2506960__I2507135_BP3C20_B_757808_1,future_patient_49e9046af565544ac294,2025-03-11,0,6.880459113745019e-05,3
S2506960__I2507302_BP3B36_B_758400_1,future_patient_49e9046af565544ac294,2025-03-11,0,1.7401665672878153e-06,3
S2506960__I2507302_BP3B50_B_758399,future_patient_49e9046af565544ac294,2025-03-11,0,2.173256507376209e-05,3
S2506960__S25-06960--HE,future_patient_49e9046af565544ac294,2025-03-11,0,0.0002355374745093286,3
S2506966__S25-06966--HE,future_patient_a12414e289ec497a1158,2025-03-11,0,0.00018965647905133665,3
S2507799__S25-07799--HE,future_patient_62308809a1133c245f5f,2025-03-18,0,5.714501821785234e-05,3
S2509420__I2509675_BP3B29_C_765763,future_patient_a12414e289ec497a1158,2025-04-01,0,1.7886846762849018e-05,3
S2509420__I2509675_BP3B36_B_765765_1,future_patient_a12414e289ec497a1158,2025-04-01,0,2.0865763872279786e-05,3
S2509420__I2509675_BP3B50_B_765764_2,future_patient_a12414e289ec497a1158,2025-04-01,0,6.528098310809582e-05,3
S2509420__I2509675_BP3C20_B_765762_3,future_patient_a12414e289ec497a1158,2025-04-01,0,6.997919990681112e-05,3
S2509420__S25-09420--HE,future_patient_a12414e289ec497a1158,2025-04-01,0,5.729067652282538e-06,3
S2511010__S25-11010_0_BP1A2021_052642,future_patient_961e1cfd76fe695ce5f6,2025-04-15,0,0.00011816615733550861,3
S2511010__S2511010_BP1B20_17560_205604,future_patient_961e1cfd76fe695ce5f6,2025-04-15,0,1.4252502467115846e-07,3
S2511859__S25-11859_0_BP1A2021_150616,future_patient_62308809a1133c245f5f,2025-04-22,0,0.0005190596566535532,3
S2513846__I2514335_BP3B29_C_780110_155859,future_patient_a12414e289ec497a1158,2025-05-13,0,5.230321767157875e-05,3
S2513846__I2514335_BP3B36_B_780113_160556,future_patient_a12414e289ec497a1158,2025-05-13,0,1.5487936479985365e-06,3
S2513846__I2514335_BP3B50_B_780112_160344,future_patient_a12414e289ec497a1158,2025-05-13,0,1.2761018979290384e-06,3
S2513846__I2514335_BP3C20_B_780111_160132,future_patient_a12414e289ec497a1158,2025-05-13,0,0.0004092357703484595,3
S2513846__S25-13846_0_BP1A2021_131523,future_patient_a12414e289ec497a1158,2025-05-13,0,2.0571369532262906e-05,3
S2513846__S25-13846_0_BP1A2021_161650,future_patient_a12414e289ec497a1158,2025-05-13,0,0.00024024808953981847,3
S2513846__S2513846_BP1B20_17978_045348,future_patient_a12414e289ec497a1158,2025-05-13,0,6.807828754062939e-07,3
S2516970__I2517336_BP3B29_C_790947_140148,future_patient_49e9046af565544ac294,2025-06-10,0,0.002920480677857995,3
S2516970__I2517336_BP3B36_B_790945_140513,future_patient_49e9046af565544ac294,2025-06-10,0,0.0003808331093750894,3
S2516970__I2517336_BP3B50_B_790946_140345,future_patient_49e9046af565544ac294,2025-06-10,0,0.00047352651017718017,3
S2516970__I2517336_BP3C20_B_790948_140226,future_patient_49e9046af565544ac294,2025-06-10,0,0.005001010838896036,3
S2516970__S25-16970____155248,future_patient_49e9046af565544ac294,2025-06-10,0,8.631704986328259e-05,3
S2516970__S2516970_BP1B20_18500_020934,future_patient_49e9046af565544ac294,2025-06-10,0,1.1798482546510058e-06,3
S2521239__S2521239_0_BP1A2021,future_patient_5a2b8b8c6d7551ccf92d,2025-07-15,0,0.003321249969303608,3
S2522994__S2522994_0_BP1A2021,future_patient_5a2b8b8c6d7551ccf92d,2025-07-29,0,0.0003983474744018167,3
S2524777__S2524777_0_BP1A2021,future_patient_deb4566cb1cb9315e12f,2025-08-12,0,2.5382416424690746e-05,3
S2524777__S2524777_0_BP1B20,future_patient_deb4566cb1cb9315e12f,2025-08-12,0,7.4633117037592456e-06,3
S2526362__I2527723_0_BP3B29,future_patient_5a2b8b8c6d7551ccf92d,2025-08-26,0,0.0007274320814758539,3
S2526362__I2527723_0_BP3B36,future_patient_5a2b8b8c6d7551ccf92d,2025-08-26,0,0.000757120200432837,3
S2526362__I2527723_0_BP3B50,future_patient_5a2b8b8c6d7551ccf92d,2025-08-26,0,0.0008787509286776185,3
S2526362__I2527723_0_BP3C20,future_patient_5a2b8b8c6d7551ccf92d,2025-08-26,0,5.2710351155838e-05,3
S2526362__S2526362_0_BP1A2021,future_patient_5a2b8b8c6d7551ccf92d,2025-08-26,0,1.3307683730090503e-05,3
S2530049__S2530049_0_BP1A2021,future_patient_5a2b8b8c6d7551ccf92d,2025-09-23,0,3.48304383805953e-05,3
S2530049__S2530049_0_BP1B20,future_patient_5a2b8b8c6d7551ccf92d,2025-09-23,0,2.0162844975857297e-06,3
