epoch,step,event_id,label
1,0,S2143765,0
1,1,S2300331,0
1,2,S2414954,0
1,3,S2242499,0
1,4,S2245753,0
1,5,S2149394,0
1,6,S2413769,0
1,7,S2025604,0
1,8,S2322861,0
1,9,S2132028,0
1,10,S2133154,0
1,11,S2210199,0
1,12,S2315841,0
1,13,S2326330,0
1,14,S2424258,0
1,15,S2530063,0
1,16,S2531989,0
1,17,S2411030,0
1,18,S2422845,0
1,19,S2307080,0
1,20,S2216630,0
1,21,S2352429,0
1,22,S2330983,0
1,23,S2404885,0
1,24,S2226370,0
1,25,S2509420,0
1,26,S2154963,0
1,27,S2102543,0
1,28,S2434133,0
1,29,S2135429,0
1,30,S2346179,0
1,31,S2311236,0
1,32,S2431862,0
1,33,S2232192,0
1,34,S2413342,0
1,35,S2424259,0
1,36,S2224007,0
1,37,S2240726,0
1,38,S2513847,0
1,39,S2533022,0
1,40,S2306015,0
1,41,S2325142,0
1,42,S2310080,0
1,43,S2135431,0
1,44,S2306847,0
1,45,S2233279,0
1,46,S2130897,0
1,47,S2420601,0
1,48,S2332142,0
1,49,S2520404,0
1,50,S2344458,0
1,51,S2222063,0
1,52,S2236493,0
1,53,S2330982,0
1,54,S2511007,0
1,55,S2203735,0
1,56,S2343314,0
1,57,S2141805,0
1,58,S2407939,0
1,59,S2329756,0
1,60,S2409389,0
1,61,S2209237,0
1,62,S2140144,0
1,63,S2505507,0
1,64,S2344461,0
1,65,S2312318,0
1,66,S2210202,0
1,67,S2209230,0
1,68,S2513846,0
1,69,S2202564,0
1,70,S2222945,0
1,71,S2306850,0
1,72,S2332144,0
1,73,S2210207,0
1,74,S2430053,0
1,75,S2320992,0
1,76,S2530991,0
1,77,S2225225,0
1,78,S2150495,0
1,79,S2207462,0
1,80,S2207349,0
1,81,S2141808,0
1,82,S2315844,0
1,83,S2407941,0
1,84,S2226376,0
1,85,S2208362,0
1,86,S2429063,0
1,87,S2154959,0
1,88,S2344462,0
1,89,S2229969,0
1,90,S2420604,0
1,91,S2423618,0
1,92,S2402484,0
1,93,S2148220,0
1,94,S2214326,0
1,95,S2406038,0
1,96,S2140143,0
1,97,S2234199,0
1,98,S2202568,0
1,99,S2200309,0
1,100,S2436454,0
1,101,S2342914,0
1,102,S2506960,0
1,103,S2253529,0
1,104,S2251247,0
1,105,S2511008,0
1,106,S2426614,0
1,107,S2148219,0
1,108,S2225226,0
1,109,S2511006,0
1,110,S2200310,0
1,111,S2425034,0
1,112,S2435852,0
1,113,S2205207,0
1,114,S2254659,0
1,115,S2501300,0
1,116,S2133162,0
1,117,S2508630,0
1,118,S2043434,0
1,119,S2323108,0
1,120,S2413768,0
1,121,S2142820,0
1,122,S2214325,0
1,123,S2213274,0
1,124,S2228787,0
1,125,S2433346,0
1,126,S2313436,0
1,127,S2133158,0
1,128,S2316900,0
1,129,S2235318,0
1,130,S1940063,0
1,131,S2308045,0
1,132,S2216605,0
1,133,S2206288,0
1,134,S2314591,0
1,135,S2310075,0
1,136,S2407940,0
1,137,S2149398,0
1,138,S2410460,0
1,139,S2412725,0
1,140,S2239523,0
1,141,S2240724,0
1,142,S2434571,0
1,143,S2227608,0
1,144,S2119964,0
1,145,S2222061,0
1,146,S2154955,0
1,147,S2235319,1
1,148,S2015922,0
1,149,S2209234,0
1,150,S2147205,0
1,151,S2149393,0
1,152,S2231091,0
1,153,S2136522,0
1,154,S2028921,0
1,155,S2248988,0
1,156,S2416977,0
1,157,S2513848,0
1,158,S2143769,0
1,159,S2409390,0
1,160,S2227604,0
1,161,S2310079,0
1,162,S2244729,0
1,163,S2232191,0
1,164,S2314588,0
1,165,S2535840,0
1,166,S2248983,0
1,167,S2419848,0
1,168,S2334386,0
1,169,S2141806,0
1,170,S2412714,0
1,171,S2130900,0
1,172,S2252333,0
1,173,S2209229,0
1,174,S2156022,0
1,175,S2504721,0
1,176,S2207353,0
1,177,S2144966,0
1,178,S2150490,0
1,179,S2247860,1
1,180,S2334388,0
1,181,S2216629,0
1,182,S2406264,0
1,183,S2150494,0
1,184,S2210205,0
1,185,S2530985,0
1,186,S2409928,0
1,187,S2414955,0
1,188,S2129803,0
1,189,S2411029,0
1,190,S2503127,0
1,191,S2501301,0
1,192,S2235315,0
1,193,S2347457,0
1,194,S2325143,0
1,195,S2323112,0
1,196,S2143764,0
1,197,S2142821,0
1,198,S2241560,0
1,199,S2348398,0
1,200,S2505508,0
1,201,S2415070,0
1,202,S2210206,0
1,203,S2234200,0
1,204,S2154957,0
1,205,S2209232,0
1,206,S2129802,0
1,207,S2143767,0
1,208,S2251252,0
1,209,S2228790,0
1,210,S2412713,0
1,211,S2527323,0
1,212,S2327485,0
1,213,S2114402,0
1,214,S2410458,0
1,215,S2506966,0
1,216,S2351751,0
1,217,S2326329,0
1,218,S2505506,0
1,219,S2304561,0
1,220,S2508631,0
1,221,S1940316,1
1,222,S2228788,0
1,223,S2338786,0
1,224,S2237601,0
1,225,S2515598,0
1,226,S2144967,0
1,227,S2138905,0
1,228,S2108730,0
1,229,S2417717,0
1,230,S2431866,0
1,231,S2144969,0
1,232,S2339820,0
1,233,S2154958,0
1,234,S2205211,0
1,235,S2409391,0
1,236,S2403702,0
1,237,S2210200,0
1,238,S2202567,0
1,239,S2338783,0
1,240,S2330985,0
1,241,S2215453,0
1,242,S2202565,0
1,243,S2421430,0
1,244,S2210204,0
1,245,S2343311,0
1,246,S2237603,0
1,247,S2422844,0
1,248,S2151614,0
1,249,S2144972,0
1,250,S2419119,0
1,251,S2516970,0
1,252,S2402482,0
1,253,S2140145,0
1,254,S2313440,0
1,255,S2140147,0
1,256,S2528218,0
1,257,S2352825,0
1,258,S2111062,0
1,259,S2408482,0
1,260,S2241562,0
1,261,S2516971,0
1,262,S2421437,0
1,263,S2228789,0
1,264,S2302643,0
1,265,S2437882,0
1,266,S2330984,0
1,267,S2329754,0
1,268,S2400070,0
1,269,S2332143,0
1,270,S2149396,0
1,271,S2424255,0
1,272,S2323107,0
1,273,S2312320,0
1,274,S2304560,0
1,275,S2503128,0
1,276,S2419850,0
1,277,S2327690,0
1,278,S2415692,0
1,279,S2300360,0
1,280,S2143766,0
1,281,S2405217,0
1,282,S2502090,0
1,283,S2312322,0
1,284,S2311238,0
1,285,S2424250,0
1,286,S2300361,0
1,287,S2320993,1
1,288,S2203734,0
1,289,S2028919,0
1,290,S2206287,0
1,291,S2144970,0
1,292,S2302644,0
1,293,S2246785,0
1,294,S2243826,0
1,295,S2133157,0
1,296,S2334411,0
1,297,S2524760,0
1,298,S2336494,0
1,299,S2531985,0
1,300,S2213275,0
1,301,S2415690,0
1,302,S2336496,0
1,303,S2135430,0
1,304,S2236494,0
1,305,S2521240,0
1,306,S2153833,0
1,307,S2214324,0
1,308,S2412061,0
1,309,S2318956,1
1,310,S2207350,0
1,311,S2346543,0
1,312,S2220927,0
1,313,S2506967,0
1,314,S2408480,0
1,315,S2219753,0
1,316,S2239522,0
1,317,S2201380,0
1,318,S2429062,0
1,319,S2504719,0
1,320,S2328623,0
1,321,S2410451,0
1,322,S2408481,0
1,323,S2524777,0
1,324,S2426615,0
1,325,S2129801,0
1,326,S2434134,0
1,327,S2511010,0
1,328,S2434915,0
1,329,S2241564,0
1,330,S2140148,0
1,331,S2326332,0
1,332,S2211180,0
1,333,S2350730,1
1,334,S2352827,0
1,335,S2220918,0
1,336,S2133159,0
1,337,S2156020,0
1,338,S2330986,0
1,339,S2406754,0
1,340,S2433341,0
1,341,S2343312,0
1,342,S2415689,0
1,343,S1818746,1
1,344,S2320991,0
1,345,S2409392,0
1,346,S2215454,0
1,347,S2208404,0
1,348,S2247859,0
1,349,S2352826,0
1,350,S2222062,0
1,351,S2420603,0
1,352,S2216631,0
1,353,S2229537,0
1,354,S2227621,0
1,355,S2311234,0
1,356,S2203737,0
1,357,S2210203,0
2,0,S2312322,0
2,1,S2409392,0
2,2,S2352825,0
2,3,S2229537,0
2,4,S2314591,0
2,5,S2344462,0
2,6,S2411030,0
2,7,S2143767,0
2,8,S2306847,0
2,9,S2505507,0
2,10,S2225226,0
2,11,S2130900,0
2,12,S2339820,0
2,13,S2235318,0
2,14,S2252333,0
2,15,S2219753,0
2,16,S2528218,0
2,17,S2153833,0
2,18,S2234199,0
2,19,S2214326,0
2,20,S2302644,0
2,21,S2227608,0
2,22,S2424255,0
2,23,S2142821,0
2,24,S2213275,0
2,25,S2015922,0
2,26,S2314588,0
2,27,S2502090,0
2,28,S2306015,0
2,29,S2316900,0
2,30,S2213274,0
2,31,S2240724,0
2,32,S1940063,0
2,33,S2240726,0
2,34,S2420604,0
2,35,S2350730,1
2,36,S2208362,0
2,37,S2437882,0
2,38,S2207350,0
2,39,S2202564,0
2,40,S2327485,0
2,41,S2310080,0
2,42,S2429062,0
2,43,S2225225,0
2,44,S2530991,0
2,45,S2533022,0
2,46,S2338786,0
2,47,S2424250,0
2,48,S2421430,0
2,49,S2424259,0
2,50,S2423618,0
2,51,S2156022,0
2,52,S2143764,0
2,53,S2224007,0
2,54,S2503128,0
2,55,S2246785,0
2,56,S2215453,0
2,57,S2226376,0
2,58,S2228787,0
2,59,S2511007,0
2,60,S2508631,0
2,61,S2114402,0
2,62,S2150490,0
2,63,S2506967,0
2,64,S2140145,0
2,65,S2409391,0
2,66,S2154955,0
2,67,S2434571,0
2,68,S2330984,0
2,69,S2343314,0
2,70,S2344461,0
2,71,S2412714,0
2,72,S2141805,0
2,73,S2135431,0
2,74,S2426615,0
2,75,S2409928,0
2,76,S2535840,0
2,77,S2332142,0
2,78,S2524777,0
2,79,S2511008,0
2,80,S2227604,0
2,81,S2254659,0
2,82,S2407941,0
2,83,S2435852,0
2,84,S2226370,0
2,85,S2527323,0
2,86,S2220918,0
2,87,S2421437,0
2,88,S2511006,0
2,89,S2506966,0
2,90,S2413768,0
2,91,S2409390,0
2,92,S2138905,0
2,93,S2322861,0
2,94,S2143766,0
2,95,S2214324,0
2,96,S2043434,0
2,97,S2144967,0
2,98,S2133162,0
2,99,S2253529,0
2,100,S2415070,0
2,101,S2420601,0
2,102,S2334388,0
2,103,S2413769,0
2,104,S2300331,0
2,105,S2334386,0
2,106,S2403702,0
2,107,S2501301,0
2,108,S2237601,0
2,109,S2413342,0
2,110,S2433346,0
2,111,S2154957,0
2,112,S2352827,0
2,113,S2251252,0
2,114,S2227621,0
2,115,S2129802,0
2,116,S2202567,0
2,117,S2233279,0
2,118,S2154963,0
2,119,S2320991,0
2,120,S2412713,0
2,121,S2143769,0
2,122,S2247859,0
2,123,S2156020,0
2,124,S2154958,0
2,125,S2229969,0
2,126,S2524760,0
2,127,S2236494,0
2,128,S2415689,0
2,129,S2323112,0
2,130,S2312318,0
2,131,S2410451,0
2,132,S2408481,0
2,133,S2531985,0
2,134,S2334411,0
2,135,S2332144,0
2,136,S2426614,0
2,137,S2422844,0
2,138,S2330982,0
2,139,S2248983,0
2,140,S2310075,0
2,141,S2343311,0
2,142,S2222063,0
2,143,S2149393,0
2,144,S2347457,0
2,145,S2336494,0
2,146,S2513846,0
2,147,S2237603,0
2,148,S2111062,0
2,149,S2320993,1
2,150,S2330983,0
2,151,S2511010,0
2,152,S2028919,0
2,153,S2410458,0
2,154,S2215454,0
2,155,S2344458,0
2,156,S2431866,0
2,157,S2143765,0
2,158,S2412061,0
2,159,S2235319,1
2,160,S2144969,0
2,161,S2248988,0
2,162,S2429063,0
2,163,S2434915,0
2,164,S2149396,0
2,165,S2505506,0
2,166,S2412725,0
2,167,S2135429,0
2,168,S2352826,0
2,169,S2142820,0
2,170,S2304561,0
2,171,S1940316,1
2,172,S2207353,0
2,173,S2431862,0
2,174,S2312320,0
2,175,S2332143,0
2,176,S2222945,0
2,177,S2307080,0
2,178,S2140144,0
2,179,S2231091,0
2,180,S2144966,0
2,181,S2352429,0
2,182,S2343312,0
2,183,S2025604,0
2,184,S2210205,0
2,185,S2313440,0
2,186,S2232191,0
2,187,S2308045,0
2,188,S2241560,0
2,189,S2300360,0
2,190,S2235315,0
2,191,S2504721,0
2,192,S2516970,0
2,193,S2140147,0
2,194,S2501300,0
2,195,S2436454,0
2,196,S2211180,0
2,197,S2422845,0
2,198,S2530985,0
2,199,S2140148,0
2,200,S2326332,0
2,201,S2133154,0
2,202,S2222062,0
2,203,S2203734,0
2,204,S2244729,0
2,205,S2202565,0
2,206,S2346543,0
2,207,S2210200,0
2,208,S2245753,0
2,209,S2406264,0
2,210,S2135430,0
2,211,S2302643,0
2,212,S2214325,0
2,213,S2216629,0
2,214,S2323107,0
2,215,S2310079,0
2,216,S2108730,0
2,217,S2209232,0
2,218,S2210207,0
2,219,S2420603,0
2,220,S2216605,0
2,221,S2433341,0
2,222,S2346179,0
2,223,S2207462,0
2,224,S2430053,0
2,225,S2407939,0
2,226,S2348398,0
2,227,S2434133,0
2,228,S2209237,0
2,229,S2119964,0
2,230,S2304560,0
2,231,S2513847,0
2,232,S2313436,0
2,233,S2220927,0
2,234,S2415692,0
2,235,S2318956,1
2,236,S2239522,0
2,237,S2209234,0
2,238,S2151614,0
2,239,S2405217,0
2,240,S2508630,0
2,241,S2411029,0
2,242,S2150495,0
2,243,S2506960,0
2,244,S2234200,0
2,245,S2133157,0
2,246,S2414954,0
2,247,S2205207,0
2,248,S2216631,0
2,249,S2320992,0
2,250,S2243826,0
2,251,S2330986,0
2,252,S2419119,0
2,253,S2208404,0
2,254,S2251247,0
2,255,S2144972,0
2,256,S2241562,0
2,257,S2315844,0
2,258,S2210206,0
2,259,S2531989,0
2,260,S2408480,0
2,261,S2216630,0
2,262,S2530063,0
2,263,S2516971,0
2,264,S2203737,0
2,265,S2209230,0
2,266,S2342914,0
2,267,S2407940,0
2,268,S2209229,0
2,269,S2415690,0
2,270,S2404885,0
2,271,S2228789,0
2,272,S2325143,0
2,273,S2154959,0
2,274,S2406754,0
2,275,S2144970,0
2,276,S2326329,0
2,277,S2330985,0
2,278,S2241564,0
2,279,S2150494,0
2,280,S2202568,0
2,281,S2205211,0
2,282,S2210204,0
2,283,S2207349,0
2,284,S2425034,0
2,285,S2028921,0
2,286,S2410460,0
2,287,S2409389,0
2,288,S2129801,0
2,289,S2149398,0
2,290,S2311234,0
2,291,S2402484,0
2,292,S2200310,0
2,293,S2200309,0
2,294,S2210199,0
2,295,S2102543,0
2,296,S2239523,0
2,297,S2232192,0
2,298,S2416977,0
2,299,S2338783,0
2,300,S2326330,0
2,301,S2210202,0
2,302,S2201380,0
2,303,S2136522,0
2,304,S2315841,0
2,305,S2328623,0
2,306,S2140143,0
2,307,S2141806,0
2,308,S2147205,0
2,309,S2132028,0
2,310,S2406038,0
2,311,S1818746,1
2,312,S2520404,0
2,313,S2247860,1
2,314,S2513848,0
2,315,S2417717,0
2,316,S2206287,0
2,317,S2329756,0
2,318,S2329754,0
2,319,S2203735,0
2,320,S2515598,0
2,321,S2306850,0
2,322,S2505508,0
2,323,S2419850,0
2,324,S2327690,0
2,325,S2434134,0
2,326,S2414955,0
2,327,S2311236,0
2,328,S2149394,0
2,329,S2130897,0
2,330,S2311238,0
2,331,S2336496,0
2,332,S2323108,0
2,333,S2129803,0
2,334,S2402482,0
2,335,S2325142,0
2,336,S2408482,0
2,337,S2210203,0
2,338,S2222061,0
2,339,S2351751,0
2,340,S2206288,0
2,341,S2242499,0
2,342,S2148219,0
2,343,S2228788,0
2,344,S2133159,0
2,345,S2419848,0
2,346,S2148220,0
2,347,S2236493,0
2,348,S2424258,0
2,349,S2141808,0
2,350,S2509420,0
2,351,S2503127,0
2,352,S2504719,0
2,353,S2228790,0
2,354,S2133158,0
2,355,S2521240,0
2,356,S2300361,0
2,357,S2400070,0
3,0,S2336496,0
3,1,S2531989,0
3,2,S2214326,0
3,3,S2209237,0
3,4,S2330985,0
3,5,S2228790,0
3,6,S2306015,0
3,7,S2323108,0
3,8,S2205211,0
3,9,S2343312,0
3,10,S2209232,0
3,11,S2527323,0
3,12,S2202564,0
3,13,S2343314,0
3,14,S2408482,0
3,15,S2136522,0
3,16,S2237601,0
3,17,S2248988,0
3,18,S2312318,0
3,19,S2312322,0
3,20,S2322861,0
3,21,S2348398,0
3,22,S2200310,0
3,23,S2433346,0
3,24,S2530991,0
3,25,S2531985,0
3,26,S2346543,0
3,27,S2311234,0
3,28,S2239522,0
3,29,S2421430,0
3,30,S2133159,0
3,31,S2314588,0
3,32,S2028919,0
3,33,S2214324,0
3,34,S2144969,0
3,35,S2154963,0
3,36,S2143767,0
3,37,S2216629,0
3,38,S2207349,0
3,39,S2141806,0
3,40,S2302644,0
3,41,S2419850,0
3,42,S2419848,0
3,43,S2144970,0
3,44,S2209234,0
3,45,S2232192,0
3,46,S2326332,0
3,47,S2154958,0
3,48,S2241562,0
3,49,S2245753,0
3,50,S2505506,0
3,51,S2422845,0
3,52,S2410451,0
3,53,S2215453,0
3,54,S2330982,0
3,55,S2508631,0
3,56,S2511007,0
3,57,S2102543,0
3,58,S2240724,0
3,59,S2408481,0
3,60,S2352827,0
3,61,S2329756,0
3,62,S2300361,0
3,63,S2320991,0
3,64,S2412725,0
3,65,S2043434,0
3,66,S2133157,0
3,67,S2211180,0
3,68,S2129803,0
3,69,S2311236,0
3,70,S2409928,0
3,71,S2313436,0
3,72,S2310080,0
3,73,S2402484,0
3,74,S2248983,0
3,75,S2228788,0
3,76,S2235315,0
3,77,S2206287,0
3,78,S2423618,0
3,79,S2236493,0
3,80,S2402482,0
3,81,S2413769,0
3,82,S2220927,0
3,83,S2530985,0
3,84,S2414954,0
3,85,S2408480,0
3,86,S2025604,0
3,87,S2207350,0
3,88,S2352825,0
3,89,S2243826,0
3,90,S2410460,0
3,91,S2153833,0
3,92,S2235319,1
3,93,S2133158,0
3,94,S2330986,0
3,95,S2332143,0
3,96,S2406038,0
3,97,S2429062,0
3,98,S2505508,0
3,99,S2434571,0
3,100,S2326329,0
3,101,S2342914,0
3,102,S2135431,0
3,103,S2229537,0
3,104,S2148219,0
3,105,S2419119,0
3,106,S2315844,0
3,107,S2202565,0
3,108,S2150494,0
3,109,S2431866,0
3,110,S2210207,0
3,111,S2415070,0
3,112,S2347457,0
3,113,S2334386,0
3,114,S2344458,0
3,115,S2325143,0
3,116,S2516970,0
3,117,S2252333,0
3,118,S2501300,0
3,119,S2311238,0
3,120,S2330984,0
3,121,S2306850,0
3,122,S2506967,0
3,123,S2434134,0
3,124,S2232191,0
3,125,S2502090,0
3,126,S2412714,0
3,127,S2143766,0
3,128,S2225226,0
3,129,S2516971,0
3,130,S2149396,0
3,131,S2501301,0
3,132,S2323112,0
3,133,S2425034,0
3,134,S2213274,0
3,135,S2133162,0
3,136,S2315841,0
3,137,S2149393,0
3,138,S2222063,0
3,139,S2308045,0
3,140,S2506960,0
3,141,S2202568,0
3,142,S2433341,0
3,143,S2247860,1
3,144,S2524760,0
3,145,S2407940,0
3,146,S2515598,0
3,147,S2313440,0
3,148,S2503128,0
3,149,S2225225,0
3,150,S2513846,0
3,151,S2154955,0
3,152,S2228787,0
3,153,S2318956,1
3,154,S2506966,0
3,155,S2114402,0
3,156,S2409391,0
3,157,S2511010,0
3,158,S2135429,0
3,159,S1818746,1
3,160,S2415690,0
3,161,S2140148,0
3,162,S2535840,0
3,163,S2201380,0
3,164,S2233279,0
3,165,S2203737,0
3,166,S2206288,0
3,167,S2314591,0
3,168,S1940316,1
3,169,S2210199,0
3,170,S2210202,0
3,171,S2332142,0
3,172,S2420603,0
3,173,S2142820,0
3,174,S2435852,0
3,175,S2424255,0
3,176,S2226370,0
3,177,S2148220,0
3,178,S2237603,0
3,179,S2222945,0
3,180,S2251252,0
3,181,S2304561,0
3,182,S2220918,0
3,183,S2119964,0
3,184,S2413342,0
3,185,S2403702,0
3,186,S2247859,0
3,187,S2426615,0
3,188,S2513847,0
3,189,S2320993,1
3,190,S2203734,0
3,191,S2251247,0
3,192,S2253529,0
3,193,S2424258,0
3,194,S2216631,0
3,195,S2229969,0
3,196,S2141808,0
3,197,S2222061,0
3,198,S2216630,0
3,199,S2436454,0
3,200,S2216605,0
3,201,S2143769,0
3,202,S2207462,0
3,203,S2144966,0
3,204,S2406754,0
3,205,S2140144,0
3,206,S2344461,0
3,207,S2511008,0
3,208,S2227621,0
3,209,S2338786,0
3,210,S2406264,0
3,211,S2424259,0
3,212,S2312320,0
3,213,S2521240,0
3,214,S2430053,0
3,215,S2420601,0
3,216,S2409390,0
3,217,S2511006,0
3,218,S2208404,0
3,219,S2210200,0
3,220,S2409392,0
3,221,S2417717,0
3,222,S2407939,0
3,223,S2244729,0
3,224,S2150490,0
3,225,S2227604,0
3,226,S2205207,0
3,227,S2234199,0
3,228,S2420604,0
3,229,S2129802,0
3,230,S2504721,0
3,231,S2508630,0
3,232,S2415689,0
3,233,S2316900,0
3,234,S2426614,0
3,235,S2142821,0
3,236,S2235318,0
3,237,S2504719,0
3,238,S2214325,0
3,239,S2147205,0
3,240,S2210203,0
3,241,S2352826,0
3,242,S2431862,0
3,243,S2415692,0
3,244,S2156020,0
3,245,S2424250,0
3,246,S2215454,0
3,247,S2304560,0
3,248,S2434133,0
3,249,S2400070,0
3,250,S2330983,0
3,251,S2411030,0
3,252,S2135430,0
3,253,S2141805,0
3,254,S2412061,0
3,255,S2334388,0
3,256,S2310075,0
3,257,S2144972,0
3,258,S2246785,0
3,259,S2151614,0
3,260,S2422844,0
3,261,S2111062,0
3,262,S2533022,0
3,263,S2530063,0
3,264,S2154959,0
3,265,S2203735,0
3,266,S2224007,0
3,267,S2149394,0
3,268,S2412713,0
3,269,S2326330,0
3,270,S2343311,0
3,271,S2528218,0
3,272,S2429063,0
3,273,S2513848,0
3,274,S1940063,0
3,275,S2320992,0
3,276,S2213275,0
3,277,S2404885,0
3,278,S2336494,0
3,279,S2234200,0
3,280,S2133154,0
3,281,S2327690,0
3,282,S2410458,0
3,283,S2325142,0
3,284,S2202567,0
3,285,S2130900,0
3,286,S2310079,0
3,287,S2407941,0
3,288,S2327485,0
3,289,S2524777,0
3,290,S2405217,0
3,291,S2509420,0
3,292,S2240726,0
3,293,S2328623,0
3,294,S2344462,0
3,295,S2307080,0
3,296,S2346179,0
3,297,S2503127,0
3,298,S2208362,0
3,299,S2434915,0
3,300,S2129801,0
3,301,S2210204,0
3,302,S2143764,0
3,303,S2149398,0
3,304,S2505507,0
3,305,S2219753,0
3,306,S2108730,0
3,307,S2306847,0
3,308,S2138905,0
3,309,S2241560,0
3,310,S2209230,0
3,311,S2207353,0
3,312,S2414955,0
3,313,S2413768,0
3,314,S2437882,0
3,315,S2156022,0
3,316,S2351751,0
3,317,S2241564,0
3,318,S2239523,0
3,319,S2409389,0
3,320,S2421437,0
3,321,S2332144,0
3,322,S2140143,0
3,323,S2338783,0
3,324,S2334411,0
3,325,S2140145,0
3,326,S2329754,0
3,327,S2339820,0
3,328,S2323107,0
3,329,S2154957,0
3,330,S2228789,0
3,331,S2143765,0
3,332,S2226376,0
3,333,S2200309,0
3,334,S2300331,0
3,335,S2140147,0
3,336,S2227608,0
3,337,S2210205,0
3,338,S2236494,0
3,339,S2130897,0
3,340,S2210206,0
3,341,S2015922,0
3,342,S2300360,0
3,343,S2150495,0
3,344,S2302643,0
3,345,S2416977,0
3,346,S2254659,0
3,347,S2411029,0
3,348,S2222062,0
3,349,S2231091,0
3,350,S2520404,0
3,351,S2132028,0
3,352,S2352429,0
3,353,S2028921,0
3,354,S2144967,0
3,355,S2350730,1
3,356,S2242499,0
3,357,S2209229,0
4,0,S2350730,1
4,1,S2210207,0
4,2,S2304561,0
4,3,S2235318,0
4,4,S2343311,0
4,5,S2508631,0
4,6,S2419850,0
4,7,S2308045,0
4,8,S2209237,0
4,9,S2222062,0
4,10,S2228790,0
4,11,S2232192,0
4,12,S2400070,0
4,13,S2214325,0
4,14,S2202568,0
4,15,S2203734,0
4,16,S2407939,0
4,17,S2334386,0
4,18,S2153833,0
4,19,S2206288,0
4,20,S2227621,0
4,21,S2135430,0
4,22,S2505507,0
4,23,S2149394,0
4,24,S2302644,0
4,25,S2412061,0
4,26,S2433346,0
4,27,S2246785,0
4,28,S2348398,0
4,29,S2205211,0
4,30,S2511006,0
4,31,S2203737,0
4,32,S2114402,0
4,33,S2154958,0
4,34,S2140145,0
4,35,S2210199,0
4,36,S2247860,1
4,37,S2140148,0
4,38,S2505508,0
4,39,S2149393,0
4,40,S2141808,0
4,41,S2527323,0
4,42,S2424255,0
4,43,S2412713,0
4,44,S2252333,0
4,45,S2434133,0
4,46,S2150495,0
4,47,S2336494,0
4,48,S2227608,0
4,49,S2245753,0
4,50,S2111062,0
4,51,S2130900,0
4,52,S2220927,0
4,53,S2210202,0
4,54,S2144970,0
4,55,S2235315,0
4,56,S2424250,0
4,57,S2154957,0
4,58,S2501300,0
4,59,S2241560,0
4,60,S2227604,0
4,61,S2302643,0
4,62,S2232191,0
4,63,S2222063,0
4,64,S2151614,0
4,65,S2318956,1
4,66,S2530985,0
4,67,S2426614,0
4,68,S2320992,0
4,69,S2142820,0
4,70,S2347457,0
4,71,S2334388,0
4,72,S2351751,0
4,73,S2138905,0
4,74,S2310079,0
4,75,S2224007,0
4,76,S2506960,0
4,77,S1940316,1
4,78,S2156020,0
4,79,S2326332,0
4,80,S2240724,0
4,81,S2228787,0
4,82,S2241564,0
4,83,S2313440,0
4,84,S2306015,0
4,85,S2410451,0
4,86,S2154963,0
4,87,S1818746,1
4,88,S2311238,0
4,89,S2222945,0
4,90,S2352429,0
4,91,S2501301,0
4,92,S2133162,0
4,93,S2429062,0
4,94,S2410458,0
4,95,S2415689,0
4,96,S2311234,0
4,97,S2502090,0
4,98,S2332143,0
4,99,S2143765,0
4,100,S2314588,0
4,101,S2513847,0
4,102,S2310075,0
4,103,S2237601,0
4,104,S2207350,0
4,105,S2520404,0
4,106,S2143767,0
4,107,S2413342,0
4,108,S2421430,0
4,109,S2420601,0
4,110,S2150490,0
4,111,S2216629,0
4,112,S2403702,0
4,113,S2202565,0
4,114,S2323107,0
4,115,S2216605,0
4,116,S2511007,0
4,117,S2209230,0
4,118,S2344461,0
4,119,S2203735,0
4,120,S2412725,0
4,121,S2328623,0
4,122,S2513846,0
4,123,S2402482,0
4,124,S2210203,0
4,125,S2516971,0
4,126,S2431866,0
4,127,S2253529,0
4,128,S2531985,0
4,129,S2229969,0
4,130,S2531989,0
4,131,S2233279,0
4,132,S2434134,0
4,133,S2248983,0
4,134,S2304560,0
4,135,S2209232,0
4,136,S2130897,0
4,137,S2144966,0
4,138,S2322861,0
4,139,S2420603,0
4,140,S2434915,0
4,141,S2415690,0
4,142,S2248988,0
4,143,S2352826,0
4,144,S2142821,0
4,145,S2228789,0
4,146,S2511010,0
4,147,S2344458,0
4,148,S2511008,0
4,149,S2226370,0
4,150,S2530991,0
4,151,S2513848,0
4,152,S1940063,0
4,153,S2413768,0
4,154,S2241562,0
4,155,S2409390,0
4,156,S2407940,0
4,157,S2535840,0
4,158,S2330985,0
4,159,S2205207,0
4,160,S2300331,0
4,161,S2210200,0
4,162,S2216631,0
4,163,S2313436,0
4,164,S2506966,0
4,165,S2144967,0
4,166,S2329756,0
4,167,S2228788,0
4,168,S2213274,0
4,169,S2143766,0
4,170,S2148220,0
4,171,S2320991,0
4,172,S2320993,1
4,173,S2429063,0
4,174,S2312322,0
4,175,S2201380,0
4,176,S2338786,0
4,177,S2315844,0
4,178,S2326329,0
4,179,S2430053,0
4,180,S2508630,0
4,181,S2244729,0
4,182,S2323108,0
4,183,S2207462,0
4,184,S2424258,0
4,185,S2209234,0
4,186,S2316900,0
4,187,S2225225,0
4,188,S2414954,0
4,189,S2156022,0
4,190,S2524760,0
4,191,S2211180,0
4,192,S2346179,0
4,193,S2140144,0
4,194,S2144972,0
4,195,S2216630,0
4,196,S2210206,0
4,197,S2043434,0
4,198,S2240726,0
4,199,S2300360,0
4,200,S2323112,0
4,201,S2332144,0
4,202,S2425034,0
4,203,S2409389,0
4,204,S2154955,0
4,205,S2208404,0
4,206,S2133158,0
4,207,S2015922,0
4,208,S2236494,0
4,209,S2327485,0
4,210,S2343314,0
4,211,S2200309,0
4,212,S2239522,0
4,213,S2344462,0
4,214,S2437882,0
4,215,S2237603,0
4,216,S2422845,0
4,217,S2409928,0
4,218,S2150494,0
4,219,S2410460,0
4,220,S2215454,0
4,221,S2311236,0
4,222,S2412714,0
4,223,S2334411,0
4,224,S2312318,0
4,225,S2136522,0
4,226,S2339820,0
4,227,S2147205,0
4,228,S2206287,0
4,229,S2342914,0
4,230,S2135431,0
4,231,S2239523,0
4,232,S2140147,0
4,233,S2409391,0
4,234,S2207353,0
4,235,S2533022,0
4,236,S2415070,0
4,237,S2504719,0
4,238,S2243826,0
4,239,S2330986,0
4,240,S2408480,0
4,241,S2140143,0
4,242,S2325143,0
4,243,S2210204,0
4,244,S2329754,0
4,245,S2200310,0
4,246,S2420604,0
4,247,S2234200,0
4,248,S2416977,0
4,249,S2524777,0
4,250,S2415692,0
4,251,S2505506,0
4,252,S2530063,0
4,253,S2408482,0
4,254,S2141806,0
4,255,S2226376,0
4,256,S2407941,0
4,257,S2148219,0
4,258,S2419119,0
4,259,S2133154,0
4,260,S2028921,0
4,261,S2436454,0
4,262,S2434571,0
4,263,S2327690,0
4,264,S2129801,0
4,265,S2214324,0
4,266,S2314591,0
4,267,S2242499,0
4,268,S2222061,0
4,269,S2421437,0
4,270,S2417717,0
4,271,S2143764,0
4,272,S2129803,0
4,273,S2506967,0
4,274,S2336496,0
4,275,S2419848,0
4,276,S2528218,0
4,277,S2431862,0
4,278,S2028919,0
4,279,S2516970,0
4,280,S2132028,0
4,281,S2141805,0
4,282,S2352825,0
4,283,S2413769,0
4,284,S2326330,0
4,285,S2135429,0
4,286,S2338783,0
4,287,S2306847,0
4,288,S2210205,0
4,289,S2330982,0
4,290,S2332142,0
4,291,S2406754,0
4,292,S2352827,0
4,293,S2504721,0
4,294,S2307080,0
4,295,S2133157,0
4,296,S2251247,0
4,297,S2214326,0
4,298,S2433341,0
4,299,S2102543,0
4,300,S2330983,0
4,301,S2315841,0
4,302,S2515598,0
4,303,S2025604,0
4,304,S2411029,0
4,305,S2509420,0
4,306,S2247859,0
4,307,S2144969,0
4,308,S2154959,0
4,309,S2435852,0
4,310,S2521240,0
4,311,S2404885,0
4,312,S2312320,0
4,313,S2225226,0
4,314,S2231091,0
4,315,S2220918,0
4,316,S2426615,0
4,317,S2251252,0
4,318,S2219753,0
4,319,S2108730,0
4,320,S2229537,0
4,321,S2235319,1
4,322,S2202564,0
4,323,S2414955,0
4,324,S2209229,0
4,325,S2422844,0
4,326,S2149398,0
4,327,S2234199,0
4,328,S2330984,0
4,329,S2306850,0
4,330,S2215453,0
4,331,S2343312,0
4,332,S2409392,0
4,333,S2202567,0
4,334,S2119964,0
4,335,S2208362,0
4,336,S2236493,0
4,337,S2346543,0
4,338,S2213275,0
4,339,S2408481,0
4,340,S2402484,0
4,341,S2503128,0
4,342,S2133159,0
4,343,S2254659,0
4,344,S2424259,0
4,345,S2423618,0
4,346,S2405217,0
4,347,S2207349,0
4,348,S2503127,0
4,349,S2300361,0
4,350,S2325142,0
4,351,S2411030,0
4,352,S2406264,0
4,353,S2143769,0
4,354,S2406038,0
4,355,S2310080,0
4,356,S2129802,0
4,357,S2149396,0
5,0,S2415692,0
5,1,S2431862,0
5,2,S2343311,0
5,3,S2227604,0
5,4,S2430053,0
5,5,S2207350,0
5,6,S2129803,0
5,7,S2228790,0
5,8,S2144966,0
5,9,S2330983,0
5,10,S2234200,0
5,11,S2254659,0
5,12,S2245753,0
5,13,S2501301,0
5,14,S2407940,0
5,15,S2242499,0
5,16,S2352827,0
5,17,S2140145,0
5,18,S2209229,0
5,19,S2343314,0
5,20,S2149393,0
5,21,S2205207,0
5,22,S2225226,0
5,23,S2424258,0
5,24,S2513846,0
5,25,S2429062,0
5,26,S2400070,0
5,27,S2154959,0
5,28,S2144969,0
5,29,S2216629,0
5,30,S2346179,0
5,31,S2222063,0
5,32,S2207353,0
5,33,S2533022,0
5,34,S2409928,0
5,35,S2226370,0
5,36,S2237603,0
5,37,S2421430,0
5,38,S2504719,0
5,39,S2408481,0
5,40,S2236493,0
5,41,S2414954,0
5,42,S2142821,0
5,43,S1940063,0
5,44,S2143764,0
5,45,S2144972,0
5,46,S2102543,0
5,47,S2156022,0
5,48,S2409391,0
5,49,S2205211,0
5,50,S2426614,0
5,51,S2506960,0
5,52,S2347457,0
5,53,S2154958,0
5,54,S2236494,0
5,55,S2200310,0
5,56,S2431866,0
5,57,S2300331,0
5,58,S2315841,0
5,59,S2521240,0
5,60,S2344461,0
5,61,S2421437,0
5,62,S2141805,0
5,63,S2313440,0
5,64,S2306015,0
5,65,S2338783,0
5,66,S1818746,1
5,67,S2235318,0
5,68,S2420601,0
5,69,S2318956,1
5,70,S2210207,0
5,71,S2130900,0
5,72,S2313436,0
5,73,S2251247,0
5,74,S2325143,0
5,75,S2344462,0
5,76,S2336494,0
5,77,S2203735,0
5,78,S2203734,0
5,79,S2327690,0
5,80,S2214326,0
5,81,S2422844,0
5,82,S2141808,0
5,83,S2416977,0
5,84,S2208362,0
5,85,S2210203,0
5,86,S2028919,0
5,87,S2506967,0
5,88,S2329754,0
5,89,S2325142,0
5,90,S2435852,0
5,91,S2142820,0
5,92,S2252333,0
5,93,S2316900,0
5,94,S2151614,0
5,95,S2111062,0
5,96,S2233279,0
5,97,S2241562,0
5,98,S2330984,0
5,99,S2135429,0
5,100,S2140144,0
5,101,S2412714,0
5,102,S2434571,0
5,103,S2222945,0
5,104,S2402484,0
5,105,S2202564,0
5,106,S2133154,0
5,107,S2154963,0
5,108,S2414955,0
5,109,S2114402,0
5,110,S2342914,0
5,111,S2332143,0
5,112,S2511008,0
5,113,S2304561,0
5,114,S2407939,0
5,115,S2241564,0
5,116,S2300360,0
5,117,S2511010,0
5,118,S2234199,0
5,119,S2528218,0
5,120,S2220918,0
5,121,S2143767,0
5,122,S2408480,0
5,123,S2209232,0
5,124,S2211180,0
5,125,S2412713,0
5,126,S2143769,0
5,127,S2300361,0
5,128,S2320991,0
5,129,S2144967,0
5,130,S2235315,0
5,131,S2220927,0
5,132,S2417717,0
5,133,S2226376,0
5,134,S2214324,0
5,135,S2326332,0
5,136,S2527323,0
5,137,S2327485,0
5,138,S2149396,0
5,139,S2520404,0
5,140,S2119964,0
5,141,S2504721,0
5,142,S2424250,0
5,143,S2135431,0
5,144,S2209237,0
5,145,S2133158,0
5,146,S2229537,0
5,147,S2314588,0
5,148,S2413769,0
5,149,S2516970,0
5,150,S2210200,0
5,151,S2535840,0
5,152,S2339820,0
5,153,S2308045,0
5,154,S2144970,0
5,155,S2334386,0
5,156,S2406038,0
5,157,S2150494,0
5,158,S2135430,0
5,159,S2412725,0
5,160,S2505507,0
5,161,S2408482,0
5,162,S2419119,0
5,163,S2202567,0
5,164,S2413768,0
5,165,S2312318,0
5,166,S2425034,0
5,167,S2150490,0
5,168,S2215454,0
5,169,S2344458,0
5,170,S2429063,0
5,171,S2531989,0
5,172,S2235319,1
5,173,S2436454,0
5,174,S2310080,0
5,175,S2415070,0
5,176,S2133159,0
5,177,S2222061,0
5,178,S2228787,0
5,179,S2210205,0
5,180,S2403702,0
5,181,S2232192,0
5,182,S2227621,0
5,183,S2239522,0
5,184,S2202568,0
5,185,S2320992,0
5,186,S2530985,0
5,187,S2530063,0
5,188,S2302643,0
5,189,S2424259,0
5,190,S2402482,0
5,191,S2208404,0
5,192,S2531985,0
5,193,S2130897,0
5,194,S2503127,0
5,195,S2246785,0
5,196,S2328623,0
5,197,S2216631,0
5,198,S2322861,0
5,199,S2225225,0
5,200,S2228788,0
5,201,S2210202,0
5,202,S2310075,0
5,203,S2509420,0
5,204,S2323107,0
5,205,S2025604,0
5,206,S2213275,0
5,207,S2434133,0
5,208,S2133157,0
5,209,S2141806,0
5,210,S2149394,0
5,211,S2251252,0
5,212,S2433346,0
5,213,S2332144,0
5,214,S2132028,0
5,215,S2320993,1
5,216,S2239523,0
5,217,S2210206,0
5,218,S2524760,0
5,219,S2348398,0
5,220,S2153833,0
5,221,S2513847,0
5,222,S2248983,0
5,223,S2502090,0
5,224,S2210204,0
5,225,S2410458,0
5,226,S2501300,0
5,227,S2420604,0
5,228,S2404885,0
5,229,S2516971,0
5,230,S2154957,0
5,231,S2351751,0
5,232,S2330986,0
5,233,S2326329,0
5,234,S2419848,0
5,235,S2228789,0
5,236,S2415690,0
5,237,S2409389,0
5,238,S2200309,0
5,239,S2129802,0
5,240,S2247860,1
5,241,S2411029,0
5,242,S2028921,0
5,243,S2336496,0
5,244,S2244729,0
5,245,S2314591,0
5,246,S2329756,0
5,247,S2530991,0
5,248,S1940316,1
5,249,S2434134,0
5,250,S2133162,0
5,251,S2426615,0
5,252,S2148220,0
5,253,S2424255,0
5,254,S2202565,0
5,255,S2231091,0
5,256,S2346543,0
5,257,S2304560,0
5,258,S2147205,0
5,259,S2207349,0
5,260,S2219753,0
5,261,S2505508,0
5,262,S2323112,0
5,263,S2149398,0
5,264,S2505506,0
5,265,S2352825,0
5,266,S2506966,0
5,267,S2203737,0
5,268,S2410451,0
5,269,S2412061,0
5,270,S2352826,0
5,271,S2140148,0
5,272,S2247859,0
5,273,S2334388,0
5,274,S2311234,0
5,275,S2407941,0
5,276,S2206288,0
5,277,S2210199,0
5,278,S2209234,0
5,279,S2406754,0
5,280,S2406264,0
5,281,S2524777,0
5,282,S2409390,0
5,283,S2209230,0
5,284,S2140143,0
5,285,S2330985,0
5,286,S2310079,0
5,287,S2511007,0
5,288,S2140147,0
5,289,S2419850,0
5,290,S2411030,0
5,291,S2214325,0
5,292,S2332142,0
5,293,S2312320,0
5,294,S2315844,0
5,295,S2224007,0
5,296,S2422845,0
5,297,S2338786,0
5,298,S2503128,0
5,299,S2043434,0
5,300,S2227608,0
5,301,S2248988,0
5,302,S2330982,0
5,303,S2241560,0
5,304,S2307080,0
5,305,S2216630,0
5,306,S2253529,0
5,307,S2143765,0
5,308,S2216605,0
5,309,S2508631,0
5,310,S2138905,0
5,311,S2222062,0
5,312,S2311236,0
5,313,S2326330,0
5,314,S2015922,0
5,315,S2423618,0
5,316,S2213274,0
5,317,S2150495,0
5,318,S2413342,0
5,319,S2240724,0
5,320,S2410460,0
5,321,S2513848,0
5,322,S2215453,0
5,323,S2511006,0
5,324,S2240726,0
5,325,S2350730,1
5,326,S2206287,0
5,327,S2148219,0
5,328,S2237601,0
5,329,S2515598,0
5,330,S2207462,0
5,331,S2306847,0
5,332,S2433341,0
5,333,S2108730,0
5,334,S2143766,0
5,335,S2306850,0
5,336,S2232191,0
5,337,S2323108,0
5,338,S2343312,0
5,339,S2243826,0
5,340,S2311238,0
5,341,S2201380,0
5,342,S2156020,0
5,343,S2129801,0
5,344,S2434915,0
5,345,S2415689,0
5,346,S2420603,0
5,347,S2136522,0
5,348,S2302644,0
5,349,S2508630,0
5,350,S2334411,0
5,351,S2229969,0
5,352,S2312322,0
5,353,S2409392,0
5,354,S2437882,0
5,355,S2352429,0
5,356,S2405217,0
5,357,S2154955,0
6,0,S2513846,0
6,1,S2140143,0
6,2,S2306015,0
6,3,S2149393,0
6,4,S2144969,0
6,5,S2313436,0
6,6,S2144970,0
6,7,S2233279,0
6,8,S2154958,0
6,9,S2531985,0
6,10,S2251252,0
6,11,S2244729,0
6,12,S2406754,0
6,13,S2210203,0
6,14,S2501300,0
6,15,S2138905,0
6,16,S2412714,0
6,17,S2508631,0
6,18,S2235318,0
6,19,S2313440,0
6,20,S2351751,0
6,21,S2149396,0
6,22,S2304561,0
6,23,S2236493,0
6,24,S2241564,0
6,25,S2419119,0
6,26,S2403702,0
6,27,S2308045,0
6,28,S2205207,0
6,29,S2156022,0
6,30,S2248983,0
6,31,S2119964,0
6,32,S2209237,0
6,33,S2424258,0
6,34,S2133154,0
6,35,S2413769,0
6,36,S2242499,0
6,37,S2325143,0
6,38,S2132028,0
6,39,S2227621,0
6,40,S2402484,0
6,41,S2228787,0
6,42,S2219753,0
6,43,S2203737,0
6,44,S2343312,0
6,45,S2143765,0
6,46,S2424259,0
6,47,S2302644,0
6,48,S2531989,0
6,49,S2332142,0
6,50,S2516971,0
6,51,S2412061,0
6,52,S2216605,0
6,53,S2300331,0
6,54,S2407941,0
6,55,S2426614,0
6,56,S2513848,0
6,57,S2436454,0
6,58,S2312318,0
6,59,S2150494,0
6,60,S2326329,0
6,61,S2420604,0
6,62,S2344461,0
6,63,S2216629,0
6,64,S2144966,0
6,65,S2225225,0
6,66,S2237601,0
6,67,S2239522,0
6,68,S2234200,0
6,69,S2409928,0
6,70,S2210199,0
6,71,S2111062,0
6,72,S2434134,0
6,73,S2330986,0
6,74,S2247860,1
6,75,S2414955,0
6,76,S2424255,0
6,77,S2515598,0
6,78,S2207462,0
6,79,S2144972,0
6,80,S2406038,0
6,81,S2409390,0
6,82,S2423618,0
6,83,S2503128,0
6,84,S2153833,0
6,85,S2312320,0
6,86,S2334388,0
6,87,S2505506,0
6,88,S2213275,0
6,89,S2133157,0
6,90,S2320993,1
6,91,S2236494,0
6,92,S2015922,0
6,93,S2304560,0
6,94,S2431862,0
6,95,S2225226,0
6,96,S2222945,0
6,97,S2135430,0
6,98,S2419850,0
6,99,S2407940,0
6,100,S2334411,0
6,101,S2342914,0
6,102,S2411029,0
6,103,S2417717,0
6,104,S2237603,0
6,105,S2506966,0
6,106,S2231091,0
6,107,S2533022,0
6,108,S2408481,0
6,109,S2150495,0
6,110,S2203735,0
6,111,S2506960,0
6,112,S2325142,0
6,113,S2214325,0
6,114,S2149398,0
6,115,S2207353,0
6,116,S2133158,0
6,117,S2508630,0
6,118,S2415070,0
6,119,S2409391,0
6,120,S2511010,0
6,121,S2326330,0
6,122,S2102543,0
6,123,S2140144,0
6,124,S2129802,0
6,125,S2352827,0
6,126,S2241562,0
6,127,S2210207,0
6,128,S2422845,0
6,129,S2350730,1
6,130,S2318956,1
6,131,S2140148,0
6,132,S2210200,0
6,133,S2154955,0
6,134,S2433346,0
6,135,S2143767,0
6,136,S2140145,0
6,137,S2530991,0
6,138,S2201380,0
6,139,S2235319,1
6,140,S2108730,0
6,141,S2141806,0
6,142,S2344458,0
6,143,S2136522,0
6,144,S2327690,0
6,145,S2315841,0
6,146,S2411030,0
6,147,S2025604,0
6,148,S2435852,0
6,149,S2130897,0
6,150,S2210206,0
6,151,S2203734,0
6,152,S2220927,0
6,153,S2311238,0
6,154,S2210204,0
6,155,S1818746,1
6,156,S2028919,0
6,157,S2130900,0
6,158,S2208404,0
6,159,S2314591,0
6,160,S2210202,0
6,161,S2524777,0
6,162,S2141808,0
6,163,S2227608,0
6,164,S2254659,0
6,165,S2530985,0
6,166,S2143764,0
6,167,S2338786,0
6,168,S2226376,0
6,169,S2505507,0
6,170,S2420601,0
6,171,S2300361,0
6,172,S2202567,0
6,173,S2339820,0
6,174,S2412725,0
6,175,S2332143,0
6,176,S2310075,0
6,177,S1940063,0
6,178,S2431866,0
6,179,S2252333,0
6,180,S2415690,0
6,181,S2246785,0
6,182,S2429062,0
6,183,S2504719,0
6,184,S2253529,0
6,185,S2400070,0
6,186,S2505508,0
6,187,S2208362,0
6,188,S2530063,0
6,189,S2300360,0
6,190,S2209229,0
6,191,S2206288,0
6,192,S2143769,0
6,193,S2043434,0
6,194,S2150490,0
6,195,S2154957,0
6,196,S2235315,0
6,197,S2141805,0
6,198,S2416977,0
6,199,S2527323,0
6,200,S2344462,0
6,201,S2434571,0
6,202,S2232191,0
6,203,S2413342,0
6,204,S2154963,0
6,205,S2343314,0
6,206,S2200310,0
6,207,S2314588,0
6,208,S2412713,0
6,209,S2535840,0
6,210,S2410460,0
6,211,S2429063,0
6,212,S2434915,0
6,213,S2352429,0
6,214,S2434133,0
6,215,S2346179,0
6,216,S2240724,0
6,217,S2330982,0
6,218,S2506967,0
6,219,S2330983,0
6,220,S2247859,0
6,221,S2209234,0
6,222,S2312322,0
6,223,S2329756,0
6,224,S2229969,0
6,225,S2248988,0
6,226,S2503127,0
6,227,S2330984,0
6,228,S2334386,0
6,229,S2207349,0
6,230,S2135429,0
6,231,S2222063,0
6,232,S2327485,0
6,233,S2114402,0
6,234,S2332144,0
6,235,S2316900,0
6,236,S2409392,0
6,237,S2224007,0
6,238,S2211180,0
6,239,S2144967,0
6,240,S2220918,0
6,241,S2215453,0
6,242,S2422844,0
6,243,S2406264,0
6,244,S2336494,0
6,245,S2323107,0
6,246,S2156020,0
6,247,S2425034,0
6,248,S2437882,0
6,249,S1940316,1
6,250,S2315844,0
6,251,S2142821,0
6,252,S2207350,0
6,253,S2151614,0
6,254,S2245753,0
6,255,S2320992,0
6,256,S2205211,0
6,257,S2133159,0
6,258,S2410451,0
6,259,S2240726,0
6,260,S2415692,0
6,261,S2243826,0
6,262,S2501301,0
6,263,S2222061,0
6,264,S2214326,0
6,265,S2227604,0
6,266,S2511008,0
6,267,S2133162,0
6,268,S2206287,0
6,269,S2433341,0
6,270,S2147205,0
6,271,S2322861,0
6,272,S2409389,0
6,273,S2148220,0
6,274,S2348398,0
6,275,S2202568,0
6,276,S2336496,0
6,277,S2413768,0
6,278,S2404885,0
6,279,S2129801,0
6,280,S2228790,0
6,281,S2306847,0
6,282,S2202565,0
6,283,S2528218,0
6,284,S2328623,0
6,285,S2251247,0
6,286,S2234199,0
6,287,S2419848,0
6,288,S2407939,0
6,289,S2307080,0
6,290,S2310080,0
6,291,S2226370,0
6,292,S2408482,0
6,293,S2405217,0
6,294,S2200309,0
6,295,S2239523,0
6,296,S2222062,0
6,297,S2129803,0
6,298,S2421430,0
6,299,S2209230,0
6,300,S2209232,0
6,301,S2430053,0
6,302,S2513847,0
6,303,S2154959,0
6,304,S2509420,0
6,305,S2149394,0
6,306,S2213274,0
6,307,S2140147,0
6,308,S2241560,0
6,309,S2414954,0
6,310,S2323112,0
6,311,S2216630,0
6,312,S2210205,0
6,313,S2310079,0
6,314,S2402482,0
6,315,S2143766,0
6,316,S2302643,0
6,317,S2142820,0
6,318,S2229537,0
6,319,S2214324,0
6,320,S2320991,0
6,321,S2520404,0
6,322,S2343311,0
6,323,S2347457,0
6,324,S2352826,0
6,325,S2228788,0
6,326,S2516970,0
6,327,S2323108,0
6,328,S2511006,0
6,329,S2426615,0
6,330,S2424250,0
6,331,S2329754,0
6,332,S2410458,0
6,333,S2216631,0
6,334,S2148219,0
6,335,S2228789,0
6,336,S2408480,0
6,337,S2502090,0
6,338,S2215454,0
6,339,S2421437,0
6,340,S2504721,0
6,341,S2338783,0
6,342,S2352825,0
6,343,S2511007,0
6,344,S2028921,0
6,345,S2330985,0
6,346,S2311234,0
6,347,S2135431,0
6,348,S2202564,0
6,349,S2420603,0
6,350,S2311236,0
6,351,S2232192,0
6,352,S2524760,0
6,353,S2306850,0
6,354,S2346543,0
6,355,S2415689,0
6,356,S2326332,0
6,357,S2521240,0
7,0,S2025604,0
7,1,S2330985,0
7,2,S2430053,0
7,3,S2520404,0
7,4,S2504719,0
7,5,S2506960,0
7,6,S2320992,0
7,7,S2426614,0
7,8,S2133158,0
7,9,S2114402,0
7,10,S2222945,0
7,11,S2207350,0
7,12,S2431862,0
7,13,S2424259,0
7,14,S2502090,0
7,15,S2154959,0
7,16,S2322861,0
7,17,S2402484,0
7,18,S2336496,0
7,19,S2216629,0
7,20,S2343312,0
7,21,S2421437,0
7,22,S2313436,0
7,23,S2149398,0
7,24,S2233279,0
7,25,S2530991,0
7,26,S2434134,0
7,27,S2408481,0
7,28,S2436454,0
7,29,S2426615,0
7,30,S2151614,0
7,31,S2235315,0
7,32,S2129802,0
7,33,S2409389,0
7,34,S2506966,0
7,35,S2240726,0
7,36,S2352429,0
7,37,S2400070,0
7,38,S2332142,0
7,39,S2150490,0
7,40,S2424250,0
7,41,S2148220,0
7,42,S2203737,0
7,43,S2149393,0
7,44,S2239522,0
7,45,S2501300,0
7,46,S2203734,0
7,47,S2318956,1
7,48,S2133157,0
7,49,S2254659,0
7,50,S2312320,0
7,51,S2409391,0
7,52,S2229969,0
7,53,S2210204,0
7,54,S2325142,0
7,55,S2410458,0
7,56,S2200310,0
7,57,S2408480,0
7,58,S2043434,0
7,59,S2351751,0
7,60,S2205211,0
7,61,S2304561,0
7,62,S2433346,0
7,63,S2300360,0
7,64,S2130897,0
7,65,S2144970,0
7,66,S2247859,0
7,67,S2141806,0
7,68,S2424258,0
7,69,S2352825,0
7,70,S2210200,0
7,71,S2130900,0
7,72,S2506967,0
7,73,S2133162,0
7,74,S2420601,0
7,75,S2327690,0
7,76,S2142821,0
7,77,S2416977,0
7,78,S2228789,0
7,79,S2513847,0
7,80,S2154955,0
7,81,S2227621,0
7,82,S2248983,0
7,83,S2505508,0
7,84,S2409392,0
7,85,S2313440,0
7,86,S2148219,0
7,87,S2234199,0
7,88,S2245753,0
7,89,S2425034,0
7,90,S2232192,0
7,91,S2325143,0
7,92,S2200309,0
7,93,S2209234,0
7,94,S2240724,0
7,95,S2306850,0
7,96,S2412713,0
7,97,S2332143,0
7,98,S2338786,0
7,99,S2330983,0
7,100,S2404885,0
7,101,S2207462,0
7,102,S2513848,0
7,103,S2129801,0
7,104,S2141808,0
7,105,S2524760,0
7,106,S2209229,0
7,107,S2207353,0
7,108,S2136522,0
7,109,S2504721,0
7,110,S2143767,0
7,111,S2028919,0
7,112,S2220927,0
7,113,S2226376,0
7,114,S2237603,0
7,115,S2226370,0
7,116,S2214326,0
7,117,S2410451,0
7,118,S2214324,0
7,119,S2310080,0
7,120,S2028921,0
7,121,S2431866,0
7,122,S2143769,0
7,123,S2406754,0
7,124,S2241562,0
7,125,S2111062,0
7,126,S2236494,0
7,127,S2228788,0
7,128,S2302643,0
7,129,S2216630,0
7,130,S2348398,0
7,131,S2314591,0
7,132,S2344458,0
7,133,S2511006,0
7,134,S2239523,0
7,135,S2143766,0
7,136,S2434571,0
7,137,S2307080,0
7,138,S2415690,0
7,139,S2140144,0
7,140,S2213275,0
7,141,S2417717,0
7,142,S2330986,0
7,143,S2535840,0
7,144,S2342914,0
7,145,S2140147,0
7,146,S2311238,0
7,147,S2423618,0
7,148,S2227608,0
7,149,S2350730,1
7,150,S2330984,0
7,151,S2405217,0
7,152,S2237601,0
7,153,S2150495,0
7,154,S2409928,0
7,155,S2235318,0
7,156,S2310075,0
7,157,S2429063,0
7,158,S2208404,0
7,159,S2202568,0
7,160,S2311236,0
7,161,S2414954,0
7,162,S1818746,1
7,163,S2332144,0
7,164,S2513846,0
7,165,S2208362,0
7,166,S2412714,0
7,167,S2422845,0
7,168,S2407939,0
7,169,S2408482,0
7,170,S2154963,0
7,171,S2153833,0
7,172,S2334411,0
7,173,S2302644,0
7,174,S2156020,0
7,175,S2142820,0
7,176,S2511007,0
7,177,S2144967,0
7,178,S2334386,0
7,179,S2530063,0
7,180,S2515598,0
7,181,S2203735,0
7,182,S2242499,0
7,183,S2315844,0
7,184,S2143765,0
7,185,S2411030,0
7,186,S2244729,0
7,187,S2156022,0
7,188,S2311234,0
7,189,S2300361,0
7,190,S2406264,0
7,191,S2531985,0
7,192,S2253529,0
7,193,S2232191,0
7,194,S2216605,0
7,195,S2528218,0
7,196,S2334388,0
7,197,S2102543,0
7,198,S2140145,0
7,199,S2135431,0
7,200,S2508631,0
7,201,S2511008,0
7,202,S2141805,0
7,203,S2150494,0
7,204,S2224007,0
7,205,S2433341,0
7,206,S2413342,0
7,207,S2209230,0
7,208,S2133159,0
7,209,S2509420,0
7,210,S2135429,0
7,211,S2207349,0
7,212,S2209237,0
7,213,S2225226,0
7,214,S2228790,0
7,215,S2222063,0
7,216,S2524777,0
7,217,S2251252,0
7,218,S2300331,0
7,219,S2202565,0
7,220,S2412061,0
7,221,S2437882,0
7,222,S2138905,0
7,223,S2236493,0
7,224,S2511010,0
7,225,S2415692,0
7,226,S2229537,0
7,227,S2503127,0
7,228,S2215453,0
7,229,S2220918,0
7,230,S2414955,0
7,231,S2338783,0
7,232,S2312318,0
7,233,S2210205,0
7,234,S2310079,0
7,235,S2344461,0
7,236,S2222061,0
7,237,S2343311,0
7,238,S2144966,0
7,239,S2429062,0
7,240,S2531989,0
7,241,S2505507,0
7,242,S2202567,0
7,243,S2154957,0
7,244,S2402482,0
7,245,S2323107,0
7,246,S2327485,0
7,247,S2530985,0
7,248,S2108730,0
7,249,S2210199,0
7,250,S2521240,0
7,251,S2343314,0
7,252,S2213274,0
7,253,S2434915,0
7,254,S2241560,0
7,255,S2135430,0
7,256,S2403702,0
7,257,S2328623,0
7,258,S2339820,0
7,259,S2347457,0
7,260,S2251247,0
7,261,S2214325,0
7,262,S2209232,0
7,263,S2243826,0
7,264,S2516970,0
7,265,S2316900,0
7,266,S2413769,0
7,267,S2415689,0
7,268,S2308045,0
7,269,S2326332,0
7,270,S2210202,0
7,271,S2329754,0
7,272,S2219753,0
7,273,S2227604,0
7,274,S2516971,0
7,275,S2329756,0
7,276,S2210206,0
7,277,S2206288,0
7,278,S2434133,0
7,279,S2129803,0
7,280,S2326329,0
7,281,S2215454,0
7,282,S2419850,0
7,283,S2210203,0
7,284,S2228787,0
7,285,S1940063,0
7,286,S2323108,0
7,287,S2422844,0
7,288,S2352827,0
7,289,S2252333,0
7,290,S2234200,0
7,291,S2015922,0
7,292,S2140143,0
7,293,S2410460,0
7,294,S2149394,0
7,295,S2144969,0
7,296,S2411029,0
7,297,S2320993,1
7,298,S2246785,0
7,299,S2527323,0
7,300,S2211180,0
7,301,S2421430,0
7,302,S2315841,0
7,303,S2412725,0
7,304,S2501301,0
7,305,S2508630,0
7,306,S2154958,0
7,307,S2352826,0
7,308,S2533022,0
7,309,S2326330,0
7,310,S2222062,0
7,311,S2149396,0
7,312,S2406038,0
7,313,S2435852,0
7,314,S2304560,0
7,315,S2205207,0
7,316,S2409390,0
7,317,S2336494,0
7,318,S2419119,0
7,319,S2420604,0
7,320,S2225225,0
7,321,S2312322,0
7,322,S2505506,0
7,323,S2133154,0
7,324,S2231091,0
7,325,S2346179,0
7,326,S2407940,0
7,327,S2503128,0
7,328,S2420603,0
7,329,S2413768,0
7,330,S2419848,0
7,331,S2306847,0
7,332,S2144972,0
7,333,S2140148,0
7,334,S2323112,0
7,335,S2415070,0
7,336,S2247860,1
7,337,S2241564,0
7,338,S2202564,0
7,339,S1940316,1
7,340,S2407941,0
7,341,S2119964,0
7,342,S2147205,0
7,343,S2344462,0
7,344,S2210207,0
7,345,S2216631,0
7,346,S2248988,0
7,347,S2314588,0
7,348,S2346543,0
7,349,S2330982,0
7,350,S2206287,0
7,351,S2201380,0
7,352,S2235319,1
7,353,S2143764,0
7,354,S2132028,0
7,355,S2320991,0
7,356,S2306015,0
7,357,S2424255,0
8,0,S2028919,0
8,1,S2243826,0
8,2,S2407939,0
8,3,S2209234,0
8,4,S2516971,0
8,5,S2503127,0
8,6,S2232192,0
8,7,S2332143,0
8,8,S2214325,0
8,9,S2325143,0
8,10,S2346543,0
8,11,S2200310,0
8,12,S2352429,0
8,13,S2330984,0
8,14,S2332142,0
8,15,S2320993,1
8,16,S2431862,0
8,17,S2144972,0
8,18,S2140145,0
8,19,S2300331,0
8,20,S2521240,0
8,21,S2245753,0
8,22,S2346179,0
8,23,S2209232,0
8,24,S2412725,0
8,25,S2406754,0
8,26,S2226376,0
8,27,S2207462,0
8,28,S2424255,0
8,29,S2323108,0
8,30,S2129801,0
8,31,S2235319,1
8,32,S2402484,0
8,33,S2502090,0
8,34,S2338783,0
8,35,S2147205,0
8,36,S2304561,0
8,37,S2236493,0
8,38,S2323112,0
8,39,S2228790,0
8,40,S2314591,0
8,41,S2234199,0
8,42,S2216631,0
8,43,S2318956,1
8,44,S2253529,0
8,45,S2210206,0
8,46,S2424258,0
8,47,S2336496,0
8,48,S2228787,0
8,49,S2410460,0
8,50,S2310075,0
8,51,S2431866,0
8,52,S2214326,0
8,53,S2533022,0
8,54,S2424250,0
8,55,S2237603,0
8,56,S2408481,0
8,57,S2201380,0
8,58,S2506960,0
8,59,S2252333,0
8,60,S2434571,0
8,61,S2149394,0
8,62,S2530985,0
8,63,S2419850,0
8,64,S2436454,0
8,65,S2240726,0
8,66,S2153833,0
8,67,S2414955,0
8,68,S2411030,0
8,69,S2420601,0
8,70,S2215454,0
8,71,S2420604,0
8,72,S2229537,0
8,73,S2528218,0
8,74,S2407940,0
8,75,S2242499,0
8,76,S2414954,0
8,77,S2149396,0
8,78,S2224007,0
8,79,S2227608,0
8,80,S2300361,0
8,81,S2306850,0
8,82,S2415689,0
8,83,S2306847,0
8,84,S2312322,0
8,85,S2108730,0
8,86,S2325142,0
8,87,S2413342,0
8,88,S2205211,0
8,89,S2334388,0
8,90,S2213275,0
8,91,S2530991,0
8,92,S2426615,0
8,93,S2206288,0
8,94,S2216605,0
8,95,S2148219,0
8,96,S2433346,0
8,97,S2504719,0
8,98,S2210207,0
8,99,S2210204,0
8,100,S2043434,0
8,101,S2302643,0
8,102,S2141805,0
8,103,S2138905,0
8,104,S2119964,0
8,105,S2332144,0
8,106,S2144970,0
8,107,S2210202,0
8,108,S2154955,0
8,109,S2412713,0
8,110,S2342914,0
8,111,S2240724,0
8,112,S2251247,0
8,113,S2207349,0
8,114,S2144967,0
8,115,S2330985,0
8,116,S2413769,0
8,117,S2330982,0
8,118,S2140144,0
8,119,S2434915,0
8,120,S2102543,0
8,121,S2239523,0
8,122,S2329756,0
8,123,S2251252,0
8,124,S2216629,0
8,125,S2426614,0
8,126,S2227621,0
8,127,S2505507,0
8,128,S2402482,0
8,129,S2154957,0
8,130,S2330986,0
8,131,S2327690,0
8,132,S2227604,0
8,133,S2235318,0
8,134,S2214324,0
8,135,S2142820,0
8,136,S2203735,0
8,137,S2207353,0
8,138,S2236494,0
8,139,S2326329,0
8,140,S2400070,0
8,141,S2241560,0
8,142,S2202564,0
8,143,S2420603,0
8,144,S2312318,0
8,145,S2244729,0
8,146,S2202567,0
8,147,S2513847,0
8,148,S2213274,0
8,149,S2208404,0
8,150,S2348398,0
8,151,S2203734,0
8,152,S2408480,0
8,153,S2406264,0
8,154,S2229969,0
8,155,S2430053,0
8,156,S2200309,0
8,157,S2352825,0
8,158,S2505508,0
8,159,S2133157,0
8,160,S2503128,0
8,161,S2508630,0
8,162,S1818746,1
8,163,S2304560,0
8,164,S2210203,0
8,165,S2501300,0
8,166,S2247860,1
8,167,S2535840,0
8,168,S2207350,0
8,169,S2422844,0
8,170,S2314588,0
8,171,S2209237,0
8,172,S2154958,0
8,173,S2421430,0
8,174,S2408482,0
8,175,S2135429,0
8,176,S2320992,0
8,177,S2028921,0
8,178,S2140148,0
8,179,S2220927,0
8,180,S2320991,0
8,181,S2511007,0
8,182,S2156020,0
8,183,S2415690,0
8,184,S2228789,0
8,185,S2506966,0
8,186,S2434133,0
8,187,S2154959,0
8,188,S2143766,0
8,189,S2511010,0
8,190,S2409392,0
8,191,S2509420,0
8,192,S2344461,0
8,193,S2437882,0
8,194,S2343311,0
8,195,S2140147,0
8,196,S2225225,0
8,197,S2524760,0
8,198,S2209229,0
8,199,S2531985,0
8,200,S2208362,0
8,201,S2410458,0
8,202,S2310079,0
8,203,S2416977,0
8,204,S2415070,0
8,205,S2211180,0
8,206,S2334411,0
8,207,S2206287,0
8,208,S2219753,0
8,209,S2111062,0
8,210,S2336494,0
8,211,S2322861,0
8,212,S2140143,0
8,213,S2247859,0
8,214,S2254659,0
8,215,S2202568,0
8,216,S2132028,0
8,217,S2409389,0
8,218,S2425034,0
8,219,S2343312,0
8,220,S2312320,0
8,221,S2403702,0
8,222,S2154963,0
8,223,S2141806,0
8,224,S2511006,0
8,225,S2150490,0
8,226,S2156022,0
8,227,S2129803,0
8,228,S2421437,0
8,229,S2530063,0
8,230,S2343314,0
8,231,S2505506,0
8,232,S2231091,0
8,233,S2419119,0
8,234,S2409390,0
8,235,S2409391,0
8,236,S2135431,0
8,237,S2232191,0
8,238,S2235315,0
8,239,S2422845,0
8,240,S2143764,0
8,241,S2228788,0
8,242,S2351751,0
8,243,S2210205,0
8,244,S1940316,1
8,245,S2241562,0
8,246,S2220918,0
8,247,S2513846,0
8,248,S2315844,0
8,249,S2136522,0
8,250,S2405217,0
8,251,S2114402,0
8,252,S2133158,0
8,253,S2434134,0
8,254,S2307080,0
8,255,S2205207,0
8,256,S2133159,0
8,257,S2315841,0
8,258,S2412714,0
8,259,S2144966,0
8,260,S2141808,0
8,261,S2313436,0
8,262,S2423618,0
8,263,S2417717,0
8,264,S2419848,0
8,265,S2327485,0
8,266,S2415692,0
8,267,S2311238,0
8,268,S2429062,0
8,269,S2406038,0
8,270,S2326332,0
8,271,S2248988,0
8,272,S2516970,0
8,273,S2329754,0
8,274,S2222063,0
8,275,S2411029,0
8,276,S2148220,0
8,277,S2135430,0
8,278,S2334386,0
8,279,S2216630,0
8,280,S2133154,0
8,281,S2143767,0
8,282,S2210199,0
8,283,S2338786,0
8,284,S2222061,0
8,285,S2143765,0
8,286,S2150494,0
8,287,S2311236,0
8,288,S2520404,0
8,289,S2202565,0
8,290,S2225226,0
8,291,S2412061,0
8,292,S2300360,0
8,293,S2433341,0
8,294,S2344458,0
8,295,S2328623,0
8,296,S2352827,0
8,297,S2144969,0
8,298,S2203737,0
8,299,S2407941,0
8,300,S2504721,0
8,301,S2435852,0
8,302,S2210200,0
8,303,S2524777,0
8,304,S2149393,0
8,305,S2344462,0
8,306,S2350730,1
8,307,S2222945,0
8,308,S2508631,0
8,309,S2143769,0
8,310,S2149398,0
8,311,S2410451,0
8,312,S2234200,0
8,313,S2226370,0
8,314,S2248983,0
8,315,S2130897,0
8,316,S2215453,0
8,317,S2025604,0
8,318,S2527323,0
8,319,S2352826,0
8,320,S2151614,0
8,321,S2501301,0
8,322,S2429063,0
8,323,S2233279,0
8,324,S2330983,0
8,325,S2130900,0
8,326,S2413768,0
8,327,S2150495,0
8,328,S2531989,0
8,329,S2015922,0
8,330,S2142821,0
8,331,S2313440,0
8,332,S2511008,0
8,333,S2129802,0
8,334,S2310080,0
8,335,S2404885,0
8,336,S1940063,0
8,337,S2241564,0
8,338,S2133162,0
8,339,S2347457,0
8,340,S2513848,0
8,341,S2506967,0
8,342,S2209230,0
8,343,S2246785,0
8,344,S2308045,0
8,345,S2239522,0
8,346,S2316900,0
8,347,S2306015,0
8,348,S2311234,0
8,349,S2326330,0
8,350,S2222062,0
8,351,S2424259,0
8,352,S2339820,0
8,353,S2323107,0
8,354,S2237601,0
8,355,S2409928,0
8,356,S2302644,0
8,357,S2515598,0
9,0,S2311236,0
9,1,S2515598,0
9,2,S2409389,0
9,3,S2141805,0
9,4,S2406038,0
9,5,S2330985,0
9,6,S2141808,0
9,7,S2135429,0
9,8,S2422845,0
9,9,S2524760,0
9,10,S2206287,0
9,11,S2248983,0
9,12,S2332144,0
9,13,S2506967,0
9,14,S2210199,0
9,15,S2138905,0
9,16,S2402484,0
9,17,S2350730,1
9,18,S2424250,0
9,19,S2505506,0
9,20,S2332143,0
9,21,S2205211,0
9,22,S1940316,1
9,23,S2028919,0
9,24,S2235318,0
9,25,S2211180,0
9,26,S2521240,0
9,27,S2351751,0
9,28,S2422844,0
9,29,S2327690,0
9,30,S2330984,0
9,31,S2426615,0
9,32,S2143766,0
9,33,S2313436,0
9,34,S2415070,0
9,35,S2513846,0
9,36,S2343311,0
9,37,S2214325,0
9,38,S2411030,0
9,39,S2419850,0
9,40,S2312322,0
9,41,S2114402,0
9,42,S2247860,1
9,43,S2505508,0
9,44,S2520404,0
9,45,S2413342,0
9,46,S2415689,0
9,47,S2144966,0
9,48,S2216605,0
9,49,S2334411,0
9,50,S2251252,0
9,51,S2505507,0
9,52,S2224007,0
9,53,S2400070,0
9,54,S2511006,0
9,55,S2234199,0
9,56,S2419848,0
9,57,S2330982,0
9,58,S2310080,0
9,59,S2228789,0
9,60,S2318956,1
9,61,S2412713,0
9,62,S2516970,0
9,63,S2143769,0
9,64,S2234200,0
9,65,S2143764,0
9,66,S2216631,0
9,67,S2235319,1
9,68,S2142820,0
9,69,S2028921,0
9,70,S2240726,0
9,71,S2130897,0
9,72,S2144967,0
9,73,S2429062,0
9,74,S2133157,0
9,75,S2433346,0
9,76,S2527323,0
9,77,S2207349,0
9,78,S2506960,0
9,79,S2143765,0
9,80,S2222062,0
9,81,S2140144,0
9,82,S2111062,0
9,83,S2315841,0
9,84,S2207462,0
9,85,S2313440,0
9,86,S2300361,0
9,87,S2227608,0
9,88,S2347457,0
9,89,S2323107,0
9,90,S2409390,0
9,91,S2504721,0
9,92,S2149396,0
9,93,S2344462,0
9,94,S2434571,0
9,95,S2509420,0
9,96,S2412714,0
9,97,S2411029,0
9,98,S2511010,0
9,99,S2323108,0
9,100,S2236493,0
9,101,S2135430,0
9,102,S2316900,0
9,103,S2202568,0
9,104,S2304560,0
9,105,S2502090,0
9,106,S2253529,0
9,107,S2213275,0
9,108,S2524777,0
9,109,S2254659,0
9,110,S2431862,0
9,111,S2501300,0
9,112,S2338783,0
9,113,S2220927,0
9,114,S2338786,0
9,115,S2200309,0
9,116,S2325142,0
9,117,S2203737,0
9,118,S2237601,0
9,119,S2308045,0
9,120,S2214324,0
9,121,S2143767,0
9,122,S2352826,0
9,123,S2409392,0
9,124,S2426614,0
9,125,S2205207,0
9,126,S2102543,0
9,127,S2417717,0
9,128,S2215453,0
9,129,S2352429,0
9,130,S2144972,0
9,131,S2334388,0
9,132,S2149398,0
9,133,S2315844,0
9,134,S2343312,0
9,135,S2207353,0
9,136,S2312320,0
9,137,S2344461,0
9,138,S2300331,0
9,139,S2222945,0
9,140,S2154955,0
9,141,S2136522,0
9,142,S2511008,0
9,143,S2348398,0
9,144,S2433341,0
9,145,S2503127,0
9,146,S2232192,0
9,147,S2419119,0
9,148,S2530063,0
9,149,S2154959,0
9,150,S2156020,0
9,151,S2226370,0
9,152,S2247859,0
9,153,S2241562,0
9,154,S2133154,0
9,155,S2216630,0
9,156,S2506966,0
9,157,S2232191,0
9,158,S2133162,0
9,159,S2251247,0
9,160,S2306847,0
9,161,S2144969,0
9,162,S2135431,0
9,163,S2132028,0
9,164,S2434134,0
9,165,S2343314,0
9,166,S2206288,0
9,167,S2424255,0
9,168,S2225225,0
9,169,S2210205,0
9,170,S2133159,0
9,171,S2210207,0
9,172,S2424259,0
9,173,S2533022,0
9,174,S2434133,0
9,175,S2530991,0
9,176,S2531989,0
9,177,S2311238,0
9,178,S2130900,0
9,179,S2252333,0
9,180,S2242499,0
9,181,S2306850,0
9,182,S2314591,0
9,183,S2334386,0
9,184,S2231091,0
9,185,S2140148,0
9,186,S2150490,0
9,187,S2210203,0
9,188,S2346543,0
9,189,S2228788,0
9,190,S2144970,0
9,191,S2209237,0
9,192,S2322861,0
9,193,S2407939,0
9,194,S2207350,0
9,195,S2326329,0
9,196,S2511007,0
9,197,S2229969,0
9,198,S2239522,0
9,199,S2140147,0
9,200,S2240724,0
9,201,S2531985,0
9,202,S2025604,0
9,203,S2320991,0
9,204,S2437882,0
9,205,S2330986,0
9,206,S2413769,0
9,207,S2352827,0
9,208,S2210204,0
9,209,S2310075,0
9,210,S2339820,0
9,211,S2412061,0
9,212,S2329756,0
9,213,S2237603,0
9,214,S1818746,1
9,215,S2302643,0
9,216,S2431866,0
9,217,S2407941,0
9,218,S2241564,0
9,219,S1940063,0
9,220,S2235315,0
9,221,S2243826,0
9,222,S2352825,0
9,223,S2208404,0
9,224,S2153833,0
9,225,S2202564,0
9,226,S2413768,0
9,227,S2307080,0
9,228,S2216629,0
9,229,S2501301,0
9,230,S2528218,0
9,231,S2311234,0
9,232,S2407940,0
9,233,S2415692,0
9,234,S2342914,0
9,235,S2208362,0
9,236,S2326330,0
9,237,S2436454,0
9,238,S2336494,0
9,239,S2129802,0
9,240,S2149394,0
9,241,S2423618,0
9,242,S2503128,0
9,243,S2210200,0
9,244,S2414955,0
9,245,S2140145,0
9,246,S2421430,0
9,247,S2215454,0
9,248,S2203734,0
9,249,S2209234,0
9,250,S2154957,0
9,251,S2140143,0
9,252,S2408481,0
9,253,S2434915,0
9,254,S2410458,0
9,255,S2306015,0
9,256,S2435852,0
9,257,S2241560,0
9,258,S2425034,0
9,259,S2222061,0
9,260,S2513848,0
9,261,S2421437,0
9,262,S2141806,0
9,263,S2133158,0
9,264,S2246785,0
9,265,S2213274,0
9,266,S2406754,0
9,267,S2329754,0
9,268,S2327485,0
9,269,S2424258,0
9,270,S2302644,0
9,271,S2508630,0
9,272,S2314588,0
9,273,S2323112,0
9,274,S2219753,0
9,275,S2420601,0
9,276,S2328623,0
9,277,S2214326,0
9,278,S2420604,0
9,279,S2201380,0
9,280,S2228787,0
9,281,S2404885,0
9,282,S2410460,0
9,283,S2222063,0
9,284,S2200310,0
9,285,S2430053,0
9,286,S2142821,0
9,287,S2228790,0
9,288,S2229537,0
9,289,S2245753,0
9,290,S2239523,0
9,291,S2150494,0
9,292,S2304561,0
9,293,S2414954,0
9,294,S2202567,0
9,295,S2236494,0
9,296,S2344458,0
9,297,S2406264,0
9,298,S2408482,0
9,299,S2346179,0
9,300,S2415690,0
9,301,S2108730,0
9,302,S2147205,0
9,303,S2244729,0
9,304,S2405217,0
9,305,S2429063,0
9,306,S2209232,0
9,307,S2325143,0
9,308,S2154958,0
9,309,S2409928,0
9,310,S2332142,0
9,311,S2326332,0
9,312,S2233279,0
9,313,S2402482,0
9,314,S2119964,0
9,315,S2227604,0
9,316,S2535840,0
9,317,S2015922,0
9,318,S2210202,0
9,319,S2151614,0
9,320,S2227621,0
9,321,S2154963,0
9,322,S2330983,0
9,323,S2148219,0
9,324,S2516971,0
9,325,S2320993,1
9,326,S2420603,0
9,327,S2310079,0
9,328,S2403702,0
9,329,S2409391,0
9,330,S2312318,0
9,331,S2226376,0
9,332,S2508631,0
9,333,S2513847,0
9,334,S2148220,0
9,335,S2043434,0
9,336,S2320992,0
9,337,S2203735,0
9,338,S2300360,0
9,339,S2156022,0
9,340,S2129803,0
9,341,S2220918,0
9,342,S2408480,0
9,343,S2248988,0
9,344,S2416977,0
9,345,S2150495,0
9,346,S2410451,0
9,347,S2504719,0
9,348,S2336496,0
9,349,S2225226,0
9,350,S2129801,0
9,351,S2209230,0
9,352,S2530985,0
9,353,S2412725,0
9,354,S2209229,0
9,355,S2202565,0
9,356,S2149393,0
9,357,S2210206,0
10,0,S2149394,0
10,1,S2133157,0
10,2,S2207462,0
10,3,S2311236,0
10,4,S2516971,0
10,5,S2210200,0
10,6,S2133158,0
10,7,S2530063,0
10,8,S2318956,1
10,9,S2225225,0
10,10,S2410460,0
10,11,S2207350,0
10,12,S2210204,0
10,13,S2505506,0
10,14,S2241562,0
10,15,S2410458,0
10,16,S2503127,0
10,17,S2520404,0
10,18,S2149398,0
10,19,S2242499,0
10,20,S2419850,0
10,21,S2344462,0
10,22,S2312322,0
10,23,S2138905,0
10,24,S2210199,0
10,25,S2206287,0
10,26,S2323108,0
10,27,S2254659,0
10,28,S2320991,0
10,29,S2338783,0
10,30,S2144972,0
10,31,S2524777,0
10,32,S2213274,0
10,33,S2352429,0
10,34,S2216605,0
10,35,S2232191,0
10,36,S2028921,0
10,37,S2133162,0
10,38,S1940316,1
10,39,S2426614,0
10,40,S2210205,0
10,41,S2330983,0
10,42,S2219753,0
10,43,S2411029,0
10,44,S2533022,0
10,45,S2511008,0
10,46,S2413769,0
10,47,S2144969,0
10,48,S2339820,0
10,49,S2413342,0
10,50,S2402484,0
10,51,S2143767,0
10,52,S2154958,0
10,53,S2247859,0
10,54,S2028919,0
10,55,S2154959,0
10,56,S2330982,0
10,57,S2209234,0
10,58,S2434571,0
10,59,S2410451,0
10,60,S2412061,0
10,61,S2330984,0
10,62,S2419119,0
10,63,S2326329,0
10,64,S2528218,0
10,65,S2140145,0
10,66,S2431866,0
10,67,S2435852,0
10,68,S2330986,0
10,69,S2240726,0
10,70,S2248983,0
10,71,S2327690,0
10,72,S2228790,0
10,73,S2430053,0
10,74,S2346179,0
10,75,S2222945,0
10,76,S2323112,0
10,77,S2208404,0
10,78,S2429063,0
10,79,S2252333,0
10,80,S2505507,0
10,81,S2521240,0
10,82,S2130897,0
10,83,S2506960,0
10,84,S2351751,0
10,85,S2531989,0
10,86,S2404885,0
10,87,S2253529,0
10,88,S2147205,0
10,89,S2150495,0
10,90,S2530985,0
10,91,S2240724,0
10,92,S2325142,0
10,93,S2227621,0
10,94,S2143766,0
10,95,S2506966,0
10,96,S2214326,0
10,97,S2201380,0
10,98,S2237603,0
10,99,S2141806,0
10,100,S2320992,0
10,101,S2434133,0
10,102,S2142820,0
10,103,S2515598,0
10,104,S2229537,0
10,105,S2501300,0
10,106,S2403702,0
10,107,S2144967,0
10,108,S2311238,0
10,109,S2307080,0
10,110,S2203737,0
10,111,S2419848,0
10,112,S2228787,0
10,113,S1818746,1
10,114,S2300331,0
10,115,S2434134,0
10,116,S2239523,0
10,117,S2129803,0
10,118,S2326332,0
10,119,S2209229,0
10,120,S2421437,0
10,121,S2135429,0
10,122,S2334388,0
10,123,S2409392,0
10,124,S2315841,0
10,125,S2508631,0
10,126,S2241564,0
10,127,S2229969,0
10,128,S2216629,0
10,129,S2119964,0
10,130,S2156020,0
10,131,S2108730,0
10,132,S2308045,0
10,133,S2336496,0
10,134,S2343314,0
10,135,S2315844,0
10,136,S2352826,0
10,137,S2420603,0
10,138,S2332143,0
10,139,S2209237,0
10,140,S2513848,0
10,141,S2433346,0
10,142,S2220918,0
10,143,S2424255,0
10,144,S2334411,0
10,145,S2222062,0
10,146,S2429062,0
10,147,S2406264,0
10,148,S2506967,0
10,149,S2325143,0
10,150,S2422845,0
10,151,S2313436,0
10,152,S2344458,0
10,153,S2413768,0
10,154,S2304560,0
10,155,S2236494,0
10,156,S2407939,0
10,157,S2336494,0
10,158,S2329754,0
10,159,S2407941,0
10,160,S2416977,0
10,161,S2233279,0
10,162,S2322861,0
10,163,S2304561,0
10,164,S2247860,1
10,165,S2306847,0
10,166,S2200309,0
10,167,S2402482,0
10,168,S2314591,0
10,169,S2406754,0
10,170,S2209230,0
10,171,S2334386,0
10,172,S2535840,0
10,173,S2140143,0
10,174,S2130900,0
10,175,S2227604,0
10,176,S2202567,0
10,177,S2415689,0
10,178,S2215453,0
10,179,S2246785,0
10,180,S2352825,0
10,181,S2202565,0
10,182,S2111062,0
10,183,S2203735,0
10,184,S2352827,0
10,185,S2406038,0
10,186,S2202564,0
10,187,S2420601,0
10,188,S2407940,0
10,189,S2343312,0
10,190,S2226370,0
10,191,S2511010,0
10,192,S2205207,0
10,193,S2420604,0
10,194,S2329756,0
10,195,S2509420,0
10,196,S2424258,0
10,197,S2015922,0
10,198,S2343311,0
10,199,S2328623,0
10,200,S2415690,0
10,201,S2211180,0
10,202,S2140144,0
10,203,S2412714,0
10,204,S2310080,0
10,205,S2405217,0
10,206,S2433341,0
10,207,S2310079,0
10,208,S2530991,0
10,209,S2311234,0
10,210,S2424250,0
10,211,S2224007,0
10,212,S2437882,0
10,213,S2415692,0
10,214,S2208362,0
10,215,S2214324,0
10,216,S2235315,0
10,217,S2141805,0
10,218,S2431862,0
10,219,S2133159,0
10,220,S2235319,1
10,221,S2220927,0
10,222,S2408480,0
10,223,S2313440,0
10,224,S2504721,0
10,225,S2151614,0
10,226,S2239522,0
10,227,S2320993,1
10,228,S2400070,0
10,229,S2426615,0
10,230,S2202568,0
10,231,S2513847,0
10,232,S2251247,0
10,233,S2312318,0
10,234,S2140147,0
10,235,S2210206,0
10,236,S2244729,0
10,237,S2306850,0
10,238,S2248988,0
10,239,S2227608,0
10,240,S2228788,0
10,241,S2216631,0
10,242,S2504719,0
10,243,S2132028,0
10,244,S2222063,0
10,245,S2245753,0
10,246,S2348398,0
10,247,S2154955,0
10,248,S2226376,0
10,249,S2237601,0
10,250,S2025604,0
10,251,S2501301,0
10,252,S2200310,0
10,253,S2222061,0
10,254,S2513846,0
10,255,S2214325,0
10,256,S2154963,0
10,257,S2231091,0
10,258,S2043434,0
10,259,S2135431,0
10,260,S2409928,0
10,261,S2332144,0
10,262,S2154957,0
10,263,S2300360,0
10,264,S2344461,0
10,265,S2409389,0
10,266,S2314588,0
10,267,S2135430,0
10,268,S2414954,0
10,269,S2207353,0
10,270,S2436454,0
10,271,S2236493,0
10,272,S2423618,0
10,273,S2408482,0
10,274,S2232192,0
10,275,S2350730,1
10,276,S2508630,0
10,277,S2234200,0
10,278,S2234199,0
10,279,S2524760,0
10,280,S2409391,0
10,281,S2150490,0
10,282,S2143765,0
10,283,S2150494,0
10,284,S2409390,0
10,285,S2156022,0
10,286,S2302643,0
10,287,S2129802,0
10,288,S2148220,0
10,289,S2300361,0
10,290,S2207349,0
10,291,S2417717,0
10,292,S2213275,0
10,293,S2327485,0
10,294,S2206288,0
10,295,S2310075,0
10,296,S2306015,0
10,297,S2505508,0
10,298,S2149396,0
10,299,S2209232,0
10,300,S2412725,0
10,301,S2511007,0
10,302,S2205211,0
10,303,S2143769,0
10,304,S2228789,0
10,305,S2148219,0
10,306,S2215454,0
10,307,S2408481,0
10,308,S2421430,0
10,309,S2243826,0
10,310,S2346543,0
10,311,S2411030,0
10,312,S2225226,0
10,313,S2140148,0
10,314,S2326330,0
10,315,S2114402,0
10,316,S2141808,0
10,317,S2210203,0
10,318,S2129801,0
10,319,S2330985,0
10,320,S2302644,0
10,321,S2531985,0
10,322,S2347457,0
10,323,S2144970,0
10,324,S2414955,0
10,325,S2422844,0
10,326,S2235318,0
10,327,S2133154,0
10,328,S2210207,0
10,329,S2527323,0
10,330,S2502090,0
10,331,S2102543,0
10,332,S2210202,0
10,333,S2144966,0
10,334,S2323107,0
10,335,S2412713,0
10,336,S2516970,0
10,337,S2241560,0
10,338,S2511006,0
10,339,S2203734,0
10,340,S2142821,0
10,341,S2136522,0
10,342,S2149393,0
10,343,S2332142,0
10,344,S2425034,0
10,345,S2342914,0
10,346,S2153833,0
10,347,S2424259,0
10,348,S2251252,0
10,349,S1940063,0
10,350,S2143764,0
10,351,S2434915,0
10,352,S2415070,0
10,353,S2503128,0
10,354,S2312320,0
10,355,S2216630,0
10,356,S2338786,0
10,357,S2316900,0
11,0,S2207349,0
11,1,S2140143,0
11,2,S2435852,0
11,3,S2312322,0
11,4,S2402484,0
11,5,S2300361,0
11,6,S2325143,0
11,7,S2142820,0
11,8,S2415692,0
11,9,S2416977,0
11,10,S2344462,0
11,11,S2315841,0
11,12,S2232191,0
11,13,S2528218,0
11,14,S2202564,0
11,15,S2424258,0
11,16,S2209237,0
11,17,S2222945,0
11,18,S2339820,0
11,19,S2511010,0
11,20,S2025604,0
11,21,S2505506,0
11,22,S2419850,0
11,23,S2304560,0
11,24,S2202568,0
11,25,S2346543,0
11,26,S2138905,0
11,27,S2413768,0
11,28,S2154959,0
11,29,S2426615,0
11,30,S2243826,0
11,31,S2102543,0
11,32,S2216629,0
11,33,S2509420,0
11,34,S2143767,0
11,35,S2200310,0
11,36,S2136522,0
11,37,S2205207,0
11,38,S2430053,0
11,39,S2214325,0
11,40,S2329754,0
11,41,S2206287,0
11,42,S2410458,0
11,43,S2156020,0
11,44,S2342914,0
11,45,S2326329,0
11,46,S2302643,0
11,47,S2207353,0
11,48,S2320992,0
11,49,S2140145,0
11,50,S2233279,0
11,51,S2521240,0
11,52,S2415070,0
11,53,S2434571,0
11,54,S2322861,0
11,55,S2409391,0
11,56,S2143769,0
11,57,S2420603,0
11,58,S2240726,0
11,59,S2208404,0
11,60,S2338783,0
11,61,S2343314,0
11,62,S2209229,0
11,63,S2133157,0
11,64,S2229537,0
11,65,S2352429,0
11,66,S2527323,0
11,67,S2326330,0
11,68,S2130900,0
11,69,S2150495,0
11,70,S2412061,0
11,71,S2408480,0
11,72,S2410451,0
11,73,S2405217,0
11,74,S2343311,0
11,75,S2241564,0
11,76,S2210202,0
11,77,S2207462,0
11,78,S2511007,0
11,79,S2508630,0
11,80,S2506966,0
11,81,S2334386,0
11,82,S2242499,0
11,83,S2143765,0
11,84,S2133162,0
11,85,S2426614,0
11,86,S2328623,0
11,87,S2513848,0
11,88,S2241562,0
11,89,S2338786,0
11,90,S2400070,0
11,91,S2148220,0
11,92,S2506960,0
11,93,S2531985,0
11,94,S2140148,0
11,95,S2409392,0
11,96,S2504721,0
11,97,S2402482,0
11,98,S2350730,1
11,99,S2408481,0
11,100,S2302644,0
11,101,S2236494,0
11,102,S2043434,0
11,103,S2434134,0
11,104,S2421430,0
11,105,S2254659,0
11,106,S2207350,0
11,107,S2336496,0
11,108,S2153833,0
11,109,S2200309,0
11,110,S2520404,0
11,111,S2210200,0
11,112,S2144966,0
11,113,S2133154,0
11,114,S2334411,0
11,115,S2156022,0
11,116,S2313440,0
11,117,S2419119,0
11,118,S2327690,0
11,119,S2216631,0
11,120,S2215453,0
11,121,S2150490,0
11,122,S2245753,0
11,123,S2407940,0
11,124,S2323112,0
11,125,S2149394,0
11,126,S2424250,0
11,127,S2151614,0
11,128,S2311234,0
11,129,S2142821,0
11,130,S2234200,0
11,131,S2252333,0
11,132,S2236493,0
11,133,S2216605,0
11,134,S2251247,0
11,135,S2352825,0
11,136,S2235318,0
11,137,S2412725,0
11,138,S2300360,0
11,139,S2424255,0
11,140,S2300331,0
11,141,S2352827,0
11,142,S2140144,0
11,143,S2225225,0
11,144,S2533022,0
11,145,S2503127,0
11,146,S2412713,0
11,147,S2229969,0
11,148,S2318956,1
11,149,S2209232,0
11,150,S2320993,1
11,151,S2154958,0
11,152,S2141806,0
11,153,S2503128,0
11,154,S2434133,0
11,155,S2210204,0
11,156,S2227604,0
11,157,S2144970,0
11,158,S2436454,0
11,159,S2248988,0
11,160,S2414955,0
11,161,S2143764,0
11,162,S2515598,0
11,163,S2524777,0
11,164,S2504719,0
11,165,S2406754,0
11,166,S2133159,0
11,167,S2330983,0
11,168,S2419848,0
11,169,S1818746,1
11,170,S2222063,0
11,171,S2311236,0
11,172,S2129802,0
11,173,S2511008,0
11,174,S2327485,0
11,175,S2213274,0
11,176,S2437882,0
11,177,S2251252,0
11,178,S2306847,0
11,179,S2429063,0
11,180,S2413769,0
11,181,S2253529,0
11,182,S2501301,0
11,183,S2150494,0
11,184,S2228787,0
11,185,S2411029,0
11,186,S2352826,0
11,187,S2407941,0
11,188,S2149393,0
11,189,S2346179,0
11,190,S2343312,0
11,191,S2148219,0
11,192,S2147205,0
11,193,S2312318,0
11,194,S2431862,0
11,195,S2314591,0
11,196,S2516971,0
11,197,S2505508,0
11,198,S2227621,0
11,199,S2408482,0
11,200,S2431866,0
11,201,S2144972,0
11,202,S2210199,0
11,203,S2505507,0
11,204,S2210207,0
11,205,S2310080,0
11,206,S2404885,0
11,207,S2506967,0
11,208,S2135429,0
11,209,S2424259,0
11,210,S2406264,0
11,211,S2530991,0
11,212,S2111062,0
11,213,S2108730,0
11,214,S2330985,0
11,215,S2130897,0
11,216,S2347457,0
11,217,S2306850,0
11,218,S2244729,0
11,219,S2414954,0
11,220,S2306015,0
11,221,S2210206,0
11,222,S2205211,0
11,223,S2323107,0
11,224,S2423618,0
11,225,S2149396,0
11,226,S2237601,0
11,227,S2413342,0
11,228,S2315844,0
11,229,S2222061,0
11,230,S2241560,0
11,231,S2417717,0
11,232,S2425034,0
11,233,S2235319,1
11,234,S2332144,0
11,235,S1940316,1
11,236,S2409928,0
11,237,S2248983,0
11,238,S2226376,0
11,239,S2028919,0
11,240,S2422844,0
11,241,S2143766,0
11,242,S2154963,0
11,243,S2516970,0
11,244,S2227608,0
11,245,S2323108,0
11,246,S2320991,0
11,247,S2312320,0
11,248,S2314588,0
11,249,S2220918,0
11,250,S2144969,0
11,251,S2214324,0
11,252,S2015922,0
11,253,S2209234,0
11,254,S2201380,0
11,255,S2239522,0
11,256,S2202567,0
11,257,S2410460,0
11,258,S2351751,0
11,259,S2202565,0
11,260,S2208362,0
11,261,S2308045,0
11,262,S2508631,0
11,263,S2422845,0
11,264,S2325142,0
11,265,S2513847,0
11,266,S2329756,0
11,267,S2209230,0
11,268,S2228789,0
11,269,S2141808,0
11,270,S2141805,0
11,271,S2210205,0
11,272,S2530985,0
11,273,S2135431,0
11,274,S2415689,0
11,275,S2535840,0
11,276,S2433341,0
11,277,S2332143,0
11,278,S2114402,0
11,279,S2206288,0
11,280,S2311238,0
11,281,S2334388,0
11,282,S2407939,0
11,283,S2132028,0
11,284,S2154957,0
11,285,S2513846,0
11,286,S2330982,0
11,287,S2247859,0
11,288,S2129801,0
11,289,S2429062,0
11,290,S2326332,0
11,291,S2409389,0
11,292,S2228790,0
11,293,S2246785,0
11,294,S2226370,0
11,295,S2531989,0
11,296,S2144967,0
11,297,S2135430,0
11,298,S1940063,0
11,299,S2133158,0
11,300,S2215454,0
11,301,S2129803,0
11,302,S2415690,0
11,303,S2403702,0
11,304,S2210203,0
11,305,S2216630,0
11,306,S2028921,0
11,307,S2154955,0
11,308,S2336494,0
11,309,S2247860,1
11,310,S2203734,0
11,311,S2421437,0
11,312,S2214326,0
11,313,S2332142,0
11,314,S2224007,0
11,315,S2304561,0
11,316,S2237603,0
11,317,S2433346,0
11,318,S2313436,0
11,319,S2330986,0
11,320,S2344458,0
11,321,S2231091,0
11,322,S2222062,0
11,323,S2203737,0
11,324,S2140147,0
11,325,S2316900,0
11,326,S2240724,0
11,327,S2409390,0
11,328,S2344461,0
11,329,S2502090,0
11,330,S2420604,0
11,331,S2219753,0
11,332,S2530063,0
11,333,S2524760,0
11,334,S2235315,0
11,335,S2228788,0
11,336,S2203735,0
11,337,S2307080,0
11,338,S2420601,0
11,339,S2225226,0
11,340,S2220927,0
11,341,S2232192,0
11,342,S2211180,0
11,343,S2412714,0
11,344,S2234199,0
11,345,S2310075,0
11,346,S2511006,0
11,347,S2501300,0
11,348,S2330984,0
11,349,S2411030,0
11,350,S2406038,0
11,351,S2348398,0
11,352,S2149398,0
11,353,S2239523,0
11,354,S2310079,0
11,355,S2434915,0
11,356,S2213275,0
11,357,S2119964,0
