event_id,case_id,label,probability,fold
S1919367,patient_716d0609504bd61c,1,0.9900861382484436,1
S2015087,patient_12246dc5c38ef515,0,1.9052886273129843e-05,1
S2129802,patient_0cf9d90c530cbd0b,0,1.688048456571778e-07,1
S2132028,patient_61128f527d32178f,0,0.0056504723615944386,1
S2135430,patient_005b214a5e658965,0,0.00016918088658712804,1
S2135431,patient_0cf9d90c530cbd0b,0,0.0002123051817761734,1
S2140143,patient_b2bad17607c44f10,0,0.006246088072657585,1
S2141805,patient_0cf9d90c530cbd0b,0,0.0005472098127938807,1
S2141806,patient_7d29fcd258114554,0,1.961128418770386e-06,1
S2141808,patient_fee157011de45399,0,1.2872935712948674e-06,1
S2143765,patient_0e7d27760a108f4e,0,0.0006647678092122078,1
S2143766,patient_dd7e0e39c92e25b4,0,4.426612940733321e-05,1
S2143769,patient_7d29fcd258114554,0,0.007550594862550497,1
S2144966,patient_61128f527d32178f,0,0.00015672719746362418,1
S2148220,patient_fee157011de45399,0,1.1880865713465028e-05,1
S2149393,patient_b824bfb064fb2de4,0,8.839473593980074e-06,1
S2149394,patient_0cf9d90c530cbd0b,0,0.03970474377274513,1
S2149396,patient_7d29fcd258114554,0,0.00017161636787932366,1
S2149398,patient_005b214a5e658965,0,0.00014246634964365512,1
S2150494,patient_dd7e0e39c92e25b4,0,0.00014612330414820462,1
S2151614,patient_8a989ce38f711fa1,0,5.0809885578928515e-06,1
S2154955,patient_fee157011de45399,0,2.807815144478809e-05,1
S2154957,patient_7d29fcd258114554,0,0.00012851662177126855,1
S2154958,patient_8a989ce38f711fa1,0,2.086156882796786e-06,1
S2154963,patient_dd7e0e39c92e25b4,0,0.004255536012351513,1
S2156022,patient_0cf9d90c530cbd0b,0,0.0038970764726400375,1
S2200310,patient_b824bfb064fb2de4,0,0.30218076705932617,1
S2202568,patient_8a989ce38f711fa1,0,0.002042469335719943,1
S2203734,patient_7d29fcd258114554,0,0.0007741780718788505,1
S2203735,patient_dd7e0e39c92e25b4,0,0.00027178769232705235,1
S2205207,patient_fee157011de45399,0,0.00030385100399143994,1
S2206287,patient_b824bfb064fb2de4,0,0.022068465128540993,1
S2207350,patient_8a989ce38f711fa1,0,8.621406595921144e-05,1
S2208362,patient_441646021a546773,0,0.00023187114857137203,1
S2210199,patient_0cf9d90c530cbd0b,0,0.0012252191081643105,1
S2210200,patient_dd7e0e39c92e25b4,0,0.0002285123337060213,1
S2210202,patient_b824bfb064fb2de4,0,0.0012989856768399477,1
S2210203,patient_7d29fcd258114554,0,0.00035610850318334997,1
S2210206,patient_441646021a546773,0,0.0002822360838763416,1
S2213274,patient_8a989ce38f711fa1,0,0.0001702445442788303,1
S2214325,patient_fee157011de45399,0,0.00010561270028119907,1
S2215454,patient_441646021a546773,0,0.00018730384181253612,1
S2216631,patient_b824bfb064fb2de4,0,7.506179827032611e-05,1
S2219753,patient_441646021a546773,0,0.0031071247067302465,1
S2222061,patient_228507d0242d624c,0,3.599852789193392e-05,1
S2222062,patient_8a989ce38f711fa1,0,6.315284554148093e-05,1
S2224007,patient_0cf9d90c530cbd0b,0,0.00011347964027663693,1
S2225225,patient_228507d0242d624c,0,6.183689401950687e-05,1
S2226370,patient_441646021a546773,0,0.0028059205505996943,1
S2226376,patient_fee157011de45399,0,0.00014558093971572816,1
S2228790,patient_e9984333ac68159c,0,0.00013895337178837508,1
S2229969,patient_dd7e0e39c92e25b4,0,0.1476885825395584,1
S2232191,patient_e9984333ac68159c,0,1.50117529074123e-07,1
S2232192,patient_228507d0242d624c,0,0.00017431248852517456,1
S2234200,patient_8a989ce38f711fa1,0,0.00016715105448383838,1
S2235315,patient_441646021a546773,0,5.693765706382692e-05,1
S2236493,patient_e9984333ac68159c,0,0.0004923837259411812,1
S2237603,patient_572b285c8223738a,0,5.9722879086621106e-05,1
S2239522,patient_7d29fcd258114554,0,1.7390085531587829e-06,1
S2239523,patient_fee157011de45399,0,0.0010691273491829634,1
S2240724,patient_dd7e0e39c92e25b4,0,0.00011164328316226602,1
S2241562,patient_228507d0242d624c,0,8.304778020828962e-05,1
S2247859,patient_e9984333ac68159c,0,0.00030343246180564165,1
S2247860,patient_228507d0242d624c,1,0.0769413560628891,1
S2248983,patient_8a989ce38f711fa1,0,3.325393845443614e-05,1
S2248988,patient_441646021a546773,0,9.560061153024435e-05,1
S2250149,patient_93ac78fffd137473,0,2.0756635876750806e-07,1
S2252333,patient_228507d0242d624c,0,7.365403143921867e-05,1
S2306847,patient_228507d0242d624c,0,0.20748764276504517,1
S2306850,patient_441646021a546773,0,5.409933510236442e-05,1
S2313440,patient_e9984333ac68159c,0,0.021467937156558037,1
S2320992,patient_71a52624c9074da6,0,0.00040523873758502305,1
S2320993,patient_228507d0242d624c,1,0.8219005465507507,1
S2322861,patient_441646021a546773,0,6.24139090632525e-07,1
S2323108,patient_6d8c27caf7586f64,0,0.0010847970843315125,1
S2325142,patient_71a52624c9074da6,0,0.00016765833424869925,1
S2326332,patient_6d8c27caf7586f64,0,5.397187585742813e-09,1
S2329753,patient_93ac78fffd137473,0,9.405006130691618e-05,1
S2330982,patient_6d8c27caf7586f64,0,0.00040829917998053133,1
S2330984,patient_dd2e6df63e5c36b4,0,6.221521471161395e-05,1
S2330985,patient_71a52624c9074da6,0,6.882139132358134e-05,1
S2334384,patient_5ad31502c2708b1a,0,6.16779834672343e-06,1
S2334388,patient_dd2e6df63e5c36b4,0,8.578408596804366e-07,1
S2336494,patient_71a52624c9074da6,0,0.008405495434999466,1
S2338781,patient_5ad31502c2708b1a,0,8.660677121952176e-05,1
S2338783,patient_dd2e6df63e5c36b4,0,1.0412566808781776e-07,1
S2342677,patient_5ad31502c2708b1a,0,7.968395220814273e-05,1
S2343311,patient_dd2e6df63e5c36b4,0,6.29564092378132e-05,1
S2344458,patient_71a52624c9074da6,0,0.00022642896510660648,1
S2352827,patient_71a52624c9074da6,0,7.971571903908625e-05,1
S2407940,patient_dd2e6df63e5c36b4,0,0.00028757701511494815,1
S2415689,patient_4ab30837cfd3692a,0,5.7271914556622505e-05,1
S2416977,patient_1db7fb03763dab37,0,1.1680904208333232e-06,1
S2417717,patient_4ab30837cfd3692a,0,1.056629344020621e-06,1
S2420601,patient_1db7fb03763dab37,0,2.768022682175797e-07,1
S2421430,patient_dd2e6df63e5c36b4,0,5.757769486081088e-06,1
S2423618,patient_1db7fb03763dab37,0,6.21721483184956e-05,1
S2429063,patient_1db7fb03763dab37,0,3.592956772990874e-06,1
S2433341,patient_1db7fb03763dab37,0,2.4032215151237324e-07,1
S2433346,patient_4ab30837cfd3692a,0,2.788317488011671e-07,1
S2435852,patient_3a8355eba1c06de9,0,2.687192193207011e-07,1
S2505506,patient_4ab30837cfd3692a,0,0.0014560965355485678,1
S2513847,patient_1db7fb03763dab37,0,4.863061985815875e-05,1
S2521239,patient_6e852ae1e67cc6a5,0,6.895330443512648e-05,1
S2522994,patient_6e852ae1e67cc6a5,0,4.165497739450075e-05,1
S2524777,patient_a73e0921802886c1,0,3.5862199183611665e-06,1
S2526362,patient_6e852ae1e67cc6a5,0,2.5077931695705047e-06,1
S2530049,patient_6e852ae1e67cc6a5,0,0.0003128558455500752,1
S2530985,patient_9665aa8b62656cf9,0,6.619250780204311e-05,1
S2531985,patient_9665aa8b62656cf9,0,0.00011876034113811329,1
